/*******************************************************************************
 * Size: 24 px
 * Bpp: 4
 * Opts: --font C:\Windows\Fonts\simhei.ttf --size 24 --format lvgl --bpp 4 --no-compress --range 0x20-0x7F --symbols （），、：「」→·☀败班办保备本闭标并步藏查差常称成程持出除春从存打大待单旦当党到的等点定动度端多儿二发返方分风妇附复刚更工功关国还汉和红后候滑换恢回会击即记纪加假间检建键将降教接节结截今仅近军开看可框蓝劳雷类历连六碌络码忙没密描名明内年念女拼期其气前切青清情晴请庆秋取全确人认任日容如入三扫色删上尚稍设生剩失师湿时实事试殊输束树四速他态特天添同童完网为未文无五午武务雾息下先现详项消宵小校新星行型休续选雪要也页一已议音隐用有于余雨元月云再在暂择增阵整正支知直植止置中钟重主注状自字最作来宁七咸 --output .\WuhanDeskPanel\ui_font_cn_24.c --force-fast-kern-format --lv-include lvgl.h --lv-fallback ui_font_cn_16
 ******************************************************************************/

#ifdef LV_LVGL_H_INCLUDE_SIMPLE
#include "lvgl.h"
#else
#include "lvgl.h"
#endif

#ifndef UI_FONT_CN_24
#define UI_FONT_CN_24 1
#endif

#if UI_FONT_CN_24

/*-----------------
 *    BITMAPS
 *----------------*/

/*Store the image of the glyphs*/
static LV_ATTRIBUTE_LARGE_CONST const uint8_t glyph_bitmap[] = {
    /* U+0020 " " */

    /* U+0021 "!" */
    0x7f, 0xf1, 0x6f, 0xf0, 0x5f, 0xf0, 0x5f, 0xf0,
    0x4f, 0xe0, 0x3f, 0xd0, 0x2f, 0xc0, 0x1f, 0xb0,
    0xf, 0xa0, 0xf, 0x90, 0xf, 0x90, 0xe, 0x80,
    0x4, 0x20, 0x0, 0x0, 0x5a, 0xa1, 0x8f, 0xf2,
    0x8f, 0xf2,

    /* U+0022 "\"" */
    0xff, 0x23, 0xfe, 0xdf, 0x1, 0xfc, 0xcd, 0x0,
    0xf9, 0xcc, 0x0, 0xf8, 0x99, 0x0, 0xc6,

    /* U+0023 "#" */
    0x0, 0x3, 0xf4, 0x0, 0xad, 0x0, 0x0, 0x5,
    0xf2, 0x0, 0xcb, 0x0, 0x0, 0x7, 0xf0, 0x0,
    0xe9, 0x0, 0x0, 0x9, 0xe0, 0x0, 0xf7, 0x0,
    0x6c, 0xce, 0xfc, 0xcc, 0xfd, 0xc3, 0x8f, 0xff,
    0xff, 0xff, 0xff, 0xf4, 0x0, 0xf, 0x80, 0x6,
    0xf1, 0x0, 0x0, 0x1f, 0x60, 0x8, 0xf0, 0x0,
    0x0, 0x4f, 0x30, 0xa, 0xd0, 0x0, 0x0, 0x6f,
    0x10, 0xc, 0xb0, 0x0, 0x8f, 0xff, 0xff, 0xff,
    0xff, 0xf4, 0x6c, 0xef, 0xcc, 0xcf, 0xdc, 0xc3,
    0x0, 0xcb, 0x0, 0x2f, 0x50, 0x0, 0x0, 0xe9,
    0x0, 0x4f, 0x30, 0x0, 0x0, 0xf7, 0x0, 0x6f,
    0x10, 0x0, 0x2, 0xf5, 0x0, 0x8f, 0x0, 0x0,

    /* U+0024 "$" */
    0x0, 0x0, 0xd7, 0x0, 0x0, 0x0, 0x0, 0xd7,
    0x0, 0x0, 0x0, 0x6d, 0xff, 0xd4, 0x0, 0x8,
    0xfe, 0xfe, 0xff, 0x20, 0x2f, 0xe1, 0xd7, 0x8f,
    0xa0, 0x5f, 0x90, 0xd7, 0x1f, 0xe0, 0x5f, 0xa0,
    0xd7, 0x5, 0x40, 0x1f, 0xf5, 0xd7, 0x0, 0x0,
    0x7, 0xff, 0xf7, 0x0, 0x0, 0x0, 0x5e, 0xff,
    0x80, 0x0, 0x0, 0x0, 0xef, 0xfc, 0x10, 0x0,
    0x0, 0xd9, 0xdf, 0xb0, 0x23, 0x10, 0xd7, 0x3f,
    0xf1, 0xbf, 0x60, 0xd7, 0xe, 0xf3, 0x9f, 0x80,
    0xd7, 0xe, 0xf1, 0x5f, 0xe1, 0xd7, 0x5f, 0xd0,
    0xb, 0xfe, 0xfe, 0xff, 0x50, 0x0, 0x9e, 0xff,
    0xc4, 0x0, 0x0, 0x0, 0xd7, 0x0, 0x0, 0x0,
    0x0, 0xd7, 0x0, 0x0, 0x0, 0x0, 0x63, 0x0,
    0x0,

    /* U+0025 "%" */
    0x0, 0x0, 0x0, 0x0, 0x0, 0x0, 0x5, 0xed,
    0x30, 0x0, 0x3a, 0x0, 0x1f, 0xac, 0xd0, 0x0,
    0xa3, 0x0, 0x5f, 0x25, 0xf2, 0x2, 0xb0, 0x0,
    0x6f, 0x14, 0xf3, 0x9, 0x40, 0x0, 0x6f, 0x14,
    0xf3, 0x1c, 0x0, 0x0, 0x5f, 0x14, 0xf2, 0x76,
    0x0, 0x0, 0x2f, 0x69, 0xf0, 0xd0, 0x0, 0x0,
    0x9, 0xff, 0x66, 0x70, 0x0, 0x0, 0x0, 0x22,
    0xc, 0x18, 0xfe, 0x30, 0x0, 0x0, 0x49, 0x3f,
    0x8c, 0xd0, 0x0, 0x0, 0xb2, 0x7f, 0x6, 0xf0,
    0x0, 0x3, 0xa0, 0x8f, 0x5, 0xf2, 0x0, 0xa,
    0x30, 0x8f, 0x5, 0xf2, 0x0, 0x2b, 0x0, 0x6f,
    0x6, 0xf0, 0x0, 0x94, 0x0, 0x2f, 0x9c, 0xc0,
    0x0, 0xb0, 0x0, 0x6, 0xec, 0x20,

    /* U+0026 "&" */
    0x0, 0x3, 0xcf, 0xd5, 0x0, 0x0, 0x0, 0x2f,
    0xfb, 0xff, 0x20, 0x0, 0x0, 0x9f, 0x40, 0x5f,
    0x70, 0x0, 0x0, 0xbf, 0x10, 0x5f, 0x70, 0x0,
    0x0, 0xaf, 0x20, 0x9f, 0x40, 0x0, 0x0, 0x6f,
    0x75, 0xfb, 0x0, 0x0, 0x0, 0x1f, 0xff, 0xb0,
    0x0, 0x0, 0x0, 0x1e, 0xfa, 0x0, 0x0, 0x0,
    0x2, 0xee, 0xfe, 0x0, 0x2, 0x10, 0xd, 0xf2,
    0x9f, 0x90, 0x3f, 0x90, 0x4f, 0xa0, 0xd, 0xf6,
    0x5f, 0x80, 0x6f, 0x80, 0x2, 0xff, 0xcf, 0x40,
    0x5f, 0xb0, 0x0, 0x4f, 0xfe, 0x0, 0x1f, 0xf5,
    0x0, 0x1d, 0xff, 0x91, 0x7, 0xff, 0xcb, 0xef,
    0xbe, 0xf3, 0x0, 0x4b, 0xff, 0xc5, 0x2, 0x80,

    /* U+0027 "'" */
    0xdf, 0x4b, 0xf2, 0xaf, 0xa, 0xe0, 0x7a, 0x0,

    /* U+0028 "(" */
    0x0, 0x0, 0x2, 0x0, 0x0, 0xc, 0xe0, 0x0,
    0xa, 0xf3, 0x0, 0x5, 0xf5, 0x0, 0x1, 0xea,
    0x0, 0x0, 0x7f, 0x10, 0x0, 0xe, 0x90, 0x0,
    0x3, 0xf4, 0x0, 0x0, 0x6f, 0x0, 0x0, 0x8,
    0xe0, 0x0, 0x0, 0x8d, 0x0, 0x0, 0x8, 0xe0,
    0x0, 0x0, 0x7f, 0x0, 0x0, 0x4, 0xf2, 0x0,
    0x0, 0xf, 0x70, 0x0, 0x0, 0xad, 0x0, 0x0,
    0x3, 0xf6, 0x0, 0x0, 0x9, 0xf2, 0x0, 0x0,
    0xd, 0xd1, 0x0, 0x0, 0x2e, 0xd0, 0x0, 0x0,
    0x35, 0x0,

    /* U+0029 ")" */
    0x3, 0x0, 0x0, 0x3, 0xf8, 0x0, 0x0, 0x8,
    0xf5, 0x0, 0x0, 0xa, 0xf2, 0x0, 0x0, 0xe,
    0xb0, 0x0, 0x0, 0x5f, 0x30, 0x0, 0x0, 0xe9,
    0x0, 0x0, 0x8, 0xe0, 0x0, 0x0, 0x5f, 0x10,
    0x0, 0x3, 0xf3, 0x0, 0x0, 0x2f, 0x40, 0x0,
    0x2, 0xf3, 0x0, 0x0, 0x4f, 0x20, 0x0, 0x7,
    0xf0, 0x0, 0x0, 0xcb, 0x0, 0x0, 0x2f, 0x50,
    0x0, 0xb, 0xe0, 0x0, 0x6, 0xf5, 0x0, 0x3,
    0xf9, 0x0, 0x2, 0xfc, 0x0, 0x0, 0x7, 0x0,
    0x0, 0x0,

    /* U+002A "*" */
    0x0, 0x0, 0xe, 0xe0, 0x0, 0x0, 0x0, 0x0,
    0xe, 0xd0, 0x0, 0x0, 0xb, 0x40, 0xd, 0xd0,
    0x4, 0xb0, 0x4f, 0xfa, 0x1c, 0xc1, 0xaf, 0xf4,
    0x3, 0xbf, 0xee, 0xee, 0xfb, 0x30, 0x0, 0x3,
    0xdf, 0xfd, 0x30, 0x0, 0x0, 0x4c, 0xff, 0xff,
    0xc4, 0x0, 0x2c, 0xff, 0x7c, 0xc7, 0xff, 0xc2,
    0x2f, 0xb2, 0xd, 0xc0, 0x2b, 0xf2, 0x3, 0x0,
    0xd, 0xd0, 0x0, 0x30, 0x0, 0x0, 0xe, 0xe0,
    0x0, 0x0, 0x0, 0x0, 0xa, 0xa0, 0x0, 0x0,

    /* U+002B "+" */
    0x0, 0x0, 0x7, 0x50, 0x0, 0x0, 0x0, 0x0,
    0xf, 0xa0, 0x0, 0x0, 0x0, 0x0, 0xf, 0xa0,
    0x0, 0x0, 0x0, 0x0, 0xf, 0xa0, 0x0, 0x0,
    0x12, 0x22, 0x2f, 0xb2, 0x22, 0x20, 0x8f, 0xff,
    0xff, 0xff, 0xff, 0xf4, 0x25, 0x55, 0x5f, 0xc5,
    0x55, 0x51, 0x0, 0x0, 0xf, 0xa0, 0x0, 0x0,
    0x0, 0x0, 0xf, 0xa0, 0x0, 0x0, 0x0, 0x0,
    0xf, 0xa0, 0x0, 0x0, 0x0, 0x0, 0xf, 0xa0,
    0x0, 0x0,

    /* U+002C "," */
    0x0, 0x0, 0xf, 0xf2, 0xf, 0xf2, 0x4, 0xd0,
    0xa, 0x60, 0x7, 0x0,

    /* U+002D "-" */
    0x12, 0x22, 0x22, 0x22, 0x22, 0x20, 0x8f, 0xff,
    0xff, 0xff, 0xff, 0xf2, 0x25, 0x55, 0x55, 0x55,
    0x55, 0x50,

    /* U+002E "." */
    0x0, 0x0, 0x2f, 0xf0, 0x2f, 0xf0,

    /* U+002F "/" */
    0x0, 0x0, 0x0, 0x0, 0x0, 0x20, 0x0, 0x0,
    0x0, 0x0, 0x3, 0xf1, 0x0, 0x0, 0x0, 0x0,
    0xc, 0x70, 0x0, 0x0, 0x0, 0x0, 0x5e, 0x0,
    0x0, 0x0, 0x0, 0x0, 0xd5, 0x0, 0x0, 0x0,
    0x0, 0x7, 0xc0, 0x0, 0x0, 0x0, 0x0, 0x1f,
    0x30, 0x0, 0x0, 0x0, 0x0, 0x9a, 0x0, 0x0,
    0x0, 0x0, 0x2, 0xf1, 0x0, 0x0, 0x0, 0x0,
    0xb, 0x80, 0x0, 0x0, 0x0, 0x0, 0x4e, 0x0,
    0x0, 0x0, 0x0, 0x0, 0xd5, 0x0, 0x0, 0x0,
    0x0, 0x7, 0xc0, 0x0, 0x0, 0x0, 0x0, 0x1e,
    0x30, 0x0, 0x0, 0x0, 0x0, 0x9a, 0x0, 0x0,
    0x0, 0x0, 0x2, 0xf2, 0x0, 0x0, 0x0, 0x0,
    0xb, 0x80, 0x0, 0x0, 0x0, 0x0, 0x4e, 0x0,
    0x0, 0x0, 0x0, 0x0, 0x24, 0x0, 0x0, 0x0,
    0x0, 0x0,

    /* U+0030 "0" */
    0x0, 0x3, 0xbe, 0xfa, 0x10, 0x0, 0x4, 0xff,
    0xdd, 0xfe, 0x10, 0x1, 0xef, 0x60, 0x7, 0xfa,
    0x0, 0x8f, 0xa0, 0x0, 0xd, 0xf1, 0xd, 0xf3,
    0x0, 0x0, 0x7f, 0x60, 0xff, 0x0, 0x0, 0x4,
    0xf9, 0x1f, 0xd0, 0x0, 0x0, 0x2f, 0xb2, 0xfc,
    0x0, 0x0, 0x1, 0xfb, 0x2f, 0xb0, 0x0, 0x0,
    0x1f, 0xb2, 0xfc, 0x0, 0x0, 0x2, 0xfb, 0xf,
    0xe0, 0x0, 0x0, 0x3f, 0x90, 0xdf, 0x10, 0x0,
    0x6, 0xf7, 0x8, 0xf7, 0x0, 0x0, 0xbf, 0x30,
    0x2f, 0xf2, 0x0, 0x4f, 0xd0, 0x0, 0x7f, 0xf9,
    0xaf, 0xf3, 0x0, 0x0, 0x6e, 0xff, 0xe4, 0x0,
    0x0, 0x0, 0x3, 0x30, 0x0, 0x0,

    /* U+0031 "1" */
    0x0, 0x6, 0xf2, 0x0, 0x4f, 0xf2, 0x5, 0xff,
    0xf2, 0x8f, 0xcd, 0xf2, 0xd9, 0xc, 0xf2, 0x20,
    0xc, 0xf2, 0x0, 0xc, 0xf2, 0x0, 0xc, 0xf2,
    0x0, 0xc, 0xf2, 0x0, 0xc, 0xf2, 0x0, 0xc,
    0xf2, 0x0, 0xc, 0xf2, 0x0, 0xc, 0xf2, 0x0,
    0xc, 0xf2, 0x0, 0xc, 0xf2, 0x0, 0xc, 0xf2,

    /* U+0032 "2" */
    0x0, 0x0, 0x0, 0x0, 0x0, 0x0, 0x0, 0x7d,
    0xff, 0xd5, 0x0, 0x0, 0xcf, 0xfc, 0xcf, 0xf7,
    0x0, 0x8f, 0xc2, 0x0, 0x4f, 0xf1, 0xf, 0xe1,
    0x0, 0x0, 0xbf, 0x50, 0x33, 0x0, 0x0, 0xa,
    0xf5, 0x0, 0x0, 0x0, 0x0, 0xef, 0x20, 0x0,
    0x0, 0x0, 0x5f, 0xc0, 0x0, 0x0, 0x0, 0xd,
    0xf4, 0x0, 0x0, 0x0, 0x9, 0xf9, 0x0, 0x0,
    0x0, 0x6, 0xfd, 0x0, 0x0, 0x0, 0x3, 0xff,
    0x20, 0x0, 0x0, 0x1, 0xef, 0x40, 0x0, 0x0,
    0x1, 0xdf, 0x60, 0x0, 0x0, 0x1, 0xdf, 0x90,
    0x0, 0x0, 0x0, 0x9f, 0xfa, 0xaa, 0xaa, 0xa6,
    0xd, 0xff, 0xff, 0xff, 0xff, 0x90,

    /* U+0033 "3" */
    0x0, 0x0, 0x2, 0x20, 0x0, 0x0, 0x0, 0x7e,
    0xff, 0xf9, 0x0, 0x0, 0x9f, 0xc7, 0x7e, 0xfb,
    0x0, 0x3f, 0xb0, 0x0, 0x1e, 0xf2, 0xa, 0xf1,
    0x0, 0x0, 0x9f, 0x50, 0x1, 0x0, 0x0, 0xa,
    0xf3, 0x0, 0x0, 0x0, 0x2, 0xfe, 0x0, 0x0,
    0x0, 0x48, 0xef, 0x30, 0x0, 0x0, 0x3f, 0xff,
    0x70, 0x0, 0x0, 0x0, 0x27, 0xef, 0x90, 0x0,
    0x0, 0x0, 0x1, 0xef, 0x30, 0x0, 0x0, 0x0,
    0x8, 0xf8, 0x5, 0x50, 0x0, 0x0, 0x6f, 0x80,
    0xdf, 0x20, 0x0, 0xa, 0xf6, 0x7, 0xfd, 0x20,
    0x5, 0xff, 0x10, 0xb, 0xff, 0xdd, 0xff, 0x50,
    0x0, 0x7, 0xdf, 0xea, 0x20, 0x0,

    /* U+0034 "4" */
    0x0, 0x0, 0x0, 0x7, 0xf4, 0x0, 0x0, 0x0,
    0x0, 0x2f, 0xf4, 0x0, 0x0, 0x0, 0x0, 0xdf,
    0xf4, 0x0, 0x0, 0x0, 0x8, 0xfe, 0xf4, 0x0,
    0x0, 0x0, 0x3f, 0xd8, 0xf4, 0x0, 0x0, 0x0,
    0xdf, 0x28, 0xf4, 0x0, 0x0, 0x9, 0xf6, 0x8,
    0xf4, 0x0, 0x0, 0x4f, 0xb0, 0x8, 0xf4, 0x0,
    0x1, 0xee, 0x10, 0x8, 0xf4, 0x0, 0xa, 0xf5,
    0x0, 0x8, 0xf4, 0x0, 0x6f, 0x90, 0x0, 0x8,
    0xf4, 0x0, 0xbf, 0xff, 0xff, 0xff, 0xff, 0xf8,
    0x69, 0x99, 0x99, 0x9c, 0xfb, 0x94, 0x0, 0x0,
    0x0, 0x8, 0xf4, 0x0, 0x0, 0x0, 0x0, 0x8,
    0xf4, 0x0, 0x0, 0x0, 0x0, 0x8, 0xf4, 0x0,

    /* U+0035 "5" */
    0x0, 0x7f, 0xff, 0xff, 0xff, 0x0, 0xb, 0xfa,
    0xaa, 0xaa, 0xa0, 0x0, 0xed, 0x0, 0x0, 0x0,
    0x0, 0x2f, 0xa0, 0x0, 0x0, 0x0, 0x5, 0xf6,
    0x0, 0x0, 0x0, 0x0, 0x9f, 0xad, 0xfe, 0xa3,
    0x0, 0xc, 0xff, 0xdb, 0xdf, 0xf5, 0x0, 0xfe,
    0x30, 0x0, 0x7f, 0xe0, 0x0, 0x0, 0x0, 0x0,
    0xbf, 0x60, 0x0, 0x0, 0x0, 0x6, 0xf9, 0x0,
    0x0, 0x0, 0x0, 0x5f, 0xa3, 0x82, 0x0, 0x0,
    0x8, 0xf8, 0x6f, 0x80, 0x0, 0x0, 0xdf, 0x41,
    0xff, 0x50, 0x1, 0xbf, 0xc0, 0x6, 0xff, 0xee,
    0xff, 0xd2, 0x0, 0x4, 0xbf, 0xfc, 0x70, 0x0,

    /* U+0036 "6" */
    0x0, 0x0, 0x0, 0xcf, 0x60, 0x0, 0x0, 0x0,
    0x6, 0xfb, 0x0, 0x0, 0x0, 0x0, 0x2f, 0xf2,
    0x0, 0x0, 0x0, 0x0, 0xbf, 0x60, 0x0, 0x0,
    0x0, 0x6, 0xfc, 0x0, 0x0, 0x0, 0x0, 0x1f,
    0xf4, 0x32, 0x0, 0x0, 0x0, 0xaf, 0xff, 0xff,
    0xe4, 0x0, 0x3, 0xff, 0xb5, 0x59, 0xff, 0x50,
    0xa, 0xfa, 0x0, 0x0, 0x3f, 0xe0, 0xf, 0xf2,
    0x0, 0x0, 0xc, 0xf4, 0xf, 0xf0, 0x0, 0x0,
    0xa, 0xf5, 0xf, 0xf0, 0x0, 0x0, 0xb, 0xf5,
    0xc, 0xf4, 0x0, 0x0, 0xe, 0xf1, 0x6, 0xfd,
    0x20, 0x1, 0xaf, 0xa0, 0x0, 0xaf, 0xfc, 0xbe,
    0xfe, 0x10, 0x0, 0x5, 0xbe, 0xfd, 0x91, 0x0,

    /* U+0037 "7" */
    0xff, 0xff, 0xff, 0xff, 0xff, 0x1a, 0xaa, 0xaa,
    0xaa, 0xaf, 0xf0, 0x0, 0x0, 0x0, 0x5, 0xf8,
    0x0, 0x0, 0x0, 0x0, 0xee, 0x0, 0x0, 0x0,
    0x0, 0x7f, 0x60, 0x0, 0x0, 0x0, 0xe, 0xe0,
    0x0, 0x0, 0x0, 0x7, 0xf7, 0x0, 0x0, 0x0,
    0x0, 0xee, 0x0, 0x0, 0x0, 0x0, 0x5f, 0x80,
    0x0, 0x0, 0x0, 0xc, 0xf2, 0x0, 0x0, 0x0,
    0x1, 0xfc, 0x0, 0x0, 0x0, 0x0, 0x7f, 0x70,
    0x0, 0x0, 0x0, 0xd, 0xf1, 0x0, 0x0, 0x0,
    0x1, 0xfd, 0x0, 0x0, 0x0, 0x0, 0x6f, 0x90,
    0x0, 0x0, 0x0, 0xa, 0xf5, 0x0, 0x0, 0x0,

    /* U+0038 "8" */
    0x0, 0x19, 0xdf, 0xeb, 0x40, 0x0, 0x1d, 0xfc,
    0xbc, 0xff, 0x60, 0x8, 0xf6, 0x0, 0x3, 0xff,
    0x10, 0xcf, 0x0, 0x0, 0xb, 0xf3, 0xc, 0xf0,
    0x0, 0x0, 0xbf, 0x20, 0x8f, 0x80, 0x0, 0x3f,
    0xe0, 0x1, 0xdf, 0xb8, 0xaf, 0xf4, 0x0, 0x5,
    0xff, 0xff, 0xf6, 0x0, 0x5, 0xfe, 0x62, 0x4a,
    0xfb, 0x0, 0xee, 0x10, 0x0, 0x9, 0xf6, 0x4f,
    0xa0, 0x0, 0x0, 0x2f, 0xb4, 0xf9, 0x0, 0x0,
    0x3, 0xfc, 0x3f, 0xd0, 0x0, 0x0, 0x8f, 0xa0,
    0xff, 0xa3, 0x12, 0x8f, 0xf4, 0x6, 0xff, 0xff,
    0xff, 0xfa, 0x0, 0x3, 0xae, 0xff, 0xc7, 0x0,

    /* U+0039 "9" */
    0x0, 0x18, 0xdf, 0xea, 0x20, 0x0, 0x2e, 0xff,
    0xdf, 0xff, 0x40, 0xc, 0xfb, 0x10, 0x9, 0xff,
    0x13, 0xfe, 0x0, 0x0, 0xc, 0xf6, 0x7f, 0x90,
    0x0, 0x0, 0x8f, 0x98, 0xf7, 0x0, 0x0, 0x9,
    0xf7, 0x6f, 0xa0, 0x0, 0x0, 0xcf, 0x42, 0xff,
    0x30, 0x0, 0x6f, 0xe0, 0x7, 0xff, 0x97, 0xaf,
    0xf7, 0x0, 0x5, 0xcf, 0xff, 0xfe, 0x0, 0x0,
    0x0, 0x0, 0xef, 0x50, 0x0, 0x0, 0x0, 0x7f,
    0xc0, 0x0, 0x0, 0x0, 0xe, 0xf2, 0x0, 0x0,
    0x0, 0x8, 0xf9, 0x0, 0x0, 0x0, 0x2, 0xfe,
    0x0, 0x0, 0x0, 0x0, 0xbf, 0x50, 0x0, 0x0,

    /* U+003A ":" */
    0x5f, 0xd5, 0xfd, 0x0, 0x0, 0x0, 0x0, 0x0,
    0x0, 0x0, 0x0, 0x0, 0x0, 0x5, 0xfd, 0x5f,
    0xd0,

    /* U+003B ";" */
    0x5f, 0xd5, 0xfd, 0x0, 0x0, 0x0, 0x0, 0x0,
    0x0, 0x0, 0x0, 0x0, 0x0, 0x5, 0xfd, 0x5f,
    0xd0, 0x99, 0xe, 0x21, 0x50,

    /* U+003C "<" */
    0x0, 0x0, 0x0, 0x0, 0x4, 0x70, 0x0, 0x0,
    0x0, 0x0, 0x5f, 0x90, 0x0, 0x0, 0x0, 0x7,
    0xf8, 0x0, 0x0, 0x0, 0x0, 0x8f, 0x60, 0x0,
    0x0, 0x0, 0x9, 0xf5, 0x0, 0x0, 0x0, 0x0,
    0xbe, 0x30, 0x0, 0x0, 0x0, 0x1c, 0xe2, 0x0,
    0x0, 0x0, 0x1, 0xdd, 0x10, 0x0, 0x0, 0x0,
    0xe, 0xe1, 0x0, 0x0, 0x0, 0x0, 0x5, 0xf8,
    0x0, 0x0, 0x0, 0x0, 0x0, 0x4f, 0xa0, 0x0,
    0x0, 0x0, 0x0, 0x2, 0xec, 0x10, 0x0, 0x0,
    0x0, 0x0, 0x1d, 0xd2, 0x0, 0x0, 0x0, 0x0,
    0x1, 0xce, 0x30, 0x0, 0x0, 0x0, 0x0, 0xa,
    0xf4, 0x0, 0x0, 0x0, 0x0, 0x0, 0x9f, 0x60,
    0x0, 0x0, 0x0, 0x0, 0x7, 0xb0, 0x0, 0x0,
    0x0, 0x0, 0x0, 0x0,

    /* U+003D "=" */
    0x12, 0x22, 0x22, 0x22, 0x22, 0x20, 0x8f, 0xff,
    0xff, 0xff, 0xff, 0xf2, 0x25, 0x55, 0x55, 0x55,
    0x55, 0x50, 0x0, 0x0, 0x0, 0x0, 0x0, 0x0,
    0x0, 0x0, 0x0, 0x0, 0x0, 0x0, 0x0, 0x0,
    0x0, 0x0, 0x0, 0x0, 0x12, 0x22, 0x22, 0x22,
    0x22, 0x20, 0x8f, 0xff, 0xff, 0xff, 0xff, 0xf2,
    0x25, 0x55, 0x55, 0x55, 0x55, 0x50,

    /* U+003E ">" */
    0x8, 0x20, 0x0, 0x0, 0x0, 0x0, 0xb, 0xe3,
    0x0, 0x0, 0x0, 0x0, 0x0, 0xaf, 0x40, 0x0,
    0x0, 0x0, 0x0, 0x9, 0xf5, 0x0, 0x0, 0x0,
    0x0, 0x0, 0x7f, 0x70, 0x0, 0x0, 0x0, 0x0,
    0x5, 0xf8, 0x0, 0x0, 0x0, 0x0, 0x0, 0x4f,
    0xa0, 0x0, 0x0, 0x0, 0x0, 0x3, 0xeb, 0x0,
    0x0, 0x0, 0x0, 0x0, 0x2f, 0xb0, 0x0, 0x0,
    0x0, 0x0, 0xbe, 0x30, 0x0, 0x0, 0x0, 0x1c,
    0xd2, 0x0, 0x0, 0x0, 0x2, 0xdc, 0x10, 0x0,
    0x0, 0x0, 0x3e, 0xb0, 0x0, 0x0, 0x0, 0x5,
    0xf9, 0x0, 0x0, 0x0, 0x0, 0x7f, 0x80, 0x0,
    0x0, 0x0, 0x9, 0xf6, 0x0, 0x0, 0x0, 0x0,
    0xc, 0x40, 0x0, 0x0, 0x0, 0x0, 0x0, 0x0,
    0x0, 0x0, 0x0, 0x0,

    /* U+003F "?" */
    0x0, 0x6c, 0xff, 0xb4, 0x0, 0x9, 0xff, 0xde,
    0xff, 0x50, 0x3f, 0xf3, 0x0, 0x9f, 0xe0, 0x8f,
    0x90, 0x0, 0x1f, 0xf2, 0xbf, 0x70, 0x0, 0x1f,
    0xf2, 0x1, 0x0, 0x0, 0x5f, 0xe0, 0x0, 0x0,
    0x1, 0xef, 0x70, 0x0, 0x0, 0x1d, 0xfa, 0x0,
    0x0, 0x0, 0xbf, 0x90, 0x0, 0x0, 0x1, 0xfd,
    0x0, 0x0, 0x0, 0x3, 0xf7, 0x0, 0x0, 0x0,
    0x0, 0x10, 0x0, 0x0, 0x0, 0x0, 0x0, 0x0,
    0x0, 0x0, 0x1, 0x32, 0x0, 0x0, 0x0, 0x6,
    0xfa, 0x0, 0x0, 0x0, 0x6, 0xfa, 0x0, 0x0,

    /* U+0040 "@" */
    0x0, 0x1, 0x9c, 0xbc, 0x70, 0x0, 0x0, 0x3c,
    0x40, 0x0, 0x8a, 0x0, 0x1, 0xd1, 0x0, 0x0,
    0xa, 0x50, 0x9, 0x50, 0x9, 0xd8, 0xe2, 0xc0,
    0xe, 0x0, 0xac, 0x2c, 0xd0, 0xd0, 0x3a, 0x5,
    0xf2, 0xb, 0xa0, 0xb3, 0x68, 0xd, 0xa0, 0xe,
    0x60, 0xb3, 0x77, 0x2f, 0x50, 0x2f, 0x30, 0xc3,
    0x86, 0x5f, 0x30, 0x5f, 0x0, 0xd1, 0x77, 0x5f,
    0x20, 0x8d, 0x1, 0xe0, 0x59, 0x2f, 0x82, 0xed,
    0x19, 0x80, 0x2c, 0x9, 0xff, 0x7f, 0xfb, 0x0,
    0xd, 0x10, 0x21, 0x1, 0x20, 0x0, 0x5, 0xa0,
    0x0, 0x0, 0x2, 0x0, 0x0, 0x8a, 0x10, 0x1,
    0xb4, 0x0, 0x0, 0x4, 0xbb, 0xbb, 0x30, 0x0,

    /* U+0041 "A" */
    0x0, 0x0, 0x2f, 0xf0, 0x0, 0x0, 0x0, 0x0,
    0x7f, 0xf4, 0x0, 0x0, 0x0, 0x0, 0xcf, 0xf9,
    0x0, 0x0, 0x0, 0x1, 0xfe, 0xfd, 0x0, 0x0,
    0x0, 0x5, 0xf9, 0xcf, 0x20, 0x0, 0x0, 0xa,
    0xf5, 0x8f, 0x70, 0x0, 0x0, 0xe, 0xf1, 0x3f,
    0xb0, 0x0, 0x0, 0x3f, 0xc0, 0xf, 0xf0, 0x0,
    0x0, 0x8f, 0x80, 0xb, 0xf5, 0x0, 0x0, 0xdf,
    0xdc, 0xce, 0xf9, 0x0, 0x1, 0xff, 0xff, 0xff,
    0xfe, 0x0, 0x6, 0xfb, 0x0, 0x0, 0xef, 0x30,
    0xb, 0xf7, 0x0, 0x0, 0xaf, 0x80, 0xf, 0xf2,
    0x0, 0x0, 0x6f, 0xc0, 0x4f, 0xe0, 0x0, 0x0,
    0x1f, 0xf1, 0x9f, 0xa0, 0x0, 0x0, 0xd, 0xf6,

    /* U+0042 "B" */
    0xff, 0xff, 0xff, 0xc6, 0x0, 0xf, 0xfc, 0xcc,
    0xdf, 0xf9, 0x0, 0xff, 0x30, 0x0, 0x3f, 0xf3,
    0xf, 0xf3, 0x0, 0x0, 0xaf, 0x80, 0xff, 0x30,
    0x0, 0x9, 0xf8, 0xf, 0xf3, 0x0, 0x0, 0xcf,
    0x60, 0xff, 0x30, 0x1, 0x9f, 0xe0, 0xf, 0xff,
    0xff, 0xff, 0xc2, 0x0, 0xff, 0xcc, 0xcd, 0xfe,
    0x60, 0xf, 0xf3, 0x0, 0x3, 0xef, 0x70, 0xff,
    0x30, 0x0, 0x5, 0xfe, 0xf, 0xf3, 0x0, 0x0,
    0x3f, 0xf0, 0xff, 0x30, 0x0, 0x6, 0xff, 0xf,
    0xf3, 0x0, 0x3, 0xef, 0xb0, 0xff, 0xcc, 0xcd,
    0xff, 0xe2, 0xf, 0xff, 0xff, 0xec, 0x71, 0x0,

    /* U+0043 "C" */
    0x0, 0x1, 0x9e, 0xfd, 0x70, 0x0, 0x0, 0x2e,
    0xfe, 0xcf, 0xfb, 0x0, 0x0, 0xdf, 0x90, 0x1,
    0xdf, 0x60, 0x5, 0xfd, 0x0, 0x0, 0x5f, 0xd0,
    0xa, 0xf8, 0x0, 0x0, 0x1f, 0xf0, 0xe, 0xf4,
    0x0, 0x0, 0xc, 0xc0, 0xf, 0xf2, 0x0, 0x0,
    0x0, 0x0, 0x1f, 0xf1, 0x0, 0x0, 0x0, 0x0,
    0x2f, 0xf1, 0x0, 0x0, 0x0, 0x0, 0x1f, 0xf2,
    0x0, 0x0, 0x6, 0x60, 0xf, 0xf3, 0x0, 0x0,
    0xf, 0xf1, 0xd, 0xf6, 0x0, 0x0, 0x2f, 0xf0,
    0x8, 0xfc, 0x0, 0x0, 0x6f, 0xb0, 0x1, 0xff,
    0x80, 0x3, 0xef, 0x50, 0x0, 0x4f, 0xfe, 0xdf,
    0xfa, 0x0, 0x0, 0x2, 0xae, 0xfd, 0x60, 0x0,

    /* U+0044 "D" */
    0xff, 0xff, 0xeb, 0x60, 0x0, 0xff, 0xcc, 0xef,
    0xfc, 0x10, 0xff, 0x30, 0x4, 0xef, 0xb0, 0xff,
    0x30, 0x0, 0x3f, 0xf3, 0xff, 0x30, 0x0, 0xc,
    0xf9, 0xff, 0x30, 0x0, 0x8, 0xfc, 0xff, 0x30,
    0x0, 0x5, 0xfe, 0xff, 0x30, 0x0, 0x4, 0xff,
    0xff, 0x30, 0x0, 0x4, 0xff, 0xff, 0x30, 0x0,
    0x5, 0xfe, 0xff, 0x30, 0x0, 0x7, 0xfc, 0xff,
    0x30, 0x0, 0xb, 0xf8, 0xff, 0x30, 0x0, 0x2f,
    0xf3, 0xff, 0x30, 0x4, 0xef, 0xa0, 0xff, 0xcc,
    0xef, 0xfb, 0x0, 0xff, 0xff, 0xea, 0x40, 0x0,

    /* U+0045 "E" */
    0xbf, 0xff, 0xff, 0xff, 0xf6, 0xbf, 0xdc, 0xcc,
    0xcc, 0xc4, 0xbf, 0x70, 0x0, 0x0, 0x0, 0xbf,
    0x70, 0x0, 0x0, 0x0, 0xbf, 0x70, 0x0, 0x0,
    0x0, 0xbf, 0x70, 0x0, 0x0, 0x0, 0xbf, 0x70,
    0x0, 0x0, 0x0, 0xbf, 0xff, 0xff, 0xff, 0xd0,
    0xbf, 0xdc, 0xcc, 0xcc, 0xa0, 0xbf, 0x70, 0x0,
    0x0, 0x0, 0xbf, 0x70, 0x0, 0x0, 0x0, 0xbf,
    0x70, 0x0, 0x0, 0x0, 0xbf, 0x70, 0x0, 0x0,
    0x0, 0xbf, 0x70, 0x0, 0x0, 0x0, 0xbf, 0xdc,
    0xcc, 0xcc, 0xca, 0xbf, 0xff, 0xff, 0xff, 0xfe,

    /* U+0046 "F" */
    0xef, 0xff, 0xff, 0xff, 0xff, 0xef, 0xdc, 0xcc,
    0xcc, 0xcb, 0xef, 0x40, 0x0, 0x0, 0x0, 0xef,
    0x40, 0x0, 0x0, 0x0, 0xef, 0x40, 0x0, 0x0,
    0x0, 0xef, 0x40, 0x0, 0x0, 0x0, 0xef, 0x40,
    0x0, 0x0, 0x0, 0xef, 0xdc, 0xcc, 0xcc, 0x10,
    0xef, 0xff, 0xff, 0xff, 0x10, 0xef, 0x40, 0x0,
    0x0, 0x0, 0xef, 0x40, 0x0, 0x0, 0x0, 0xef,
    0x40, 0x0, 0x0, 0x0, 0xef, 0x40, 0x0, 0x0,
    0x0, 0xef, 0x40, 0x0, 0x0, 0x0, 0xef, 0x40,
    0x0, 0x0, 0x0, 0xef, 0x40, 0x0, 0x0, 0x0,

    /* U+0047 "G" */
    0x0, 0x3, 0xbe, 0xfc, 0x40, 0x0, 0x4, 0xff,
    0xdd, 0xff, 0x60, 0x0, 0xef, 0x60, 0x4, 0xff,
    0x10, 0x6f, 0xc0, 0x0, 0xb, 0xf6, 0xb, 0xf7,
    0x0, 0x0, 0x7f, 0x90, 0xef, 0x40, 0x0, 0x3,
    0x96, 0xf, 0xf2, 0x0, 0x0, 0x0, 0x1, 0xff,
    0x10, 0x0, 0x0, 0x0, 0x2f, 0xf1, 0x1, 0xff,
    0xff, 0xb1, 0xff, 0x20, 0x1c, 0xcc, 0xfb, 0xf,
    0xf3, 0x0, 0x0, 0x3f, 0xb0, 0xdf, 0x60, 0x0,
    0x4, 0xfb, 0x8, 0xfc, 0x0, 0x0, 0x7f, 0xb0,
    0x2f, 0xf8, 0x0, 0x2e, 0xfb, 0x0, 0x5f, 0xfe,
    0xdf, 0xff, 0xb0, 0x0, 0x3b, 0xff, 0xa2, 0xfb,

    /* U+0048 "H" */
    0xff, 0x30, 0x0, 0x7, 0xfb, 0xff, 0x30, 0x0,
    0x7, 0xfb, 0xff, 0x30, 0x0, 0x7, 0xfb, 0xff,
    0x30, 0x0, 0x7, 0xfb, 0xff, 0x30, 0x0, 0x7,
    0xfb, 0xff, 0x30, 0x0, 0x7, 0xfb, 0xff, 0x30,
    0x0, 0x7, 0xfb, 0xff, 0xff, 0xff, 0xff, 0xfb,
    0xff, 0xcc, 0xcc, 0xcd, 0xfb, 0xff, 0x30, 0x0,
    0x7, 0xfb, 0xff, 0x30, 0x0, 0x7, 0xfb, 0xff,
    0x30, 0x0, 0x7, 0xfb, 0xff, 0x30, 0x0, 0x7,
    0xfb, 0xff, 0x30, 0x0, 0x7, 0xfb, 0xff, 0x30,
    0x0, 0x7, 0xfb, 0xff, 0x30, 0x0, 0x7, 0xfb,

    /* U+0049 "I" */
    0x3f, 0xf3, 0xff, 0x3f, 0xf3, 0xff, 0x3f, 0xf3,
    0xff, 0x3f, 0xf3, 0xff, 0x3f, 0xf3, 0xff, 0x3f,
    0xf3, 0xff, 0x3f, 0xf3, 0xff, 0x3f, 0xf3, 0xff,

    /* U+004A "J" */
    0x0, 0x0, 0x0, 0xa, 0xf8, 0x0, 0x0, 0x0,
    0xa, 0xf8, 0x0, 0x0, 0x0, 0xa, 0xf8, 0x0,
    0x0, 0x0, 0xa, 0xf8, 0x0, 0x0, 0x0, 0xa,
    0xf8, 0x0, 0x0, 0x0, 0xa, 0xf8, 0x0, 0x0,
    0x0, 0xa, 0xf8, 0x0, 0x0, 0x0, 0xa, 0xf8,
    0x0, 0x0, 0x0, 0xa, 0xf8, 0x34, 0x10, 0x0,
    0xa, 0xf8, 0xcf, 0x60, 0x0, 0xa, 0xf7, 0xbf,
    0x60, 0x0, 0xb, 0xf7, 0x9f, 0xa0, 0x0, 0xe,
    0xf4, 0x4f, 0xf5, 0x1, 0x9f, 0xf0, 0xa, 0xff,
    0xff, 0xff, 0x60, 0x0, 0x6d, 0xff, 0xb4, 0x0,

    /* U+004B "K" */
    0xff, 0x30, 0x0, 0xd, 0xfa, 0xf, 0xf3, 0x0,
    0xa, 0xfd, 0x0, 0xff, 0x30, 0x6, 0xfe, 0x20,
    0xf, 0xf3, 0x3, 0xff, 0x40, 0x0, 0xff, 0x31,
    0xdf, 0x70, 0x0, 0xf, 0xf3, 0xbf, 0xb0, 0x0,
    0x0, 0xff, 0xaf, 0xf4, 0x0, 0x0, 0xf, 0xff,
    0xff, 0xc0, 0x0, 0x0, 0xff, 0xf7, 0xff, 0x50,
    0x0, 0xf, 0xf9, 0x8, 0xfd, 0x0, 0x0, 0xff,
    0x30, 0xe, 0xf6, 0x0, 0xf, 0xf3, 0x0, 0x7f,
    0xe0, 0x0, 0xff, 0x30, 0x0, 0xdf, 0x80, 0xf,
    0xf3, 0x0, 0x5, 0xff, 0x10, 0xff, 0x30, 0x0,
    0xc, 0xf9, 0xf, 0xf3, 0x0, 0x0, 0x4f, 0xf2,

    /* U+004C "L" */
    0xef, 0x40, 0x0, 0x0, 0x0, 0xef, 0x40, 0x0,
    0x0, 0x0, 0xef, 0x40, 0x0, 0x0, 0x0, 0xef,
    0x40, 0x0, 0x0, 0x0, 0xef, 0x40, 0x0, 0x0,
    0x0, 0xef, 0x40, 0x0, 0x0, 0x0, 0xef, 0x40,
    0x0, 0x0, 0x0, 0xef, 0x40, 0x0, 0x0, 0x0,
    0xef, 0x40, 0x0, 0x0, 0x0, 0xef, 0x40, 0x0,
    0x0, 0x0, 0xef, 0x40, 0x0, 0x0, 0x0, 0xef,
    0x40, 0x0, 0x0, 0x0, 0xef, 0x40, 0x0, 0x0,
    0x0, 0xef, 0x40, 0x0, 0x0, 0x0, 0xef, 0xdc,
    0xcc, 0xcc, 0xca, 0xef, 0xff, 0xff, 0xff, 0xfe,

    /* U+004D "M" */
    0x2f, 0xfd, 0x0, 0x0, 0xff, 0xf2, 0xff, 0xf0,
    0x0, 0x3f, 0xff, 0x2f, 0xff, 0x30, 0x6, 0xff,
    0xf2, 0xff, 0xf6, 0x0, 0x9f, 0xff, 0x2f, 0xef,
    0x90, 0xd, 0xef, 0xf2, 0xfb, 0xed, 0x0, 0xfb,
    0xef, 0x2f, 0xbb, 0xf0, 0x3f, 0x8e, 0xf2, 0xfb,
    0x8f, 0x36, 0xf5, 0xef, 0x2f, 0xb5, 0xf6, 0x9f,
    0x2e, 0xf2, 0xfb, 0x1f, 0x9c, 0xe0, 0xef, 0x2f,
    0xb0, 0xed, 0xfb, 0xe, 0xf2, 0xfb, 0xb, 0xff,
    0x80, 0xef, 0x2f, 0xb0, 0x8f, 0xf5, 0xe, 0xf2,
    0xfb, 0x5, 0xff, 0x20, 0xef, 0x2f, 0xb0, 0x2f,
    0xf0, 0xe, 0xf2, 0xfb, 0x0, 0xfc, 0x0, 0xef,

    /* U+004E "N" */
    0x1f, 0xf8, 0x0, 0x0, 0x7f, 0xb1, 0xff, 0xe0,
    0x0, 0x7, 0xfb, 0x1f, 0xff, 0x60, 0x0, 0x7f,
    0xb1, 0xff, 0xfd, 0x0, 0x7, 0xfb, 0x1f, 0xfd,
    0xf4, 0x0, 0x7f, 0xb1, 0xff, 0x6f, 0xb0, 0x7,
    0xfb, 0x1f, 0xf1, 0xdf, 0x20, 0x7f, 0xb1, 0xff,
    0x16, 0xf9, 0x7, 0xfb, 0x1f, 0xf1, 0xf, 0xf1,
    0x7f, 0xb1, 0xff, 0x10, 0x8f, 0x87, 0xfb, 0x1f,
    0xf1, 0x1, 0xfe, 0x7f, 0xb1, 0xff, 0x10, 0xa,
    0xfd, 0xfb, 0x1f, 0xf1, 0x0, 0x3f, 0xff, 0xb1,
    0xff, 0x10, 0x0, 0xcf, 0xfb, 0x1f, 0xf1, 0x0,
    0x5, 0xff, 0xb1, 0xff, 0x10, 0x0, 0xd, 0xfb,

    /* U+004F "O" */
    0x0, 0x6, 0xcf, 0xfb, 0x40, 0x0, 0x0, 0x9f,
    0xfd, 0xdf, 0xf6, 0x0, 0x5, 0xff, 0x40, 0x7,
    0xff, 0x10, 0xb, 0xf8, 0x0, 0x0, 0xcf, 0x70,
    0xf, 0xf3, 0x0, 0x0, 0x7f, 0xb0, 0x2f, 0xf0,
    0x0, 0x0, 0x5f, 0xe0, 0x4f, 0xf0, 0x0, 0x0,
    0x3f, 0xf0, 0x5f, 0xe0, 0x0, 0x0, 0x3f, 0xf0,
    0x5f, 0xe0, 0x0, 0x0, 0x3f, 0xf0, 0x4f, 0xf0,
    0x0, 0x0, 0x3f, 0xf0, 0x2f, 0xf0, 0x0, 0x0,
    0x5f, 0xe0, 0xf, 0xf3, 0x0, 0x0, 0x7f, 0xb0,
    0xb, 0xf8, 0x0, 0x0, 0xcf, 0x70, 0x4, 0xff,
    0x40, 0x7, 0xff, 0x10, 0x0, 0x9f, 0xfd, 0xdf,
    0xf5, 0x0, 0x0, 0x6, 0xcf, 0xfb, 0x40, 0x0,

    /* U+0050 "P" */
    0xcf, 0xff, 0xff, 0xd8, 0x0, 0xc, 0xfd, 0xcc,
    0xdf, 0xfd, 0x0, 0xcf, 0x60, 0x0, 0x2d, 0xf8,
    0xc, 0xf6, 0x0, 0x0, 0x4f, 0xe0, 0xcf, 0x60,
    0x0, 0x1, 0xff, 0xc, 0xf6, 0x0, 0x0, 0x2f,
    0xf0, 0xcf, 0x60, 0x0, 0x6, 0xfd, 0xc, 0xf6,
    0x0, 0x16, 0xef, 0x60, 0xcf, 0xff, 0xff, 0xff,
    0x90, 0xc, 0xfd, 0xcc, 0xb9, 0x40, 0x0, 0xcf,
    0x60, 0x0, 0x0, 0x0, 0xc, 0xf6, 0x0, 0x0,
    0x0, 0x0, 0xcf, 0x60, 0x0, 0x0, 0x0, 0xc,
    0xf6, 0x0, 0x0, 0x0, 0x0, 0xcf, 0x60, 0x0,
    0x0, 0x0, 0xc, 0xf6, 0x0, 0x0, 0x0, 0x0,

    /* U+0051 "Q" */
    0x0, 0x6, 0xcf, 0xfb, 0x40, 0x0, 0x0, 0x9f,
    0xfd, 0xdf, 0xf6, 0x0, 0x5, 0xff, 0x40, 0x7,
    0xff, 0x10, 0xb, 0xf8, 0x0, 0x0, 0xcf, 0x70,
    0xf, 0xf3, 0x0, 0x0, 0x7f, 0xb0, 0x2f, 0xf0,
    0x0, 0x0, 0x5f, 0xe0, 0x4f, 0xf0, 0x0, 0x0,
    0x3f, 0xf0, 0x5f, 0xe0, 0x0, 0x0, 0x3f, 0xf0,
    0x5f, 0xe0, 0x0, 0x0, 0x3f, 0xf0, 0x4f, 0xf0,
    0x0, 0x12, 0x3f, 0xf0, 0x2f, 0xf0, 0x0, 0xcb,
    0x5f, 0xe0, 0xf, 0xf3, 0x0, 0xef, 0xbf, 0xb0,
    0xb, 0xf8, 0x0, 0x6f, 0xff, 0x70, 0x4, 0xff,
    0x40, 0xe, 0xfe, 0x10, 0x0, 0x9f, 0xfd, 0xdf,
    0xfd, 0x0, 0x0, 0x6, 0xcf, 0xfb, 0xef, 0x30,
    0x0, 0x0, 0x0, 0x0, 0x56, 0x0, 0x0, 0x0,
    0x0, 0x0, 0x0, 0x0,

    /* U+0052 "R" */
    0xff, 0xff, 0xff, 0xc6, 0x0, 0xf, 0xfc, 0xcc,
    0xef, 0xfc, 0x0, 0xff, 0x30, 0x0, 0x5f, 0xf6,
    0xf, 0xf3, 0x0, 0x0, 0x9f, 0xa0, 0xff, 0x30,
    0x0, 0x6, 0xfc, 0xf, 0xf3, 0x0, 0x0, 0x8f,
    0xa0, 0xff, 0x30, 0x0, 0x3f, 0xf5, 0xf, 0xfc,
    0xcc, 0xdf, 0xfa, 0x0, 0xff, 0xff, 0xff, 0xe6,
    0x0, 0xf, 0xf3, 0x2, 0xff, 0x10, 0x0, 0xff,
    0x30, 0xa, 0xf8, 0x0, 0xf, 0xf3, 0x0, 0x2f,
    0xf1, 0x0, 0xff, 0x30, 0x0, 0xbf, 0x80, 0xf,
    0xf3, 0x0, 0x3, 0xff, 0x10, 0xff, 0x30, 0x0,
    0xb, 0xf8, 0xf, 0xf3, 0x0, 0x0, 0x3f, 0xf1,

    /* U+0053 "S" */
    0x0, 0x6, 0xdf, 0xfc, 0x40, 0x0, 0xb, 0xff,
    0xef, 0xff, 0x50, 0x6, 0xfe, 0x20, 0x8, 0xfe,
    0x0, 0xbf, 0x70, 0x0, 0xe, 0xf4, 0xb, 0xf7,
    0x0, 0x0, 0x68, 0x30, 0x8f, 0xe2, 0x0, 0x0,
    0x0, 0x0, 0xdf, 0xf9, 0x20, 0x0, 0x0, 0x1,
    0x9f, 0xff, 0xa2, 0x0, 0x0, 0x0, 0x18, 0xff,
    0xf5, 0x0, 0x0, 0x0, 0x1, 0xaf, 0xf4, 0x2,
    0x20, 0x0, 0x0, 0xaf, 0xb2, 0xff, 0x0, 0x0,
    0x5, 0xfd, 0xf, 0xf3, 0x0, 0x0, 0x7f, 0xc0,
    0xbf, 0xd1, 0x0, 0x3e, 0xf6, 0x1, 0xef, 0xfc,
    0xdf, 0xfb, 0x0, 0x1, 0x9d, 0xff, 0xc6, 0x0,

    /* U+0054 "T" */
    0xff, 0xff, 0xff, 0xff, 0xfb, 0xbc, 0xcc, 0xff,
    0xcc, 0xc8, 0x0, 0x3, 0xff, 0x0, 0x0, 0x0,
    0x3, 0xff, 0x0, 0x0, 0x0, 0x3, 0xff, 0x0,
    0x0, 0x0, 0x3, 0xff, 0x0, 0x0, 0x0, 0x3,
    0xff, 0x0, 0x0, 0x0, 0x3, 0xff, 0x0, 0x0,
    0x0, 0x3, 0xff, 0x0, 0x0, 0x0, 0x3, 0xff,
    0x0, 0x0, 0x0, 0x3, 0xff, 0x0, 0x0, 0x0,
    0x3, 0xff, 0x0, 0x0, 0x0, 0x3, 0xff, 0x0,
    0x0, 0x0, 0x3, 0xff, 0x0, 0x0, 0x0, 0x3,
    0xff, 0x0, 0x0, 0x0, 0x3, 0xff, 0x0, 0x0,

    /* U+0055 "U" */
    0xff, 0x30, 0x0, 0x6, 0xfc, 0xff, 0x30, 0x0,
    0x6, 0xfc, 0xff, 0x30, 0x0, 0x6, 0xfc, 0xff,
    0x30, 0x0, 0x6, 0xfc, 0xff, 0x30, 0x0, 0x6,
    0xfc, 0xff, 0x30, 0x0, 0x6, 0xfc, 0xff, 0x30,
    0x0, 0x6, 0xfc, 0xff, 0x30, 0x0, 0x6, 0xfc,
    0xff, 0x30, 0x0, 0x6, 0xfc, 0xff, 0x30, 0x0,
    0x6, 0xfc, 0xff, 0x30, 0x0, 0x6, 0xfc, 0xff,
    0x30, 0x0, 0x6, 0xfc, 0xdf, 0x60, 0x0, 0x9,
    0xfa, 0x8f, 0xe2, 0x0, 0x4f, 0xf5, 0x1d, 0xff,
    0xdd, 0xff, 0xb0, 0x1, 0x9d, 0xff, 0xd7, 0x0,

    /* U+0056 "V" */
    0xaf, 0x90, 0x0, 0x0, 0xe, 0xf4, 0x6f, 0xd0,
    0x0, 0x0, 0x3f, 0xf0, 0x1f, 0xf1, 0x0, 0x0,
    0x7f, 0xb0, 0xc, 0xf6, 0x0, 0x0, 0xcf, 0x60,
    0x7, 0xfa, 0x0, 0x0, 0xff, 0x10, 0x3, 0xfe,
    0x0, 0x4, 0xfd, 0x0, 0x0, 0xef, 0x30, 0x9,
    0xf8, 0x0, 0x0, 0x9f, 0x70, 0xd, 0xf3, 0x0,
    0x0, 0x5f, 0xb0, 0x1f, 0xe0, 0x0, 0x0, 0xf,
    0xf0, 0x6f, 0xa0, 0x0, 0x0, 0xb, 0xf4, 0xaf,
    0x50, 0x0, 0x0, 0x7, 0xf8, 0xef, 0x10, 0x0,
    0x0, 0x2, 0xff, 0xfc, 0x0, 0x0, 0x0, 0x0,
    0xdf, 0xf7, 0x0, 0x0, 0x0, 0x0, 0x9f, 0xf2,
    0x0, 0x0, 0x0, 0x0, 0x4f, 0xe0, 0x0, 0x0,

    /* U+0057 "W" */
    0xdf, 0x30, 0x4f, 0xe0, 0x9, 0xf7, 0xbf, 0x40,
    0x6f, 0xf0, 0xb, 0xf5, 0x9f, 0x60, 0x9f, 0xf3,
    0xc, 0xf3, 0x7f, 0x80, 0xbf, 0xf5, 0xe, 0xf1,
    0x5f, 0x90, 0xdb, 0xf7, 0xf, 0xf0, 0x3f, 0xb0,
    0xf8, 0xe9, 0x1f, 0xd0, 0x1f, 0xd2, 0xf6, 0xcb,
    0x3f, 0xb0, 0xf, 0xe4, 0xf3, 0x9e, 0x4f, 0x80,
    0xd, 0xf6, 0xf1, 0x7f, 0x6f, 0x60, 0xa, 0xfa,
    0xf0, 0x5f, 0xaf, 0x40, 0x8, 0xff, 0xd0, 0x3f,
    0xff, 0x20, 0x6, 0xff, 0xa0, 0xf, 0xff, 0x0,
    0x4, 0xff, 0x80, 0xe, 0xfe, 0x0, 0x2, 0xff,
    0x60, 0xc, 0xfc, 0x0, 0x0, 0xff, 0x30, 0x9,
    0xfa, 0x0, 0x0, 0xef, 0x10, 0x7, 0xf8, 0x0,

    /* U+0058 "X" */
    0xd, 0xf5, 0x0, 0x0, 0xbf, 0x80, 0x6, 0xfc,
    0x0, 0x2, 0xfe, 0x10, 0x0, 0xdf, 0x40, 0xa,
    0xf7, 0x0, 0x0, 0x5f, 0xb0, 0x2f, 0xe0, 0x0,
    0x0, 0xd, 0xf3, 0x9f, 0x70, 0x0, 0x0, 0x4,
    0xfb, 0xfe, 0x0, 0x0, 0x0, 0x0, 0xcf, 0xf6,
    0x0, 0x0, 0x0, 0x0, 0x5f, 0xf0, 0x0, 0x0,
    0x0, 0x0, 0xbf, 0xf5, 0x0, 0x0, 0x0, 0x3,
    0xfd, 0xfd, 0x0, 0x0, 0x0, 0xb, 0xf4, 0xaf,
    0x50, 0x0, 0x0, 0x4f, 0xc0, 0x3f, 0xd0, 0x0,
    0x0, 0xcf, 0x50, 0xb, 0xf6, 0x0, 0x5, 0xfd,
    0x0, 0x3, 0xfe, 0x0, 0xd, 0xf5, 0x0, 0x0,
    0xbf, 0x70, 0x5f, 0xd0, 0x0, 0x0, 0x3f, 0xe0,

    /* U+0059 "Y" */
    0x6f, 0xc0, 0x0, 0x0, 0x1f, 0xf1, 0xd, 0xf4,
    0x0, 0x0, 0x8f, 0x90, 0x6, 0xfb, 0x0, 0x1,
    0xff, 0x10, 0x0, 0xdf, 0x30, 0x7, 0xf9, 0x0,
    0x0, 0x5f, 0xb0, 0xe, 0xf1, 0x0, 0x0, 0xd,
    0xf2, 0x7f, 0x90, 0x0, 0x0, 0x5, 0xfb, 0xef,
    0x10, 0x0, 0x0, 0x0, 0xdf, 0xf9, 0x0, 0x0,
    0x0, 0x0, 0x6f, 0xf1, 0x0, 0x0, 0x0, 0x0,
    0x3f, 0xf0, 0x0, 0x0, 0x0, 0x0, 0x3f, 0xf0,
    0x0, 0x0, 0x0, 0x0, 0x3f, 0xf0, 0x0, 0x0,
    0x0, 0x0, 0x3f, 0xf0, 0x0, 0x0, 0x0, 0x0,
    0x3f, 0xf0, 0x0, 0x0, 0x0, 0x0, 0x3f, 0xf0,
    0x0, 0x0, 0x0, 0x0, 0x3f, 0xf0, 0x0, 0x0,

    /* U+005A "Z" */
    0x9, 0xff, 0xff, 0xff, 0xff, 0x90, 0x7c, 0xcc,
    0xcc, 0xce, 0xf9, 0x0, 0x0, 0x0, 0x1, 0xef,
    0x20, 0x0, 0x0, 0x0, 0xaf, 0x80, 0x0, 0x0,
    0x0, 0x3f, 0xe0, 0x0, 0x0, 0x0, 0xd, 0xf5,
    0x0, 0x0, 0x0, 0x7, 0xfb, 0x0, 0x0, 0x0,
    0x1, 0xff, 0x20, 0x0, 0x0, 0x0, 0xaf, 0x70,
    0x0, 0x0, 0x0, 0x4f, 0xd0, 0x0, 0x0, 0x0,
    0xd, 0xf4, 0x0, 0x0, 0x0, 0x7, 0xfa, 0x0,
    0x0, 0x0, 0x2, 0xff, 0x10, 0x0, 0x0, 0x0,
    0xbf, 0x70, 0x0, 0x0, 0x0, 0x2f, 0xfc, 0xcc,
    0xcc, 0xcc, 0xa2, 0xff, 0xff, 0xff, 0xff, 0xfe,

    /* U+005B "[" */
    0x2, 0x22, 0x22, 0x15, 0xff, 0xff, 0xf9, 0x5f,
    0x85, 0x55, 0x35, 0xf4, 0x0, 0x0, 0x5f, 0x40,
    0x0, 0x5, 0xf4, 0x0, 0x0, 0x5f, 0x40, 0x0,
    0x5, 0xf4, 0x0, 0x0, 0x5f, 0x40, 0x0, 0x5,
    0xf4, 0x0, 0x0, 0x5f, 0x40, 0x0, 0x5, 0xf4,
    0x0, 0x0, 0x5f, 0x40, 0x0, 0x5, 0xf4, 0x0,
    0x0, 0x5f, 0x40, 0x0, 0x5, 0xf4, 0x0, 0x0,
    0x5f, 0x40, 0x0, 0x5, 0xf4, 0x0, 0x0, 0x5f,
    0x40, 0x0, 0x5, 0xf6, 0x22, 0x21, 0x5f, 0xff,
    0xff, 0x91, 0x55, 0x55, 0x53,

    /* U+005C "\\" */
    0x9e, 0x0, 0x0, 0x0, 0x0, 0x2f, 0x50, 0x0,
    0x0, 0x0, 0xb, 0xc0, 0x0, 0x0, 0x0, 0x5,
    0xf2, 0x0, 0x0, 0x0, 0x0, 0xe9, 0x0, 0x0,
    0x0, 0x0, 0x8f, 0x0, 0x0, 0x0, 0x0, 0x1f,
    0x60, 0x0, 0x0, 0x0, 0xa, 0xd0, 0x0, 0x0,
    0x0, 0x4, 0xf3, 0x0, 0x0, 0x0, 0x0, 0xda,
    0x0, 0x0, 0x0, 0x0, 0x6f, 0x10, 0x0, 0x0,
    0x0, 0xf, 0x70, 0x0, 0x0, 0x0, 0x9, 0xe0,
    0x0, 0x0, 0x0, 0x2, 0xf5, 0x0, 0x0, 0x0,
    0x0, 0xcb, 0x0, 0x0, 0x0, 0x0, 0x5f, 0x20,
    0x0, 0x0, 0x0, 0xe, 0x80, 0x0, 0x0, 0x0,
    0x8, 0xe0, 0x0, 0x0, 0x0, 0x2, 0xf6,

    /* U+005D "]" */
    0x12, 0x22, 0x22, 0xe, 0xff, 0xff, 0xf0, 0x45,
    0x55, 0xbf, 0x0, 0x0, 0x9, 0xf0, 0x0, 0x0,
    0x9f, 0x0, 0x0, 0x9, 0xf0, 0x0, 0x0, 0x9f,
    0x0, 0x0, 0x9, 0xf0, 0x0, 0x0, 0x9f, 0x0,
    0x0, 0x9, 0xf0, 0x0, 0x0, 0x9f, 0x0, 0x0,
    0x9, 0xf0, 0x0, 0x0, 0x9f, 0x0, 0x0, 0x9,
    0xf0, 0x0, 0x0, 0x9f, 0x0, 0x0, 0x9, 0xf0,
    0x0, 0x0, 0x9f, 0x0, 0x0, 0x9, 0xf0, 0x0,
    0x0, 0x9f, 0x1, 0x22, 0x29, 0xf0, 0xef, 0xff,
    0xff, 0x4, 0x55, 0x55, 0x50,

    /* U+005E "^" */
    0x0, 0xb, 0xff, 0x50, 0x0, 0x0, 0x9f, 0xdf,
    0xf3, 0x0, 0x6, 0xfb, 0x3, 0xee, 0x20, 0x4f,
    0x90, 0x0, 0x1d, 0xd0,

    /* U+005F "_" */
    0xff, 0xff, 0xff, 0xff, 0xff, 0xfc, 0x22, 0x22,
    0x22, 0x22, 0x22, 0x21,

    /* U+0060 "`" */
    0x68, 0x70, 0x0, 0x2f, 0xf6, 0x0, 0x4, 0xfe,
    0x10, 0x0, 0x6f, 0x90, 0x0, 0x8, 0xf3,

    /* U+0061 "a" */
    0x0, 0x6c, 0xff, 0xc5, 0x0, 0xa, 0xfe, 0xbb,
    0xff, 0x60, 0x3f, 0xe1, 0x0, 0x2f, 0xd0, 0x25,
    0x30, 0x0, 0x1e, 0xf0, 0x0, 0x14, 0x7b, 0xff,
    0xf0, 0x9, 0xff, 0xff, 0xbe, 0xf0, 0x8f, 0xd6,
    0x20, 0xd, 0xf0, 0xdf, 0x30, 0x0, 0xe, 0xf0,
    0xef, 0x30, 0x0, 0xaf, 0xf0, 0x9f, 0xe8, 0x9e,
    0xff, 0xf1, 0x7, 0xdf, 0xea, 0x3b, 0xf7,

    /* U+0062 "b" */
    0xef, 0x0, 0x0, 0x0, 0x0, 0xef, 0x0, 0x0,
    0x0, 0x0, 0xef, 0x0, 0x0, 0x0, 0x0, 0xef,
    0x0, 0x0, 0x0, 0x0, 0xef, 0x0, 0x0, 0x0,
    0x0, 0xef, 0x1a, 0xef, 0xb3, 0x0, 0xef, 0xdf,
    0xbc, 0xff, 0x50, 0xef, 0xe2, 0x0, 0x6f, 0xe0,
    0xef, 0x60, 0x0, 0xd, 0xf5, 0xef, 0x20, 0x0,
    0x9, 0xf8, 0xef, 0x0, 0x0, 0x7, 0xf9, 0xef,
    0x10, 0x0, 0x9, 0xf8, 0xef, 0x50, 0x0, 0xc,
    0xf5, 0xef, 0xe2, 0x0, 0x6f, 0xf1, 0xef, 0xdf,
    0xbc, 0xff, 0x50, 0xef, 0x1a, 0xff, 0xc4, 0x0,

    /* U+0063 "c" */
    0x0, 0x5, 0xcf, 0xfc, 0x50, 0x0, 0xa, 0xff,
    0xbb, 0xff, 0x80, 0x6, 0xfd, 0x20, 0x2, 0xff,
    0x20, 0xdf, 0x40, 0x0, 0x8, 0xb4, 0x1f, 0xf0,
    0x0, 0x0, 0x0, 0x2, 0xfe, 0x0, 0x0, 0x0,
    0x0, 0x1f, 0xf0, 0x0, 0x0, 0x27, 0x40, 0xdf,
    0x40, 0x0, 0x8, 0xf9, 0x6, 0xfd, 0x20, 0x2,
    0xef, 0x30, 0xa, 0xff, 0xbb, 0xff, 0x80, 0x0,
    0x5, 0xcf, 0xfc, 0x50, 0x0,

    /* U+0064 "d" */
    0x0, 0x0, 0x0, 0x0, 0x9f, 0x50, 0x0, 0x0,
    0x0, 0x9, 0xf5, 0x0, 0x0, 0x0, 0x0, 0x9f,
    0x50, 0x0, 0x0, 0x0, 0x9, 0xf5, 0x0, 0x0,
    0x0, 0x0, 0x9f, 0x50, 0x0, 0x8e, 0xfc, 0x49,
    0xf5, 0x0, 0xdf, 0xeb, 0xdf, 0xdf, 0x50, 0x8f,
    0xc0, 0x0, 0x9f, 0xf5, 0xe, 0xf4, 0x0, 0x0,
    0xff, 0x51, 0xff, 0x0, 0x0, 0xb, 0xf5, 0x2f,
    0xe0, 0x0, 0x0, 0x9f, 0x51, 0xff, 0x0, 0x0,
    0xa, 0xf5, 0xe, 0xf2, 0x0, 0x0, 0xdf, 0x50,
    0x9f, 0xa0, 0x0, 0x6f, 0xf5, 0x1, 0xdf, 0xc7,
    0xaf, 0xef, 0x50, 0x1, 0x9e, 0xfd, 0x79, 0xf5,

    /* U+0065 "e" */
    0x0, 0x5, 0xcf, 0xfc, 0x50, 0x0, 0x9, 0xfe,
    0xaa, 0xff, 0x80, 0x5, 0xfc, 0x0, 0x2, 0xff,
    0x10, 0xcf, 0x62, 0x22, 0x2b, 0xf6, 0xf, 0xff,
    0xff, 0xff, 0xff, 0x80, 0xff, 0x55, 0x55, 0x55,
    0x53, 0xf, 0xf1, 0x0, 0x0, 0x0, 0x0, 0xcf,
    0x50, 0x0, 0x7, 0xd8, 0x5, 0xfe, 0x20, 0x1,
    0xef, 0x40, 0x9, 0xff, 0xcb, 0xff, 0x90, 0x0,
    0x5, 0xcf, 0xfc, 0x60, 0x0,

    /* U+0066 "f" */
    0x0, 0x0, 0x4c, 0xef, 0xd7, 0x0, 0x5, 0xff,
    0xba, 0xda, 0x0, 0xb, 0xf4, 0x0, 0x0, 0x0,
    0xc, 0xf1, 0x0, 0x0, 0x0, 0xc, 0xf1, 0x0,
    0x0, 0xff, 0xff, 0xff, 0xff, 0xf0, 0x77, 0x7e,
    0xf8, 0x77, 0x70, 0x0, 0xc, 0xf1, 0x0, 0x0,
    0x0, 0xc, 0xf1, 0x0, 0x0, 0x0, 0xc, 0xf1,
    0x0, 0x0, 0x0, 0xc, 0xf1, 0x0, 0x0, 0x0,
    0xc, 0xf1, 0x0, 0x0, 0x0, 0xc, 0xf1, 0x0,
    0x0, 0x0, 0xc, 0xf1, 0x0, 0x0, 0x0, 0xc,
    0xf1, 0x0, 0x0, 0x0, 0xc, 0xf1, 0x0, 0x0,

    /* U+0067 "g" */
    0x0, 0x0, 0x0, 0x0, 0x0, 0x0, 0x0, 0x6,
    0xdf, 0xd6, 0x5c, 0xf2, 0x0, 0x9f, 0xd9, 0xdf,
    0xe9, 0xa1, 0x1, 0xfe, 0x0, 0xd, 0xf2, 0x0,
    0x3, 0xfb, 0x0, 0xa, 0xf4, 0x0, 0x0, 0xfe,
    0x0, 0xd, 0xf2, 0x0, 0x0, 0x7f, 0xd9, 0xcf,
    0xa0, 0x0, 0x0, 0xcc, 0xdf, 0xd7, 0x0, 0x0,
    0x7, 0xf2, 0x0, 0x0, 0x0, 0x0, 0x8, 0xf5,
    0x0, 0x0, 0x0, 0x0, 0x3, 0xff, 0xcb, 0xa9,
    0x72, 0x0, 0x1, 0xbf, 0xdf, 0xff, 0xff, 0x50,
    0xd, 0xc0, 0x0, 0x0, 0x4f, 0xb0, 0xe, 0xf8,
    0x54, 0x56, 0xbf, 0x70, 0x2, 0x9d, 0xff, 0xfd,
    0xa5, 0x0,

    /* U+0068 "h" */
    0xbf, 0x30, 0x0, 0x0, 0x0, 0xbf, 0x30, 0x0,
    0x0, 0x0, 0xbf, 0x30, 0x0, 0x0, 0x0, 0xbf,
    0x30, 0x0, 0x0, 0x0, 0xbf, 0x30, 0x0, 0x0,
    0x0, 0xbf, 0x33, 0xbe, 0xeb, 0x20, 0xbf, 0x7f,
    0xc8, 0xcf, 0xe0, 0xbf, 0xf8, 0x0, 0xc, 0xf5,
    0xbf, 0xc0, 0x0, 0x7, 0xf7, 0xbf, 0x60, 0x0,
    0x6, 0xf8, 0xbf, 0x30, 0x0, 0x6, 0xf8, 0xbf,
    0x30, 0x0, 0x6, 0xf8, 0xbf, 0x30, 0x0, 0x6,
    0xf8, 0xbf, 0x30, 0x0, 0x6, 0xf8, 0xbf, 0x30,
    0x0, 0x6, 0xf8, 0xbf, 0x30, 0x0, 0x6, 0xf8,

    /* U+0069 "i" */
    0x2f, 0xc2, 0xfc, 0x6, 0x40, 0x0, 0x0, 0x2,
    0xfc, 0x2f, 0xc2, 0xfc, 0x2f, 0xc2, 0xfc, 0x2f,
    0xc2, 0xfc, 0x2f, 0xc2, 0xfc, 0x2f, 0xc2, 0xfc,

    /* U+006A "j" */
    0x0, 0x0, 0x4f, 0xa0, 0x0, 0x4, 0xfa, 0x0,
    0x0, 0x16, 0x40, 0x0, 0x0, 0x0, 0x0, 0x0,
    0x0, 0x0, 0x0, 0x4, 0xfa, 0x0, 0x0, 0x4f,
    0xa0, 0x0, 0x4, 0xfa, 0x0, 0x0, 0x4f, 0xa0,
    0x0, 0x4, 0xfa, 0x0, 0x0, 0x4f, 0xa0, 0x0,
    0x4, 0xfa, 0x0, 0x0, 0x4f, 0xa0, 0x0, 0x4,
    0xfa, 0x0, 0x0, 0x4f, 0xa0, 0x0, 0x4, 0xf9,
    0x10, 0x0, 0x7f, 0x7d, 0xca, 0xbf, 0xe1, 0x9e,
    0xfe, 0xa2, 0x0,

    /* U+006B "k" */
    0x9f, 0x40, 0x0, 0x0, 0x0, 0x9f, 0x40, 0x0,
    0x0, 0x0, 0x9f, 0x40, 0x0, 0x0, 0x0, 0x9f,
    0x40, 0x0, 0x0, 0x0, 0x9f, 0x40, 0x0, 0x0,
    0x0, 0x9f, 0x40, 0x0, 0x8f, 0xc0, 0x9f, 0x40,
    0x7, 0xfc, 0x0, 0x9f, 0x40, 0x6f, 0xc1, 0x0,
    0x9f, 0x46, 0xfd, 0x10, 0x0, 0x9f, 0x9f, 0xff,
    0x20, 0x0, 0x9f, 0xfd, 0x6f, 0xb0, 0x0, 0x9f,
    0xd1, 0xb, 0xf4, 0x0, 0x9f, 0x40, 0x2, 0xfd,
    0x0, 0x9f, 0x40, 0x0, 0x9f, 0x70, 0x9f, 0x40,
    0x0, 0x1f, 0xf1, 0x9f, 0x40, 0x0, 0x7, 0xfa,

    /* U+006C "l" */
    0xf, 0xd0, 0xfd, 0xf, 0xd0, 0xfd, 0xf, 0xd0,
    0xfd, 0xf, 0xd0, 0xfd, 0xf, 0xd0, 0xfd, 0xf,
    0xd0, 0xfd, 0xf, 0xd0, 0xfd, 0xf, 0xd0, 0xfd,

    /* U+006D "m" */
    0xaf, 0x5a, 0xfd, 0x36, 0xef, 0x90, 0xaf, 0xfc,
    0xcf, 0xef, 0xae, 0xf4, 0xaf, 0xb0, 0x1f, 0xf5,
    0x8, 0xf6, 0xaf, 0x50, 0xf, 0xf0, 0x7, 0xf7,
    0xaf, 0x40, 0xf, 0xd0, 0x7, 0xf7, 0xaf, 0x40,
    0xf, 0xd0, 0x7, 0xf7, 0xaf, 0x40, 0xf, 0xd0,
    0x7, 0xf7, 0xaf, 0x40, 0xf, 0xd0, 0x7, 0xf7,
    0xaf, 0x40, 0xf, 0xd0, 0x7, 0xf7, 0xaf, 0x40,
    0xf, 0xd0, 0x7, 0xf7, 0xaf, 0x40, 0xf, 0xd0,
    0x7, 0xf7,

    /* U+006E "n" */
    0xbf, 0x33, 0xbe, 0xeb, 0x20, 0xbf, 0x8f, 0x95,
    0x9f, 0xe0, 0xbf, 0xf6, 0x0, 0xa, 0xf5, 0xbf,
    0xb0, 0x0, 0x6, 0xf7, 0xbf, 0x50, 0x0, 0x6,
    0xf8, 0xbf, 0x30, 0x0, 0x6, 0xf8, 0xbf, 0x30,
    0x0, 0x6, 0xf8, 0xbf, 0x30, 0x0, 0x6, 0xf8,
    0xbf, 0x30, 0x0, 0x6, 0xf8, 0xbf, 0x30, 0x0,
    0x6, 0xf8, 0xbf, 0x30, 0x0, 0x6, 0xf8,

    /* U+006F "o" */
    0x0, 0x5, 0xcf, 0xfb, 0x30, 0x0, 0x9, 0xff,
    0xcc, 0xff, 0x60, 0x6, 0xfe, 0x20, 0x4, 0xff,
    0x30, 0xdf, 0x50, 0x0, 0x8, 0xfa, 0x1f, 0xf0,
    0x0, 0x0, 0x3f, 0xe2, 0xff, 0x0, 0x0, 0x2,
    0xff, 0x1f, 0xf0, 0x0, 0x0, 0x3f, 0xe0, 0xdf,
    0x50, 0x0, 0x8, 0xfa, 0x6, 0xfe, 0x20, 0x4,
    0xff, 0x30, 0x9, 0xff, 0xbc, 0xff, 0x60, 0x0,
    0x5, 0xcf, 0xfb, 0x30, 0x0,

    /* U+0070 "p" */
    0xef, 0x2b, 0xff, 0xc4, 0x0, 0xef, 0xed, 0x89,
    0xff, 0x50, 0xef, 0xd0, 0x0, 0x3f, 0xf0, 0xef,
    0x50, 0x0, 0xc, 0xf5, 0xef, 0x10, 0x0, 0x9,
    0xf8, 0xef, 0x0, 0x0, 0x7, 0xf9, 0xef, 0x20,
    0x0, 0x9, 0xf8, 0xef, 0x60, 0x0, 0xd, 0xf5,
    0xef, 0xe1, 0x0, 0x6f, 0xe0, 0xef, 0xdf, 0xbc,
    0xff, 0x50, 0xef, 0x1a, 0xef, 0xc3, 0x0, 0xef,
    0x0, 0x0, 0x0, 0x0, 0xef, 0x0, 0x0, 0x0,
    0x0, 0xef, 0x0, 0x0, 0x0, 0x0,

    /* U+0071 "q" */
    0x0, 0x19, 0xef, 0xd5, 0x9f, 0x50, 0x1d, 0xfe,
    0xbd, 0xfd, 0xf5, 0x9, 0xfc, 0x0, 0x9, 0xff,
    0x50, 0xef, 0x30, 0x0, 0xe, 0xf5, 0x1f, 0xf0,
    0x0, 0x0, 0xaf, 0x52, 0xfe, 0x0, 0x0, 0x9,
    0xf5, 0x1f, 0xf0, 0x0, 0x0, 0xbf, 0x50, 0xef,
    0x40, 0x0, 0xe, 0xf5, 0x8, 0xfc, 0x0, 0x9,
    0xff, 0x50, 0xd, 0xfe, 0xad, 0xfd, 0xf5, 0x0,
    0x19, 0xef, 0xd5, 0x9f, 0x50, 0x0, 0x0, 0x0,
    0x9, 0xf5, 0x0, 0x0, 0x0, 0x0, 0x9f, 0x50,
    0x0, 0x0, 0x0, 0x9, 0xf5,

    /* U+0072 "r" */
    0x9f, 0x50, 0x4b, 0xe5, 0x9f, 0x59, 0xff, 0xe5,
    0x9f, 0xbf, 0x70, 0x0, 0x9f, 0xf6, 0x0, 0x0,
    0x9f, 0xb0, 0x0, 0x0, 0x9f, 0x50, 0x0, 0x0,
    0x9f, 0x50, 0x0, 0x0, 0x9f, 0x50, 0x0, 0x0,
    0x9f, 0x50, 0x0, 0x0, 0x9f, 0x50, 0x0, 0x0,
    0x9f, 0x50, 0x0, 0x0,

    /* U+0073 "s" */
    0x0, 0x6c, 0xee, 0xc6, 0x0, 0xa, 0xfe, 0xaa,
    0xef, 0x80, 0x2f, 0xe0, 0x0, 0x1f, 0xf0, 0x2f,
    0xd0, 0x0, 0x1, 0x10, 0xc, 0xfc, 0x74, 0x10,
    0x0, 0x1, 0xaf, 0xff, 0xfb, 0x20, 0x0, 0x0,
    0x36, 0xbf, 0xe0, 0x37, 0x30, 0x0, 0xc, 0xf3,
    0x5f, 0xb0, 0x0, 0xd, 0xf3, 0xd, 0xfd, 0x99,
    0xdf, 0xc0, 0x0, 0x8d, 0xff, 0xd7, 0x0,

    /* U+0074 "t" */
    0x0, 0x2, 0xfb, 0x0, 0x0, 0x0, 0x0, 0x2f,
    0xb0, 0x0, 0x0, 0x0, 0x2, 0xfb, 0x0, 0x0,
    0x5, 0xff, 0xff, 0xff, 0xff, 0x90, 0x27, 0x78,
    0xfd, 0x77, 0x74, 0x0, 0x0, 0x2f, 0xb0, 0x0,
    0x0, 0x0, 0x2, 0xfb, 0x0, 0x0, 0x0, 0x0,
    0x2f, 0xb0, 0x0, 0x0, 0x0, 0x2, 0xfb, 0x0,
    0x0, 0x0, 0x0, 0x2f, 0xb0, 0x0, 0x0, 0x0,
    0x2, 0xfb, 0x0, 0x0, 0x0, 0x0, 0xf, 0xe0,
    0x0, 0x1, 0x0, 0x0, 0x8f, 0xea, 0xbf, 0x50,
    0x0, 0x0, 0x6d, 0xff, 0xc2,

    /* U+0075 "u" */
    0xbf, 0x30, 0x0, 0x6, 0xf8, 0xbf, 0x30, 0x0,
    0x6, 0xf8, 0xbf, 0x30, 0x0, 0x6, 0xf8, 0xbf,
    0x30, 0x0, 0x6, 0xf8, 0xbf, 0x30, 0x0, 0x6,
    0xf8, 0xbf, 0x30, 0x0, 0x6, 0xf8, 0xbf, 0x30,
    0x0, 0x8, 0xf8, 0xaf, 0x30, 0x0, 0xe, 0xf8,
    0x8f, 0x70, 0x0, 0x9f, 0xf8, 0x2f, 0xf7, 0x5b,
    0xf9, 0xf8, 0x4, 0xcf, 0xea, 0x26, 0xf8,

    /* U+0076 "v" */
    0xf, 0xf0, 0x0, 0x0, 0x5f, 0x90, 0x9f, 0x50,
    0x0, 0xb, 0xf3, 0x4, 0xfa, 0x0, 0x1, 0xfe,
    0x0, 0xe, 0xf0, 0x0, 0x6f, 0x80, 0x0, 0x8f,
    0x50, 0xb, 0xf2, 0x0, 0x3, 0xfb, 0x1, 0xfc,
    0x0, 0x0, 0xd, 0xf0, 0x6f, 0x70, 0x0, 0x0,
    0x7f, 0x5b, 0xf1, 0x0, 0x0, 0x1, 0xfd, 0xfb,
    0x0, 0x0, 0x0, 0xc, 0xff, 0x60, 0x0, 0x0,
    0x0, 0x6f, 0xf0, 0x0, 0x0,

    /* U+0077 "w" */
    0xcf, 0x20, 0x4f, 0xe0, 0x8, 0xf6, 0x9f, 0x40,
    0x7f, 0xf1, 0xb, 0xf3, 0x6f, 0x70, 0xad, 0xf4,
    0xd, 0xf0, 0x2f, 0xa0, 0xd8, 0xe7, 0xf, 0xc0,
    0xf, 0xc0, 0xf5, 0xba, 0x2f, 0x90, 0xb, 0xf3,
    0xf3, 0x9d, 0x5f, 0x50, 0x8, 0xf8, 0xf0, 0x6f,
    0x8f, 0x20, 0x4, 0xfe, 0xd0, 0x3f, 0xee, 0x0,
    0x1, 0xff, 0xa0, 0xf, 0xfb, 0x0, 0x0, 0xef,
    0x70, 0xd, 0xf8, 0x0, 0x0, 0xaf, 0x40, 0xa,
    0xf4, 0x0,

    /* U+0078 "x" */
    0x8, 0xfa, 0x0, 0x1, 0xff, 0x30, 0xd, 0xf4,
    0x0, 0xaf, 0x80, 0x0, 0x3f, 0xd0, 0x3f, 0xd0,
    0x0, 0x0, 0x9f, 0x7c, 0xf3, 0x0, 0x0, 0x0,
    0xdf, 0xf8, 0x0, 0x0, 0x0, 0x7, 0xff, 0x10,
    0x0, 0x0, 0x1, 0xff, 0xfa, 0x0, 0x0, 0x0,
    0xbf, 0x5b, 0xf6, 0x0, 0x0, 0x7f, 0xb0, 0x2f,
    0xf1, 0x0, 0x2f, 0xf1, 0x0, 0x6f, 0xb0, 0xc,
    0xf6, 0x0, 0x0, 0xcf, 0x70,

    /* U+0079 "y" */
    0x1f, 0xf0, 0x0, 0x0, 0x5f, 0xa0, 0xaf, 0x50,
    0x0, 0xb, 0xf4, 0x4, 0xfb, 0x0, 0x1, 0xfe,
    0x0, 0xe, 0xf1, 0x0, 0x6f, 0x80, 0x0, 0x8f,
    0x70, 0xc, 0xf2, 0x0, 0x2, 0xfc, 0x1, 0xfc,
    0x0, 0x0, 0xc, 0xf2, 0x7f, 0x60, 0x0, 0x0,
    0x6f, 0x8d, 0xf1, 0x0, 0x0, 0x1, 0xff, 0xfa,
    0x0, 0x0, 0x0, 0xa, 0xff, 0x40, 0x0, 0x0,
    0x0, 0x4f, 0xe0, 0x0, 0x0, 0x0, 0x6, 0xf8,
    0x0, 0x0, 0x2, 0xec, 0xff, 0x10, 0x0, 0x0,
    0x1e, 0xfd, 0x40, 0x0, 0x0,

    /* U+007A "z" */
    0x5f, 0xff, 0xff, 0xff, 0xf0, 0x27, 0x77, 0x77,
    0xbf, 0xd0, 0x0, 0x0, 0x2, 0xff, 0x20, 0x0,
    0x0, 0xd, 0xf5, 0x0, 0x0, 0x0, 0xbf, 0x80,
    0x0, 0x0, 0x8, 0xfb, 0x0, 0x0, 0x0, 0x4f,
    0xe1, 0x0, 0x0, 0x2, 0xff, 0x30, 0x0, 0x0,
    0xd, 0xf6, 0x0, 0x0, 0x0, 0x9f, 0xe7, 0x77,
    0x77, 0x73, 0xbf, 0xff, 0xff, 0xff, 0xf6,

    /* U+007B "{" */
    0x0, 0x8e, 0xf4, 0x3, 0xfb, 0x20, 0x6, 0xf7,
    0x0, 0x7, 0xf7, 0x0, 0x7, 0xf7, 0x0, 0x7,
    0xf7, 0x0, 0x7, 0xf7, 0x0, 0x7, 0xf7, 0x0,
    0x7, 0xf6, 0x0, 0xa, 0xf4, 0x0, 0xaf, 0xd0,
    0x0, 0x3c, 0xf2, 0x0, 0x7, 0xf6, 0x0, 0x7,
    0xf6, 0x0, 0x7, 0xf7, 0x0, 0x7, 0xf7, 0x0,
    0x7, 0xf7, 0x0, 0x7, 0xf7, 0x0, 0x6, 0xf7,
    0x0, 0x4, 0xfa, 0x0, 0x0, 0xcf, 0xf4, 0x0,
    0x1, 0x20,

    /* U+007C "|" */
    0x8, 0x60, 0xfd, 0xf, 0xd0, 0xfd, 0xf, 0xd0,
    0xfd, 0xf, 0xd0, 0xfd, 0xf, 0xd0, 0xfd, 0xf,
    0xd0, 0xfd, 0xf, 0xd0, 0xfd, 0xf, 0xd0, 0xfd,
    0xf, 0xd0, 0xfd, 0xf, 0xd0, 0xfd, 0xf, 0xd0,
    0xfd, 0xf, 0xd0, 0xfd,

    /* U+007D "}" */
    0x9f, 0xd5, 0x0, 0x13, 0xee, 0x0, 0x0, 0xbf,
    0x20, 0x0, 0xbf, 0x20, 0x0, 0xbf, 0x20, 0x0,
    0xbf, 0x20, 0x0, 0xbf, 0x20, 0x0, 0xbf, 0x20,
    0x0, 0xaf, 0x20, 0x0, 0x8f, 0x70, 0x0, 0x1f,
    0xf6, 0x0, 0x6f, 0xa1, 0x0, 0xaf, 0x20, 0x0,
    0xbf, 0x20, 0x0, 0xbf, 0x20, 0x0, 0xbf, 0x20,
    0x0, 0xbf, 0x20, 0x0, 0xbf, 0x20, 0x0, 0xbf,
    0x20, 0x0, 0xdf, 0x0, 0x9f, 0xf8, 0x0, 0x12,
    0x0, 0x0,

    /* U+007E "~" */
    0x3, 0xed, 0x70, 0x0, 0x34, 0x1e, 0xff, 0xfd,
    0x42, 0xda, 0x8d, 0x10, 0x8f, 0xff, 0xf2, 0x14,
    0x0, 0x4, 0xdd, 0x40,

    /* U+00B7 "·" */
    0xef, 0xfc, 0xef, 0xfc, 0xef, 0xfc, 0x89, 0x97,

    /* U+2192 "→" */
    0x0, 0x0, 0x0, 0x0, 0x0, 0x0, 0x4, 0x10,
    0x0, 0x0, 0x0, 0x0, 0x0, 0x0, 0x0, 0x0,
    0x6, 0xc0, 0x0, 0x0, 0x0, 0x0, 0x0, 0x0,
    0x0, 0x0, 0x6, 0xf9, 0x0, 0x0, 0x0, 0x0,
    0x0, 0x0, 0x0, 0x0, 0x6, 0xff, 0x60, 0x0,
    0x0, 0x0, 0x0, 0x0, 0x0, 0x0, 0x6, 0xff,
    0xf3, 0x0, 0x12, 0x22, 0x22, 0x22, 0x22, 0x22,
    0x27, 0xff, 0xfe, 0x10, 0x8f, 0xff, 0xff, 0xff,
    0xff, 0xff, 0xff, 0xff, 0xff, 0xc0, 0x8f, 0xff,
    0xff, 0xff, 0xff, 0xff, 0xff, 0xff, 0xff, 0xf5,
    0x7f, 0xff, 0xff, 0xff, 0xff, 0xff, 0xff, 0xff,
    0xff, 0xa0, 0x0, 0x0, 0x0, 0x0, 0x0, 0x0,
    0x6, 0xff, 0xfc, 0x0, 0x0, 0x0, 0x0, 0x0,
    0x0, 0x0, 0x6, 0xff, 0xe1, 0x0, 0x0, 0x0,
    0x0, 0x0, 0x0, 0x0, 0x6, 0xff, 0x30, 0x0,
    0x0, 0x0, 0x0, 0x0, 0x0, 0x0, 0x6, 0xf5,
    0x0, 0x0, 0x0, 0x0, 0x0, 0x0, 0x0, 0x0,
    0x6, 0x80, 0x0, 0x0, 0x0, 0x0, 0x0, 0x0,
    0x0, 0x0, 0x2, 0x0, 0x0, 0x0,

    /* U+3001 "、" */
    0x0, 0x0, 0x0, 0x4e, 0x60, 0x0, 0x1f, 0xf2,
    0x0, 0x9, 0xfb, 0x0, 0x1, 0xff, 0x50, 0x0,
    0xaf, 0xd0, 0x0, 0x3f, 0xf7, 0x0, 0xb, 0x81,
    0x0, 0x0, 0x0,

    /* U+300C "「" */
    0x0, 0x0, 0x0, 0x0, 0x1, 0xff, 0xff, 0xff,
    0xf5, 0x1f, 0xa7, 0x77, 0x77, 0x21, 0xf6, 0x0,
    0x0, 0x0, 0x1f, 0x60, 0x0, 0x0, 0x1, 0xf6,
    0x0, 0x0, 0x0, 0x1f, 0x60, 0x0, 0x0, 0x1,
    0xf6, 0x0, 0x0, 0x0, 0x1f, 0x60, 0x0, 0x0,
    0x1, 0xf6, 0x0, 0x0, 0x0, 0x1f, 0x60, 0x0,
    0x0, 0x1, 0xf6, 0x0, 0x0, 0x0, 0x1f, 0x60,
    0x0, 0x0, 0x1, 0xf6, 0x0, 0x0, 0x0, 0x1f,
    0x60, 0x0, 0x0, 0x1, 0xf6, 0x0, 0x0, 0x0,
    0x1f, 0x60, 0x0, 0x0, 0x1, 0xf6, 0x0, 0x0,
    0x0, 0x1f, 0x60, 0x0, 0x0, 0x1, 0xf6, 0x0,
    0x0, 0x0, 0x1f, 0x60, 0x0, 0x0, 0x0, 0x42,
    0x0, 0x0, 0x0,

    /* U+300D "」" */
    0x0, 0x0, 0x0, 0x46, 0x0, 0x0, 0x0, 0x9e,
    0x0, 0x0, 0x0, 0x9e, 0x0, 0x0, 0x0, 0x9e,
    0x0, 0x0, 0x0, 0x9e, 0x0, 0x0, 0x0, 0x9e,
    0x0, 0x0, 0x0, 0x9e, 0x0, 0x0, 0x0, 0x9e,
    0x0, 0x0, 0x0, 0x9e, 0x0, 0x0, 0x0, 0x9e,
    0x0, 0x0, 0x0, 0x9e, 0x0, 0x0, 0x0, 0x9e,
    0x0, 0x0, 0x0, 0x9e, 0x0, 0x0, 0x0, 0x9e,
    0x0, 0x0, 0x0, 0x9e, 0x0, 0x0, 0x0, 0x9e,
    0x0, 0x0, 0x0, 0x9e, 0x0, 0x0, 0x0, 0x9e,
    0x0, 0x0, 0x0, 0x9e, 0x48, 0x88, 0x88, 0xce,
    0x9f, 0xff, 0xff, 0xfe,

    /* U+4E00 "一" */
    0x11, 0x10, 0x0, 0x0, 0x0, 0x0, 0x0, 0x0,
    0x0, 0x0, 0x10, 0xef, 0xff, 0xff, 0xff, 0xff,
    0xff, 0xff, 0xff, 0xff, 0xff, 0xf7, 0xef, 0xff,
    0xff, 0xff, 0xff, 0xff, 0xff, 0xff, 0xff, 0xff,
    0xf7, 0x44, 0x43, 0x33, 0x33, 0x33, 0x33, 0x33,
    0x33, 0x33, 0x33, 0x42,

    /* U+4E03 "七" */
    0x0, 0x0, 0x0, 0x0, 0x8, 0x83, 0x0, 0x0,
    0x0, 0x0, 0x0, 0x0, 0x0, 0x0, 0x0, 0x0,
    0xff, 0x40, 0x0, 0x0, 0x0, 0x0, 0x0, 0x0,
    0x0, 0x0, 0x0, 0xf, 0xf3, 0x0, 0x0, 0x0,
    0x0, 0x0, 0x0, 0x0, 0x0, 0x0, 0x0, 0xef,
    0x20, 0x0, 0x0, 0x0, 0x0, 0x0, 0x0, 0x0,
    0x0, 0x0, 0xe, 0xf2, 0x0, 0x0, 0x0, 0x0,
    0x0, 0x0, 0x0, 0x0, 0x0, 0x0, 0xef, 0x20,
    0x0, 0x0, 0x0, 0x3, 0x82, 0x0, 0x0, 0x0,
    0x0, 0xe, 0xf2, 0x0, 0x0, 0x26, 0x9e, 0xff,
    0x60, 0x0, 0x0, 0x0, 0x0, 0xef, 0x23, 0x7b,
    0xef, 0xff, 0xfc, 0x84, 0x0, 0x0, 0x0, 0x1,
    0x4f, 0xff, 0xff, 0xff, 0xb7, 0x30, 0x0, 0x0,
    0x2, 0x58, 0xbe, 0xff, 0xff, 0xeb, 0x73, 0x0,
    0x0, 0x0, 0x0, 0xf, 0xff, 0xff, 0xfd, 0xaf,
    0xf2, 0x0, 0x0, 0x0, 0x0, 0x0, 0x0, 0xcf,
    0xb7, 0x40, 0x0, 0xef, 0x20, 0x0, 0x0, 0x0,
    0x0, 0x0, 0x1, 0x0, 0x0, 0x0, 0xe, 0xf2,
    0x0, 0x0, 0x0, 0x0, 0x0, 0x0, 0x0, 0x0,
    0x0, 0x0, 0xef, 0x20, 0x0, 0x0, 0x0, 0x0,
    0x0, 0x0, 0x0, 0x0, 0x0, 0xe, 0xf2, 0x0,
    0x0, 0x0, 0x0, 0x0, 0x0, 0x0, 0x0, 0x0,
    0x0, 0xef, 0x20, 0x0, 0x0, 0x0, 0x0, 0x0,
    0x0, 0x0, 0x0, 0x0, 0xe, 0xf2, 0x0, 0x0,
    0x0, 0x0, 0xa5, 0x0, 0x0, 0x0, 0x0, 0x0,
    0xef, 0x20, 0x0, 0x0, 0x0, 0xf, 0xf8, 0x0,
    0x0, 0x0, 0x0, 0xd, 0xf8, 0x11, 0x11, 0x11,
    0x18, 0xff, 0x20, 0x0, 0x0, 0x0, 0x0, 0x9f,
    0xff, 0xff, 0xff, 0xff, 0xff, 0xa0, 0x0, 0x0,
    0x0, 0x0, 0x0, 0x69, 0xaa, 0xaa, 0xaa, 0xa9,
    0x70, 0x0,

    /* U+4E09 "三" */
    0x0, 0x11, 0x0, 0x0, 0x0, 0x0, 0x0, 0x0,
    0x1, 0x10, 0x0, 0x0, 0xdf, 0xff, 0xff, 0xff,
    0xff, 0xff, 0xff, 0xff, 0xf5, 0x0, 0x0, 0xbc,
    0xcb, 0xbb, 0xbb, 0xbb, 0xbb, 0xbb, 0xbc, 0xc4,
    0x0, 0x0, 0x0, 0x0, 0x0, 0x0, 0x0, 0x0,
    0x0, 0x0, 0x0, 0x0, 0x0, 0x0, 0x0, 0x0,
    0x0, 0x0, 0x0, 0x0, 0x0, 0x0, 0x0, 0x0,
    0x0, 0x0, 0x0, 0x0, 0x0, 0x0, 0x0, 0x0,
    0x0, 0x0, 0x0, 0x0, 0x0, 0x0, 0x0, 0x0,
    0x0, 0x0, 0x0, 0x0, 0x0, 0x0, 0x0, 0x0,
    0x0, 0x0, 0x0, 0x0, 0x0, 0x0, 0x0, 0x0,
    0x0, 0x7, 0xff, 0xee, 0xee, 0xee, 0xee, 0xee,
    0xfb, 0x0, 0x0, 0x0, 0x7, 0xff, 0xff, 0xff,
    0xff, 0xff, 0xff, 0xfb, 0x0, 0x0, 0x0, 0x0,
    0x0, 0x0, 0x0, 0x0, 0x0, 0x0, 0x0, 0x0,
    0x0, 0x0, 0x0, 0x0, 0x0, 0x0, 0x0, 0x0,
    0x0, 0x0, 0x0, 0x0, 0x0, 0x0, 0x0, 0x0,
    0x0, 0x0, 0x0, 0x0, 0x0, 0x0, 0x0, 0x0,
    0x0, 0x0, 0x0, 0x0, 0x0, 0x0, 0x0, 0x0,
    0x0, 0x0, 0x0, 0x0, 0x0, 0x0, 0x0, 0x0,
    0x0, 0x0, 0x0, 0x0, 0x0, 0x0, 0x0, 0x0,
    0x0, 0x0, 0x0, 0x0, 0x0, 0x0, 0x0, 0x0,
    0x11, 0x10, 0x0, 0x0, 0x0, 0x0, 0x0, 0x0,
    0x0, 0x12, 0x31, 0xdf, 0xff, 0xff, 0xff, 0xff,
    0xff, 0xff, 0xff, 0xff, 0xff, 0xf4, 0xbe, 0xdd,
    0xdd, 0xdd, 0xdd, 0xdd, 0xdd, 0xdd, 0xdd, 0xdd,
    0xe4,

    /* U+4E0A "上" */
    0x0, 0x0, 0x0, 0x0, 0xe, 0xf2, 0x0, 0x0,
    0x0, 0x0, 0x0, 0x0, 0x0, 0x0, 0x0, 0xe,
    0xf2, 0x0, 0x0, 0x0, 0x0, 0x0, 0x0, 0x0,
    0x0, 0x0, 0xe, 0xf1, 0x0, 0x0, 0x0, 0x0,
    0x0, 0x0, 0x0, 0x0, 0x0, 0xe, 0xf1, 0x0,
    0x0, 0x0, 0x0, 0x0, 0x0, 0x0, 0x0, 0x0,
    0xe, 0xf1, 0x0, 0x0, 0x0, 0x0, 0x0, 0x0,
    0x0, 0x0, 0x0, 0xe, 0xf1, 0x0, 0x0, 0x0,
    0x0, 0x0, 0x0, 0x0, 0x0, 0x0, 0xe, 0xf2,
    0x0, 0x0, 0x1, 0x12, 0x0, 0x0, 0x0, 0x0,
    0x0, 0xe, 0xff, 0xff, 0xff, 0xff, 0xff, 0x0,
    0x0, 0x0, 0x0, 0x0, 0xe, 0xfd, 0xdd, 0xdd,
    0xdd, 0xee, 0x0, 0x0, 0x0, 0x0, 0x0, 0xe,
    0xf1, 0x0, 0x0, 0x0, 0x0, 0x0, 0x0, 0x0,
    0x0, 0x0, 0xe, 0xf1, 0x0, 0x0, 0x0, 0x0,
    0x0, 0x0, 0x0, 0x0, 0x0, 0xe, 0xf1, 0x0,
    0x0, 0x0, 0x0, 0x0, 0x0, 0x0, 0x0, 0x0,
    0xe, 0xf1, 0x0, 0x0, 0x0, 0x0, 0x0, 0x0,
    0x0, 0x0, 0x0, 0xe, 0xf1, 0x0, 0x0, 0x0,
    0x0, 0x0, 0x0, 0x0, 0x0, 0x0, 0xe, 0xf1,
    0x0, 0x0, 0x0, 0x0, 0x0, 0x0, 0x0, 0x0,
    0x0, 0xe, 0xf1, 0x0, 0x0, 0x0, 0x0, 0x0,
    0x0, 0x0, 0x0, 0x0, 0xe, 0xf1, 0x0, 0x0,
    0x0, 0x0, 0x0, 0x0, 0x0, 0x0, 0x0, 0xe,
    0xf1, 0x0, 0x0, 0x0, 0x0, 0x0, 0xae, 0xdd,
    0xdd, 0xdd, 0xdf, 0xfd, 0xdd, 0xdd, 0xdd, 0xdd,
    0xdb, 0xbf, 0xff, 0xff, 0xff, 0xff, 0xff, 0xff,
    0xff, 0xff, 0xff, 0xfc, 0x0, 0x0, 0x0, 0x0,
    0x0, 0x0, 0x0, 0x0, 0x0, 0x0, 0x0,

    /* U+4E0B "下" */
    0x9e, 0xdd, 0xdd, 0xdd, 0xdd, 0xdd, 0xdd, 0xdd,
    0xdd, 0xde, 0xe3, 0xaf, 0xff, 0xff, 0xff, 0xff,
    0xff, 0xff, 0xff, 0xff, 0xff, 0xf4, 0x0, 0x0,
    0x0, 0x0, 0xd, 0xf2, 0x0, 0x0, 0x0, 0x0,
    0x0, 0x0, 0x0, 0x0, 0x0, 0xd, 0xf2, 0x0,
    0x0, 0x0, 0x0, 0x0, 0x0, 0x0, 0x0, 0x0,
    0xd, 0xf2, 0x0, 0x0, 0x0, 0x0, 0x0, 0x0,
    0x0, 0x0, 0x0, 0xd, 0xf2, 0x0, 0x0, 0x0,
    0x0, 0x0, 0x0, 0x0, 0x0, 0x0, 0xd, 0xf2,
    0x0, 0x0, 0x0, 0x0, 0x0, 0x0, 0x0, 0x0,
    0x0, 0xd, 0xf2, 0xa, 0xa0, 0x0, 0x0, 0x0,
    0x0, 0x0, 0x0, 0x0, 0xd, 0xf2, 0x3f, 0xfb,
    0x0, 0x0, 0x0, 0x0, 0x0, 0x0, 0x0, 0xd,
    0xf2, 0x4, 0xff, 0xc0, 0x0, 0x0, 0x0, 0x0,
    0x0, 0x0, 0xd, 0xf2, 0x0, 0x3f, 0xfc, 0x0,
    0x0, 0x0, 0x0, 0x0, 0x0, 0xd, 0xf2, 0x0,
    0x4, 0xff, 0xb0, 0x0, 0x0, 0x0, 0x0, 0x0,
    0xd, 0xf2, 0x0, 0x0, 0x4f, 0xfa, 0x0, 0x0,
    0x0, 0x0, 0x0, 0xd, 0xf2, 0x0, 0x0, 0x6,
    0xf5, 0x0, 0x0, 0x0, 0x0, 0x0, 0xd, 0xf2,
    0x0, 0x0, 0x0, 0x20, 0x0, 0x0, 0x0, 0x0,
    0x0, 0xd, 0xf2, 0x0, 0x0, 0x0, 0x0, 0x0,
    0x0, 0x0, 0x0, 0x0, 0xd, 0xf2, 0x0, 0x0,
    0x0, 0x0, 0x0, 0x0, 0x0, 0x0, 0x0, 0xd,
    0xf2, 0x0, 0x0, 0x0, 0x0, 0x0, 0x0, 0x0,
    0x0, 0x0, 0xd, 0xf2, 0x0, 0x0, 0x0, 0x0,
    0x0, 0x0, 0x0, 0x0, 0x0, 0xe, 0xf3, 0x0,
    0x0, 0x0, 0x0, 0x0,

    /* U+4E2D "中" */
    0x0, 0x0, 0x0, 0x0, 0x8, 0x80, 0x0, 0x0,
    0x0, 0x0, 0x0, 0x0, 0x0, 0x0, 0xf, 0xf0,
    0x0, 0x0, 0x0, 0x0, 0x0, 0x0, 0x0, 0x0,
    0xf, 0xf0, 0x0, 0x0, 0x0, 0x0, 0x0, 0x0,
    0x0, 0x0, 0xf, 0xf0, 0x0, 0x0, 0x0, 0x0,
    0x0, 0x0, 0x0, 0x0, 0xf, 0xf0, 0x0, 0x0,
    0x0, 0x0, 0x18, 0x88, 0x88, 0x88, 0x8f, 0xf8,
    0x88, 0x88, 0x88, 0x81, 0x1f, 0xff, 0xff, 0xff,
    0xff, 0xff, 0xff, 0xff, 0xff, 0xf3, 0x1f, 0xe0,
    0x0, 0x0, 0xf, 0xf0, 0x0, 0x0, 0xd, 0xf2,
    0x1f, 0xe0, 0x0, 0x0, 0xf, 0xf0, 0x0, 0x0,
    0xd, 0xf2, 0xf, 0xe0, 0x0, 0x0, 0xf, 0xf0,
    0x0, 0x0, 0xd, 0xf2, 0xf, 0xe0, 0x0, 0x0,
    0xf, 0xf0, 0x0, 0x0, 0xd, 0xf2, 0xf, 0xe0,
    0x0, 0x0, 0xf, 0xf0, 0x0, 0x0, 0xd, 0xf2,
    0xf, 0xf8, 0x88, 0x88, 0x8f, 0xf8, 0x88, 0x88,
    0x8e, 0xf2, 0x1f, 0xff, 0xff, 0xff, 0xff, 0xff,
    0xff, 0xff, 0xff, 0xf2, 0x1f, 0xe0, 0x0, 0x0,
    0xf, 0xf0, 0x0, 0x0, 0xd, 0xf3, 0x6, 0x50,
    0x0, 0x0, 0xf, 0xf0, 0x0, 0x0, 0x5, 0x61,
    0x0, 0x0, 0x0, 0x0, 0xf, 0xf0, 0x0, 0x0,
    0x0, 0x0, 0x0, 0x0, 0x0, 0x0, 0xf, 0xf0,
    0x0, 0x0, 0x0, 0x0, 0x0, 0x0, 0x0, 0x0,
    0xf, 0xf0, 0x0, 0x0, 0x0, 0x0, 0x0, 0x0,
    0x0, 0x0, 0xf, 0xf0, 0x0, 0x0, 0x0, 0x0,
    0x0, 0x0, 0x0, 0x0, 0xf, 0xf0, 0x0, 0x0,
    0x0, 0x0, 0x0, 0x0, 0x0, 0x0, 0x2f, 0xf1,
    0x0, 0x0, 0x0, 0x0,

    /* U+4E3A "为" */
    0x0, 0x0, 0x0, 0x0, 0x2, 0x74, 0x0, 0x0,
    0x0, 0x0, 0x0, 0x0, 0x2, 0x0, 0x0, 0x3f,
    0xf0, 0x0, 0x0, 0x0, 0x0, 0x0, 0x4, 0xf8,
    0x0, 0x4, 0xfc, 0x0, 0x0, 0x0, 0x0, 0x0,
    0x0, 0x4f, 0xf8, 0x0, 0x4f, 0xa0, 0x0, 0x0,
    0x0, 0x0, 0x0, 0x0, 0x4f, 0xf7, 0x5, 0xf9,
    0x0, 0x0, 0x0, 0x0, 0x0, 0x0, 0x0, 0x5f,
    0xd0, 0x6f, 0x70, 0x0, 0x0, 0x0, 0x0, 0x0,
    0x0, 0x0, 0x60, 0x8, 0xf6, 0x0, 0x0, 0x0,
    0x0, 0x0, 0xa, 0x99, 0x99, 0x99, 0xdf, 0xb9,
    0x99, 0x99, 0x99, 0x98, 0x1, 0xff, 0xff, 0xff,
    0xff, 0xff, 0xff, 0xff, 0xff, 0xff, 0xd0, 0x1,
    0x10, 0x0, 0x1, 0xff, 0x0, 0x0, 0x0, 0x4,
    0xfb, 0x0, 0x0, 0x0, 0x0, 0x4f, 0xb0, 0x0,
    0x0, 0x0, 0x5f, 0x90, 0x0, 0x0, 0x0, 0x9,
    0xf6, 0x0, 0x0, 0x0, 0x7, 0xf7, 0x0, 0x0,
    0x0, 0x0, 0xff, 0x14, 0xe5, 0x0, 0x0, 0x9f,
    0x60, 0x0, 0x0, 0x0, 0x8f, 0xa0, 0x8f, 0xfb,
    0x10, 0xb, 0xf4, 0x0, 0x0, 0x0, 0x1f, 0xf2,
    0x0, 0x5e, 0xff, 0x50, 0xcf, 0x20, 0x0, 0x0,
    0xc, 0xf8, 0x0, 0x0, 0x1c, 0xf4, 0xe, 0xf0,
    0x0, 0x0, 0x9, 0xfd, 0x0, 0x0, 0x0, 0x5,
    0x0, 0xff, 0x0, 0x0, 0x8, 0xfe, 0x20, 0x0,
    0x0, 0x0, 0x0, 0x1f, 0xd0, 0x0, 0xa, 0xff,
    0x30, 0x0, 0x0, 0x0, 0x0, 0x4, 0xfb, 0x0,
    0x4d, 0xff, 0x30, 0x0, 0x0, 0x0, 0x22, 0x24,
    0xcf, 0x90, 0x2f, 0xfe, 0x30, 0x0, 0x0, 0x0,
    0x7, 0xff, 0xff, 0xf2, 0x0, 0x4b, 0x10, 0x0,
    0x0, 0x0, 0x0, 0x1f, 0xeb, 0x82, 0x0,

    /* U+4E3B "主" */
    0x0, 0x0, 0x0, 0x0, 0x7, 0x0, 0x0, 0x0,
    0x0, 0x0, 0x0, 0x0, 0x0, 0x0, 0x0, 0xaf,
    0x80, 0x0, 0x0, 0x0, 0x0, 0x0, 0x0, 0x0,
    0x0, 0x0, 0x2f, 0xf6, 0x0, 0x0, 0x0, 0x0,
    0x0, 0x0, 0x0, 0x0, 0x0, 0x4, 0xff, 0x20,
    0x0, 0x0, 0x0, 0x0, 0x0, 0x0, 0x0, 0x0,
    0x0, 0x8c, 0x30, 0x0, 0x0, 0x0, 0x0, 0x7,
    0xba, 0xaa, 0xaa, 0xaa, 0xaa, 0xaa, 0xaa, 0xaa,
    0xab, 0x70, 0x9, 0xff, 0xff, 0xff, 0xff, 0xff,
    0xff, 0xff, 0xff, 0xff, 0x90, 0x0, 0x0, 0x0,
    0x0, 0x1, 0xfe, 0x0, 0x0, 0x0, 0x0, 0x0,
    0x0, 0x0, 0x0, 0x0, 0x1, 0xfe, 0x0, 0x0,
    0x0, 0x0, 0x0, 0x0, 0x0, 0x0, 0x0, 0x1,
    0xfe, 0x0, 0x0, 0x0, 0x0, 0x0, 0x0, 0x0,
    0x0, 0x0, 0x1, 0xfe, 0x0, 0x0, 0x0, 0x0,
    0x0, 0x0, 0x1, 0x10, 0x0, 0x1, 0xfe, 0x0,
    0x0, 0x1, 0x10, 0x0, 0x0, 0x4f, 0xff, 0xff,
    0xff, 0xff, 0xff, 0xff, 0xff, 0xf3, 0x0, 0x0,
    0x39, 0x98, 0x88, 0x89, 0xff, 0x88, 0x88, 0x89,
    0x92, 0x0, 0x0, 0x0, 0x0, 0x0, 0x1, 0xfe,
    0x0, 0x0, 0x0, 0x0, 0x0, 0x0, 0x0, 0x0,
    0x0, 0x1, 0xfe, 0x0, 0x0, 0x0, 0x0, 0x0,
    0x0, 0x0, 0x0, 0x0, 0x1, 0xfe, 0x0, 0x0,
    0x0, 0x0, 0x0, 0x0, 0x0, 0x0, 0x0, 0x1,
    0xfe, 0x0, 0x0, 0x0, 0x0, 0x0, 0x0, 0x0,
    0x0, 0x0, 0x1, 0xfe, 0x0, 0x0, 0x0, 0x0,
    0x0, 0x8c, 0xba, 0xaa, 0xaa, 0xaa, 0xff, 0xaa,
    0xaa, 0xaa, 0xaa, 0xb8, 0x9f, 0xff, 0xff, 0xff,
    0xff, 0xff, 0xff, 0xff, 0xff, 0xff, 0xfb, 0x0,
    0x0, 0x0, 0x0, 0x0, 0x0, 0x0, 0x0, 0x0,
    0x0, 0x0,

    /* U+4E5F "也" */
    0x0, 0x0, 0x0, 0x0, 0x0, 0x11, 0x0, 0x0,
    0x0, 0x0, 0x0, 0x0, 0x0, 0x0, 0x0, 0x0,
    0xef, 0x30, 0x0, 0x0, 0x0, 0x0, 0x0, 0x0,
    0x0, 0x0, 0x0, 0xef, 0x20, 0x0, 0x0, 0x0,
    0x0, 0x0, 0x0, 0xcc, 0x0, 0x0, 0xdf, 0x20,
    0x0, 0x0, 0x0, 0x0, 0x0, 0x0, 0xff, 0x0,
    0x0, 0xdf, 0x20, 0x0, 0x0, 0x0, 0x0, 0x0,
    0x0, 0xff, 0x0, 0x0, 0xdf, 0x20, 0x1, 0x5a,
    0xe2, 0x0, 0x0, 0x0, 0xff, 0x0, 0x0, 0xdf,
    0x57, 0xcf, 0xff, 0xf0, 0x0, 0x0, 0x0, 0xff,
    0x0, 0x15, 0xef, 0xff, 0xfc, 0x8f, 0xf0, 0x0,
    0x0, 0x0, 0xff, 0x7c, 0xff, 0xff, 0xa5, 0x10,
    0x1f, 0xd0, 0x0, 0x2, 0x6a, 0xff, 0xff, 0xb7,
    0xef, 0x20, 0x0, 0x2f, 0xc0, 0x0, 0x4f, 0xff,
    0xff, 0x40, 0x0, 0xdf, 0x20, 0x0, 0x4f, 0xb0,
    0x0, 0x1c, 0x73, 0xff, 0x0, 0x0, 0xdf, 0x20,
    0x0, 0x5f, 0x90, 0x0, 0x0, 0x0, 0xff, 0x0,
    0x0, 0xdf, 0x20, 0x0, 0x7f, 0x80, 0x0, 0x0,
    0x0, 0xff, 0x0, 0x0, 0xdf, 0x20, 0x0, 0xbf,
    0x60, 0x0, 0x0, 0x0, 0xff, 0x0, 0x0, 0xdf,
    0x26, 0xce, 0xff, 0x20, 0x0, 0x0, 0x0, 0xff,
    0x0, 0x0, 0xdf, 0x33, 0xff, 0xd5, 0x0, 0x0,
    0x0, 0x0, 0xff, 0x0, 0x0, 0xef, 0x30, 0x41,
    0x0, 0x3, 0x0, 0x0, 0x0, 0xff, 0x0, 0x0,
    0xab, 0x20, 0x0, 0x0, 0xa, 0xf8, 0x0, 0x0,
    0xef, 0x0, 0x0, 0x0, 0x0, 0x0, 0x0, 0xc,
    0xf9, 0x0, 0x0, 0xcf, 0x81, 0x11, 0x11, 0x11,
    0x11, 0x11, 0x3f, 0xf4, 0x0, 0x0, 0x6f, 0xff,
    0xff, 0xff, 0xff, 0xff, 0xff, 0xff, 0xe0, 0x0,
    0x0, 0x4, 0x9a, 0xaa, 0xaa, 0xaa, 0xaa, 0xaa,
    0x97, 0x20,

    /* U+4E8B "事" */
    0x0, 0x0, 0x0, 0x0, 0x0, 0x32, 0x0, 0x0,
    0x0, 0x0, 0x0, 0x0, 0x0, 0x0, 0x0, 0x1,
    0xfa, 0x0, 0x0, 0x0, 0x0, 0x0, 0x59, 0x98,
    0x88, 0x88, 0x89, 0xfd, 0x88, 0x88, 0x88, 0x89,
    0x92, 0x8f, 0xff, 0xff, 0xff, 0xff, 0xff, 0xff,
    0xff, 0xff, 0xff, 0xf4, 0x0, 0x0, 0x0, 0x0,
    0x1, 0xf9, 0x0, 0x0, 0x0, 0x0, 0x0, 0x0,
    0xa, 0xff, 0xff, 0xff, 0xff, 0xff, 0xff, 0xff,
    0x70, 0x0, 0x0, 0xa, 0xf9, 0x88, 0x89, 0xfd,
    0x88, 0x88, 0xbf, 0x70, 0x0, 0x0, 0x9, 0xf1,
    0x0, 0x1, 0xf9, 0x0, 0x0, 0x5f, 0x60, 0x0,
    0x0, 0xa, 0xf9, 0x88, 0x89, 0xfd, 0x88, 0x88,
    0xbf, 0x70, 0x0, 0x0, 0xa, 0xff, 0xff, 0xff,
    0xff, 0xff, 0xff, 0xff, 0x70, 0x0, 0x0, 0x0,
    0x0, 0x0, 0x1, 0xf9, 0x0, 0x0, 0x0, 0x0,
    0x0, 0x0, 0xcf, 0xff, 0xff, 0xff, 0xff, 0xff,
    0xff, 0xff, 0xa0, 0x0, 0x0, 0x79, 0x88, 0x88,
    0x89, 0xfd, 0x88, 0x88, 0x9f, 0xa0, 0x0, 0x1,
    0x0, 0x0, 0x0, 0x1, 0xf9, 0x0, 0x0, 0x2f,
    0x90, 0x0, 0x7f, 0xff, 0xff, 0xff, 0xff, 0xff,
    0xff, 0xff, 0xff, 0xff, 0xfb, 0x48, 0x88, 0x88,
    0x88, 0x88, 0xfc, 0x88, 0x88, 0x9f, 0xc8, 0x86,
    0x0, 0x11, 0x0, 0x0, 0x1, 0xfa, 0x0, 0x0,
    0x3f, 0x90, 0x0, 0x0, 0xcf, 0xff, 0xff, 0xff,
    0xff, 0xff, 0xff, 0xff, 0xa0, 0x0, 0x0, 0x67,
    0x77, 0x77, 0x77, 0xfc, 0x77, 0x77, 0x8f, 0xa0,
    0x0, 0x0, 0x0, 0x0, 0x0, 0x1, 0xf9, 0x0,
    0x0, 0x5, 0x30, 0x0, 0x0, 0x0, 0x0, 0x8,
    0xbe, 0xf8, 0x0, 0x0, 0x0, 0x0, 0x0, 0x0,
    0x0, 0x0, 0x4, 0xff, 0xc1, 0x0, 0x0, 0x0,
    0x0, 0x0, 0x0, 0x0, 0x0, 0x0, 0x41, 0x0,
    0x0, 0x0, 0x0, 0x0, 0x0,

    /* U+4E8C "二" */
    0x0, 0x6d, 0xcc, 0xcc, 0xcc, 0xcc, 0xcc, 0xcc,
    0xde, 0xc0, 0x0, 0x0, 0x7f, 0xff, 0xff, 0xff,
    0xff, 0xff, 0xff, 0xff, 0xd0, 0x0, 0x0, 0x25,
    0x44, 0x44, 0x44, 0x44, 0x44, 0x44, 0x45, 0x40,
    0x0, 0x0, 0x0, 0x0, 0x0, 0x0, 0x0, 0x0,
    0x0, 0x0, 0x0, 0x0, 0x0, 0x0, 0x0, 0x0,
    0x0, 0x0, 0x0, 0x0, 0x0, 0x0, 0x0, 0x0,
    0x0, 0x0, 0x0, 0x0, 0x0, 0x0, 0x0, 0x0,
    0x0, 0x0, 0x0, 0x0, 0x0, 0x0, 0x0, 0x0,
    0x0, 0x0, 0x0, 0x0, 0x0, 0x0, 0x0, 0x0,
    0x0, 0x0, 0x0, 0x0, 0x0, 0x0, 0x0, 0x0,
    0x0, 0x0, 0x0, 0x0, 0x0, 0x0, 0x0, 0x0,
    0x0, 0x0, 0x0, 0x0, 0x0, 0x0, 0x0, 0x0,
    0x0, 0x0, 0x0, 0x0, 0x0, 0x0, 0x0, 0x0,
    0x0, 0x0, 0x0, 0x0, 0x0, 0x0, 0x0, 0x0,
    0x0, 0x0, 0x0, 0x0, 0x0, 0x0, 0x0, 0x0,
    0x0, 0x0, 0x0, 0x0, 0x0, 0x0, 0x0, 0x0,
    0x0, 0x0, 0x0, 0x0, 0x0, 0x0, 0x0, 0x43,
    0x33, 0x33, 0x33, 0x33, 0x33, 0x33, 0x33, 0x33,
    0x33, 0x52, 0xef, 0xff, 0xff, 0xff, 0xff, 0xff,
    0xff, 0xff, 0xff, 0xff, 0xf6, 0xde, 0xed, 0xdd,
    0xdd, 0xdd, 0xdd, 0xdd, 0xdd, 0xdd, 0xde, 0xe5,

    /* U+4E8E "于" */
    0x0, 0x6a, 0x99, 0x99, 0x99, 0x99, 0x99, 0x99,
    0x9a, 0xa2, 0x0, 0x0, 0x9f, 0xff, 0xff, 0xff,
    0xff, 0xff, 0xff, 0xff, 0xf3, 0x0, 0x0, 0x12,
    0x11, 0x11, 0x12, 0xfe, 0x11, 0x11, 0x12, 0x20,
    0x0, 0x0, 0x0, 0x0, 0x0, 0x1, 0xfe, 0x0,
    0x0, 0x0, 0x0, 0x0, 0x0, 0x0, 0x0, 0x0,
    0x1, 0xfe, 0x0, 0x0, 0x0, 0x0, 0x0, 0x0,
    0x0, 0x0, 0x0, 0x1, 0xfe, 0x0, 0x0, 0x0,
    0x0, 0x0, 0x0, 0x0, 0x0, 0x0, 0x1, 0xfe,
    0x0, 0x0, 0x0, 0x0, 0x0, 0x0, 0x0, 0x0,
    0x0, 0x1, 0xfe, 0x0, 0x0, 0x0, 0x0, 0x0,
    0xcc, 0xcc, 0xcc, 0xcc, 0xcc, 0xff, 0xcc, 0xcc,
    0xcc, 0xcc, 0xda, 0xef, 0xee, 0xee, 0xee, 0xee,
    0xff, 0xee, 0xee, 0xee, 0xee, 0xfb, 0x0, 0x0,
    0x0, 0x0, 0x1, 0xfe, 0x0, 0x0, 0x0, 0x0,
    0x0, 0x0, 0x0, 0x0, 0x0, 0x1, 0xfe, 0x0,
    0x0, 0x0, 0x0, 0x0, 0x0, 0x0, 0x0, 0x0,
    0x1, 0xfe, 0x0, 0x0, 0x0, 0x0, 0x0, 0x0,
    0x0, 0x0, 0x0, 0x1, 0xfe, 0x0, 0x0, 0x0,
    0x0, 0x0, 0x0, 0x0, 0x0, 0x0, 0x1, 0xfe,
    0x0, 0x0, 0x0, 0x0, 0x0, 0x0, 0x0, 0x0,
    0x0, 0x1, 0xfe, 0x0, 0x0, 0x0, 0x0, 0x0,
    0x0, 0x0, 0x0, 0x0, 0x1, 0xfe, 0x0, 0x0,
    0x0, 0x0, 0x0, 0x0, 0x0, 0x0, 0x0, 0x1,
    0xfe, 0x0, 0x0, 0x0, 0x0, 0x0, 0x0, 0x0,
    0x0, 0x17, 0x69, 0xfe, 0x0, 0x0, 0x0, 0x0,
    0x0, 0x0, 0x0, 0x0, 0xd, 0xff, 0xfb, 0x0,
    0x0, 0x0, 0x0, 0x0, 0x0, 0x0, 0x0, 0x9,
    0xed, 0xa2, 0x0, 0x0, 0x0, 0x0, 0x0,

    /* U+4E91 "云" */
    0x0, 0x2, 0xcb, 0xbb, 0xbb, 0xbb, 0xbb, 0xbb,
    0xbc, 0xc1, 0x0, 0x0, 0x3, 0xff, 0xff, 0xff,
    0xff, 0xff, 0xff, 0xff, 0xf1, 0x0, 0x0, 0x0,
    0x0, 0x0, 0x0, 0x0, 0x0, 0x0, 0x0, 0x0,
    0x0, 0x0, 0x0, 0x0, 0x0, 0x0, 0x0, 0x0,
    0x0, 0x0, 0x0, 0x0, 0x0, 0x0, 0x0, 0x0,
    0x0, 0x0, 0x0, 0x0, 0x0, 0x0, 0x0, 0x0,
    0x0, 0x0, 0x0, 0x0, 0x0, 0x0, 0x0, 0x0,
    0x0, 0x0, 0x1a, 0x99, 0x99, 0x99, 0x99, 0x99,
    0x99, 0x99, 0x99, 0x99, 0x96, 0x3f, 0xff, 0xff,
    0xff, 0xff, 0xff, 0xff, 0xff, 0xff, 0xff, 0xfa,
    0x1, 0x0, 0x0, 0x0, 0x5d, 0x30, 0x0, 0x0,
    0x0, 0x0, 0x11, 0x0, 0x0, 0x0, 0x0, 0xbf,
    0xd0, 0x0, 0x0, 0x0, 0x0, 0x0, 0x0, 0x0,
    0x0, 0x3, 0xff, 0x20, 0x0, 0x0, 0x0, 0x0,
    0x0, 0x0, 0x0, 0x0, 0xc, 0xf6, 0x0, 0x0,
    0x63, 0x0, 0x0, 0x0, 0x0, 0x0, 0x0, 0x7f,
    0xb0, 0x0, 0x3, 0xfe, 0x20, 0x0, 0x0, 0x0,
    0x0, 0x2, 0xfe, 0x10, 0x0, 0x0, 0x8f, 0xd0,
    0x0, 0x0, 0x0, 0x0, 0xc, 0xf4, 0x0, 0x0,
    0x0, 0xa, 0xfb, 0x0, 0x0, 0x0, 0x0, 0x9f,
    0x70, 0x0, 0x0, 0x0, 0x0, 0xdf, 0x80, 0x0,
    0x0, 0x9, 0xfa, 0x12, 0x34, 0x67, 0x89, 0xab,
    0xef, 0xf5, 0x0, 0x0, 0x3f, 0xff, 0xff, 0xff,
    0xff, 0xff, 0xdc, 0xba, 0xff, 0x20, 0x0, 0xc,
    0xeb, 0x97, 0x64, 0x31, 0x0, 0x0, 0x0, 0x9e,
    0x30, 0x0, 0x0, 0x0, 0x0, 0x0, 0x0, 0x0,
    0x0, 0x0, 0x1, 0x0,

    /* U+4E94 "五" */
    0x0, 0x87, 0x77, 0x77, 0x77, 0x77, 0x77, 0x77,
    0x77, 0x78, 0x10, 0x0, 0xff, 0xff, 0xff, 0xff,
    0xff, 0xff, 0xff, 0xff, 0xff, 0x30, 0x0, 0x21,
    0x0, 0x0, 0x1f, 0xc0, 0x0, 0x0, 0x0, 0x11,
    0x0, 0x0, 0x0, 0x0, 0x0, 0x2f, 0xa0, 0x0,
    0x0, 0x0, 0x0, 0x0, 0x0, 0x0, 0x0, 0x0,
    0x3f, 0x80, 0x0, 0x0, 0x0, 0x0, 0x0, 0x0,
    0x0, 0x0, 0x0, 0x5f, 0x60, 0x0, 0x0, 0x0,
    0x0, 0x0, 0x0, 0x0, 0x0, 0x0, 0x7f, 0x40,
    0x0, 0x0, 0x0, 0x0, 0x0, 0x0, 0xc, 0xff,
    0xff, 0xff, 0xff, 0xff, 0xff, 0xf7, 0x0, 0x0,
    0x0, 0x7, 0x98, 0x88, 0xef, 0x88, 0x88, 0x8b,
    0xf6, 0x0, 0x0, 0x0, 0x0, 0x0, 0x0, 0xfe,
    0x0, 0x0, 0x7, 0xf6, 0x0, 0x0, 0x0, 0x0,
    0x0, 0x1, 0xfc, 0x0, 0x0, 0x7, 0xf5, 0x0,
    0x0, 0x0, 0x0, 0x0, 0x3, 0xfa, 0x0, 0x0,
    0x8, 0xf5, 0x0, 0x0, 0x0, 0x0, 0x0, 0x5,
    0xf8, 0x0, 0x0, 0x8, 0xf4, 0x0, 0x0, 0x0,
    0x0, 0x0, 0x7, 0xf6, 0x0, 0x0, 0x9, 0xf4,
    0x0, 0x0, 0x0, 0x0, 0x0, 0x9, 0xf4, 0x0,
    0x0, 0x9, 0xf4, 0x0, 0x0, 0x0, 0x0, 0x0,
    0xb, 0xf2, 0x0, 0x0, 0xa, 0xf3, 0x0, 0x0,
    0x1, 0x10, 0x0, 0xe, 0xf0, 0x0, 0x0, 0xa,
    0xf3, 0x1, 0x11, 0x6f, 0xff, 0xff, 0xff, 0xff,
    0xff, 0xff, 0xff, 0xff, 0xff, 0xf8, 0x5d, 0xcc,
    0xbb, 0xbb, 0xbb, 0xbb, 0xbb, 0xbb, 0xbb, 0xbc,
    0xc6,

    /* U+4EBA "人" */
    0x0, 0x0, 0x0, 0x0, 0x1, 0x54, 0x0, 0x0,
    0x0, 0x0, 0x0, 0x0, 0x0, 0x0, 0x0, 0x4,
    0xfe, 0x0, 0x0, 0x0, 0x0, 0x0, 0x0, 0x0,
    0x0, 0x0, 0x3, 0xfd, 0x0, 0x0, 0x0, 0x0,
    0x0, 0x0, 0x0, 0x0, 0x0, 0x3, 0xfc, 0x0,
    0x0, 0x0, 0x0, 0x0, 0x0, 0x0, 0x0, 0x0,
    0x3, 0xfc, 0x0, 0x0, 0x0, 0x0, 0x0, 0x0,
    0x0, 0x0, 0x0, 0x3, 0xfc, 0x0, 0x0, 0x0,
    0x0, 0x0, 0x0, 0x0, 0x0, 0x0, 0x5, 0xfd,
    0x0, 0x0, 0x0, 0x0, 0x0, 0x0, 0x0, 0x0,
    0x0, 0x6, 0xff, 0x0, 0x0, 0x0, 0x0, 0x0,
    0x0, 0x0, 0x0, 0x0, 0x9, 0xff, 0x20, 0x0,
    0x0, 0x0, 0x0, 0x0, 0x0, 0x0, 0x0, 0xd,
    0xff, 0x70, 0x0, 0x0, 0x0, 0x0, 0x0, 0x0,
    0x0, 0x0, 0xf, 0xee, 0xd0, 0x0, 0x0, 0x0,
    0x0, 0x0, 0x0, 0x0, 0x0, 0x5f, 0xa9, 0xf5,
    0x0, 0x0, 0x0, 0x0, 0x0, 0x0, 0x0, 0x0,
    0xcf, 0x42, 0xfd, 0x0, 0x0, 0x0, 0x0, 0x0,
    0x0, 0x0, 0x3, 0xfd, 0x0, 0xbf, 0x70, 0x0,
    0x0, 0x0, 0x0, 0x0, 0x0, 0xc, 0xf5, 0x0,
    0x3f, 0xf2, 0x0, 0x0, 0x0, 0x0, 0x0, 0x0,
    0x8f, 0xc0, 0x0, 0x9, 0xfc, 0x0, 0x0, 0x0,
    0x0, 0x0, 0x4, 0xff, 0x20, 0x0, 0x0, 0xdf,
    0xb0, 0x0, 0x0, 0x0, 0x0, 0x4f, 0xf5, 0x0,
    0x0, 0x0, 0x3f, 0xfb, 0x10, 0x0, 0x0, 0x6,
    0xff, 0x70, 0x0, 0x0, 0x0, 0x4, 0xff, 0xe4,
    0x0, 0x1, 0xbf, 0xf7, 0x0, 0x0, 0x0, 0x0,
    0x0, 0x4f, 0xff, 0xb3, 0x5f, 0xff, 0x50, 0x0,
    0x0, 0x0, 0x0, 0x0, 0x2, 0xcf, 0xf6, 0xa,
    0xc2, 0x0, 0x0, 0x0, 0x0, 0x0, 0x0, 0x0,
    0x6, 0x80, 0x0, 0x0, 0x0, 0x0, 0x0, 0x0,
    0x0, 0x0, 0x0, 0x0, 0x0,

    /* U+4EC5 "仅" */
    0x0, 0x0, 0x0, 0x40, 0x0, 0x0, 0x0, 0x0,
    0x0, 0x0, 0x0, 0x0, 0x0, 0x0, 0x5f, 0xe0,
    0x0, 0x0, 0x0, 0x0, 0x0, 0x0, 0x0, 0x0,
    0x0, 0xa, 0xf9, 0x11, 0x10, 0x0, 0x0, 0x0,
    0x0, 0x0, 0x0, 0x0, 0x0, 0xff, 0x17, 0xff,
    0xff, 0xff, 0xff, 0xff, 0xf9, 0x0, 0x0, 0x0,
    0x7f, 0xa0, 0x5c, 0xfd, 0xaa, 0xaa, 0xaa, 0xef,
    0x50, 0x0, 0x0, 0xe, 0xf4, 0x0, 0x2f, 0xc0,
    0x0, 0x0, 0xd, 0xf2, 0x0, 0x0, 0x6, 0xff,
    0x10, 0x0, 0xff, 0x0, 0x0, 0x0, 0xfe, 0x0,
    0x0, 0x0, 0xef, 0xf1, 0x0, 0xc, 0xf3, 0x0,
    0x0, 0x4f, 0xa0, 0x0, 0x0, 0x9f, 0xff, 0x10,
    0x0, 0x8f, 0x70, 0x0, 0x9, 0xf5, 0x0, 0x0,
    0x5f, 0xec, 0xf1, 0x0, 0x3, 0xfc, 0x0, 0x0,
    0xef, 0x0, 0x0, 0xd, 0xf5, 0xbf, 0x10, 0x0,
    0xe, 0xf1, 0x0, 0x5f, 0xa0, 0x0, 0x0, 0x18,
    0xb, 0xf1, 0x0, 0x0, 0x8f, 0x80, 0xc, 0xf3,
    0x0, 0x0, 0x0, 0x0, 0xbf, 0x10, 0x0, 0x1,
    0xff, 0x15, 0xfc, 0x0, 0x0, 0x0, 0x0, 0xb,
    0xf1, 0x0, 0x0, 0x9, 0xfb, 0xef, 0x30, 0x0,
    0x0, 0x0, 0x0, 0xbf, 0x10, 0x0, 0x0, 0xe,
    0xff, 0xa0, 0x0, 0x0, 0x0, 0x0, 0xb, 0xf1,
    0x0, 0x0, 0x0, 0xbf, 0xf5, 0x0, 0x0, 0x0,
    0x0, 0x0, 0xbf, 0x10, 0x0, 0x0, 0xaf, 0xff,
    0xf6, 0x0, 0x0, 0x0, 0x0, 0xb, 0xf1, 0x0,
    0x1, 0xcf, 0xe3, 0x5f, 0xfa, 0x10, 0x0, 0x0,
    0x0, 0xbf, 0x10, 0x6, 0xef, 0xc1, 0x0, 0x4f,
    0xfe, 0x60, 0x0, 0x0, 0xb, 0xf1, 0x5d, 0xff,
    0x90, 0x0, 0x0, 0x2d, 0xff, 0xe6, 0x0, 0x0,
    0xcf, 0x3e, 0xfe, 0x50, 0x0, 0x0, 0x0, 0x8,
    0xff, 0x30, 0x0, 0xd, 0xf2, 0x3a, 0x10, 0x0,
    0x0, 0x0, 0x0, 0x2, 0x60,

    /* U+4ECA "今" */
    0x0, 0x0, 0x0, 0x0, 0x0, 0x83, 0x0, 0x0,
    0x0, 0x0, 0x0, 0x0, 0x0, 0x0, 0x0, 0x4,
    0xff, 0x10, 0x0, 0x0, 0x0, 0x0, 0x0, 0x0,
    0x0, 0x0, 0xc, 0xff, 0x40, 0x0, 0x0, 0x0,
    0x0, 0x0, 0x0, 0x0, 0x0, 0x6f, 0xac, 0xe2,
    0x0, 0x0, 0x0, 0x0, 0x0, 0x0, 0x0, 0x2,
    0xfd, 0x2, 0xfd, 0x0, 0x0, 0x0, 0x0, 0x0,
    0x0, 0x0, 0x1d, 0xf3, 0x0, 0x6f, 0xb0, 0x0,
    0x0, 0x0, 0x0, 0x0, 0x0, 0xcf, 0x50, 0x0,
    0x9, 0xfb, 0x0, 0x0, 0x0, 0x0, 0x0, 0x1c,
    0xf6, 0x4, 0x20, 0x0, 0xaf, 0xc1, 0x0, 0x0,
    0x0, 0x2, 0xdf, 0x70, 0x3f, 0xd1, 0x0, 0xb,
    0xfe, 0x30, 0x0, 0x0, 0x6f, 0xf6, 0x0, 0xb,
    0xfc, 0x0, 0x0, 0x9f, 0xf9, 0x10, 0x2b, 0xff,
    0x40, 0x0, 0x0, 0xdf, 0xa0, 0x0, 0x7, 0xff,
    0xf7, 0x6f, 0xc2, 0x0, 0x0, 0x0, 0x3e, 0x40,
    0x0, 0x0, 0x3d, 0xf2, 0x5, 0x0, 0x10, 0x0,
    0x0, 0x1, 0x0, 0x0, 0x0, 0x0, 0x30, 0x0,
    0x0, 0xef, 0xff, 0xff, 0xff, 0xff, 0xff, 0xff,
    0x90, 0x0, 0x0, 0x0, 0xaa, 0xaa, 0xaa, 0xaa,
    0xaa, 0xad, 0xff, 0x70, 0x0, 0x0, 0x0, 0x0,
    0x0, 0x0, 0x0, 0x0, 0x1e, 0xf9, 0x0, 0x0,
    0x0, 0x0, 0x0, 0x0, 0x0, 0x0, 0x0, 0xaf,
    0xb0, 0x0, 0x0, 0x0, 0x0, 0x0, 0x0, 0x0,
    0x0, 0x6, 0xfe, 0x10, 0x0, 0x0, 0x0, 0x0,
    0x0, 0x0, 0x0, 0x0, 0x2f, 0xf3, 0x0, 0x0,
    0x0, 0x0, 0x0, 0x0, 0x0, 0x0, 0x0, 0xcf,
    0x70, 0x0, 0x0, 0x0, 0x0, 0x0, 0x0, 0x0,
    0x0, 0x8, 0xfc, 0x0, 0x0, 0x0, 0x0, 0x0,
    0x0, 0x0, 0x0, 0x0, 0x3f, 0xf2, 0x0, 0x0,
    0x0, 0x0, 0x0, 0x0, 0x0, 0x0, 0x0, 0x6,
    0x70, 0x0, 0x0, 0x0, 0x0,

    /* U+4ECE "从" */
    0x0, 0x0, 0x0, 0x0, 0x0, 0x0, 0x0, 0x0,
    0x0, 0x0, 0x0, 0x0, 0x0, 0x0, 0x8, 0x60,
    0x0, 0x0, 0xc, 0xd4, 0x0, 0x0, 0x0, 0x0,
    0x0, 0x0, 0xff, 0x10, 0x0, 0x0, 0xcf, 0x40,
    0x0, 0x0, 0x0, 0x0, 0x0, 0xe, 0xf0, 0x0,
    0x0, 0xc, 0xf3, 0x0, 0x0, 0x0, 0x0, 0x0,
    0x0, 0xef, 0x0, 0x0, 0x0, 0xcf, 0x20, 0x0,
    0x0, 0x0, 0x0, 0x0, 0xe, 0xe0, 0x0, 0x0,
    0xc, 0xf3, 0x0, 0x0, 0x0, 0x0, 0x0, 0x0,
    0xee, 0x0, 0x0, 0x0, 0xcf, 0x30, 0x0, 0x0,
    0x0, 0x0, 0x0, 0xe, 0xd0, 0x0, 0x0, 0xd,
    0xf4, 0x0, 0x0, 0x0, 0x0, 0x0, 0x0, 0xfd,
    0x0, 0x0, 0x0, 0xef, 0x50, 0x0, 0x0, 0x0,
    0x0, 0x0, 0xf, 0xc0, 0x0, 0x0, 0xf, 0xf7,
    0x0, 0x0, 0x0, 0x0, 0x0, 0x2, 0xfe, 0x20,
    0x0, 0x1, 0xff, 0xa0, 0x0, 0x0, 0x0, 0x0,
    0x0, 0x5f, 0xfd, 0x10, 0x0, 0x4f, 0xfe, 0x0,
    0x0, 0x0, 0x0, 0x0, 0x8, 0xfb, 0xfd, 0x10,
    0x9, 0xfa, 0xf5, 0x0, 0x0, 0x0, 0x0, 0x0,
    0xdf, 0x19, 0xfc, 0x0, 0xee, 0x1f, 0xb0, 0x0,
    0x0, 0x0, 0x0, 0x3f, 0xb0, 0xc, 0xfa, 0x4f,
    0x90, 0xcf, 0x30, 0x0, 0x0, 0x0, 0xa, 0xf4,
    0x0, 0x2f, 0x5b, 0xf3, 0x5, 0xfc, 0x0, 0x0,
    0x0, 0x4, 0xfd, 0x0, 0x0, 0x24, 0xfb, 0x0,
    0xd, 0xf5, 0x0, 0x0, 0x1, 0xef, 0x30, 0x0,
    0x0, 0xdf, 0x30, 0x0, 0x5f, 0xf2, 0x0, 0x0,
    0xbf, 0x90, 0x0, 0x0, 0xaf, 0x90, 0x0, 0x0,
    0xbf, 0xd1, 0x0, 0xaf, 0xc0, 0x0, 0x0, 0x8f,
    0xd0, 0x0, 0x0, 0x1, 0xef, 0xd2, 0x4, 0xd1,
    0x0, 0x0, 0x9f, 0xe2, 0x0, 0x0, 0x0, 0x3,
    0xff, 0x70, 0x0, 0x0, 0x0, 0x8, 0xf3, 0x0,
    0x0, 0x0, 0x0, 0x4, 0x80, 0x0, 0x0, 0x0,
    0x0, 0x1, 0x0, 0x0, 0x0, 0x0, 0x0, 0x0,
    0x0,

    /* U+4ED6 "他" */
    0x0, 0x0, 0x0, 0x0, 0x0, 0x0, 0x1, 0x10,
    0x0, 0x0, 0x0, 0x0, 0x0, 0x1f, 0xa1, 0x0,
    0x0, 0x1f, 0xc0, 0x0, 0x0, 0x0, 0x0, 0x0,
    0x7f, 0xb0, 0x0, 0x0, 0xf, 0xc0, 0x0, 0x0,
    0x0, 0x0, 0x0, 0xdf, 0x20, 0x1, 0x0, 0xf,
    0xb0, 0x0, 0x0, 0x0, 0x0, 0x3, 0xfa, 0x0,
    0xcf, 0x10, 0xf, 0xb0, 0x0, 0x0, 0x0, 0x0,
    0xb, 0xf2, 0x0, 0xcf, 0x10, 0xf, 0xb0, 0x1,
    0x7b, 0x0, 0x0, 0x3f, 0xf1, 0x0, 0xcf, 0x0,
    0xf, 0xc6, 0xcf, 0xfd, 0x0, 0x0, 0xcf, 0xf1,
    0x0, 0xbf, 0x0, 0x5f, 0xff, 0xfa, 0xfd, 0x0,
    0x5, 0xff, 0xf1, 0x0, 0xbf, 0xbf, 0xff, 0xe5,
    0x0, 0xfd, 0x0, 0x1e, 0xfa, 0xf3, 0x7b, 0xff,
    0xfa, 0x4f, 0xb0, 0x0, 0xfd, 0x0, 0xbf, 0x79,
    0xf8, 0xff, 0xef, 0x10, 0xf, 0xb0, 0x0, 0xfc,
    0x0, 0x2c, 0x9, 0xf2, 0x60, 0xbf, 0x0, 0xf,
    0xb0, 0x1, 0xfc, 0x0, 0x0, 0x9, 0xf1, 0x0,
    0xbf, 0x0, 0xf, 0xb0, 0x2, 0xfc, 0x0, 0x0,
    0x9, 0xf1, 0x0, 0xbf, 0x0, 0xf, 0xb6, 0xce,
    0xf9, 0x0, 0x0, 0x9, 0xf1, 0x0, 0xbf, 0x0,
    0xf, 0xb2, 0xff, 0xb1, 0x0, 0x0, 0x9, 0xf1,
    0x0, 0xbf, 0x0, 0xf, 0xb0, 0x41, 0x0, 0x0,
    0x0, 0x9, 0xf1, 0x0, 0xbf, 0x0, 0xf, 0xc0,
    0x0, 0x1, 0x0, 0x0, 0x9, 0xf1, 0x0, 0xbf,
    0x0, 0xc, 0xa0, 0x0, 0x5, 0xd5, 0x0, 0x9,
    0xf1, 0x0, 0xbf, 0x10, 0x0, 0x0, 0x0, 0x8,
    0xfb, 0x0, 0xa, 0xf1, 0x0, 0x9f, 0xc9, 0x99,
    0x99, 0x99, 0xaf, 0xf4, 0x0, 0xa, 0xf2, 0x0,
    0x1b, 0xff, 0xff, 0xff, 0xff, 0xfe, 0x70, 0x0,
    0xa, 0xf3, 0x0, 0x0, 0x0, 0x0, 0x0, 0x0,
    0x0, 0x0,

    /* U+4EFB "任" */
    0x0, 0x0, 0x0, 0x73, 0x0, 0x0, 0x0, 0x0,
    0x0, 0x0, 0x0, 0x0, 0x0, 0x0, 0x1f, 0xf3,
    0x0, 0x0, 0x0, 0x0, 0x0, 0x10, 0x0, 0x0,
    0x0, 0x7, 0xfb, 0x0, 0x0, 0x0, 0x2, 0x58,
    0xcf, 0x60, 0x0, 0x0, 0x0, 0xef, 0x21, 0x56,
    0x8a, 0xcf, 0xff, 0xff, 0xea, 0x0, 0x0, 0x0,
    0x7f, 0x90, 0xe, 0xff, 0xfe, 0xff, 0x74, 0x10,
    0x0, 0x0, 0x0, 0xe, 0xf2, 0x0, 0x34, 0x20,
    0xd, 0xf0, 0x0, 0x0, 0x0, 0x0, 0x8, 0xff,
    0x10, 0x0, 0x0, 0x0, 0xdf, 0x0, 0x0, 0x0,
    0x0, 0x3, 0xff, 0xf1, 0x0, 0x0, 0x0, 0xd,
    0xf0, 0x0, 0x0, 0x0, 0x1, 0xdf, 0xef, 0x10,
    0x0, 0x0, 0x0, 0xdf, 0x0, 0x0, 0x0, 0x0,
    0xcf, 0x7c, 0xf1, 0x0, 0x0, 0x0, 0xd, 0xf0,
    0x0, 0x0, 0x0, 0xa, 0xb0, 0xcf, 0x17, 0x99,
    0x99, 0x99, 0xff, 0x99, 0x99, 0x99, 0x50, 0x1,
    0xc, 0xf1, 0xbf, 0xff, 0xff, 0xff, 0xff, 0xff,
    0xff, 0xf9, 0x0, 0x0, 0xcf, 0x11, 0x0, 0x0,
    0x0, 0xdf, 0x0, 0x0, 0x1, 0x10, 0x0, 0xc,
    0xf1, 0x0, 0x0, 0x0, 0xd, 0xf0, 0x0, 0x0,
    0x0, 0x0, 0x0, 0xcf, 0x10, 0x0, 0x0, 0x0,
    0xdf, 0x0, 0x0, 0x0, 0x0, 0x0, 0xc, 0xf1,
    0x0, 0x0, 0x0, 0xd, 0xf0, 0x0, 0x0, 0x0,
    0x0, 0x0, 0xcf, 0x10, 0x0, 0x0, 0x0, 0xdf,
    0x0, 0x0, 0x0, 0x0, 0x0, 0xc, 0xf1, 0x0,
    0x0, 0x0, 0xd, 0xf0, 0x0, 0x0, 0x0, 0x0,
    0x0, 0xdf, 0x10, 0x11, 0x0, 0x0, 0xdf, 0x0,
    0x0, 0x11, 0x0, 0x0, 0xd, 0xf1, 0x9, 0xff,
    0xff, 0xff, 0xff, 0xff, 0xff, 0xb0, 0x0, 0x0,
    0xdf, 0x20, 0x5a, 0x99, 0x99, 0x99, 0x99, 0x99,
    0x97, 0x0, 0x0, 0xe, 0xf2, 0x0, 0x0, 0x0,
    0x0, 0x0, 0x0, 0x0, 0x0,

    /* U+4F11 "休" */
    0x0, 0x0, 0x4, 0x0, 0x0, 0x0, 0x6, 0x92,
    0x0, 0x0, 0x0, 0x0, 0x0, 0x0, 0x1f, 0xf3,
    0x0, 0x0, 0xb, 0xf2, 0x0, 0x0, 0x0, 0x0,
    0x0, 0x0, 0x5f, 0xd0, 0x0, 0x0, 0xa, 0xf2,
    0x0, 0x0, 0x0, 0x0, 0x0, 0x0, 0xbf, 0x70,
    0x0, 0x0, 0xa, 0xf2, 0x0, 0x0, 0x0, 0x0,
    0x0, 0x1, 0xff, 0x20, 0x0, 0x0, 0xa, 0xf2,
    0x0, 0x0, 0x0, 0x0, 0x0, 0x7, 0xff, 0x10,
    0x0, 0x0, 0xa, 0xf2, 0x0, 0x0, 0x0, 0x0,
    0x0, 0xe, 0xff, 0x1a, 0xff, 0xff, 0xff, 0xff,
    0xff, 0xff, 0xfb, 0x0, 0x0, 0x6f, 0xff, 0x17,
    0xaa, 0xaa, 0xdf, 0xff, 0xaa, 0xaa, 0xa7, 0x0,
    0x0, 0xdf, 0xdf, 0x10, 0x0, 0x0, 0xcf, 0xff,
    0x20, 0x0, 0x0, 0x0, 0x7, 0xf9, 0xbf, 0x10,
    0x0, 0x2, 0xff, 0xff, 0xa0, 0x0, 0x0, 0x0,
    0xe, 0xf1, 0xbf, 0x10, 0x0, 0x8, 0xff, 0xff,
    0xf2, 0x0, 0x0, 0x0, 0x4, 0x80, 0xbf, 0x10,
    0x0, 0xe, 0xfb, 0xf9, 0xfb, 0x0, 0x0, 0x0,
    0x0, 0x0, 0xbf, 0x10, 0x0, 0x7f, 0x9a, 0xf2,
    0xef, 0x50, 0x0, 0x0, 0x0, 0x0, 0xbf, 0x10,
    0x0, 0xef, 0x2a, 0xf2, 0x6f, 0xe1, 0x0, 0x0,
    0x0, 0x0, 0xbf, 0x10, 0x9, 0xf9, 0xa, 0xf2,
    0xc, 0xfc, 0x0, 0x0, 0x0, 0x0, 0xbf, 0x10,
    0x4f, 0xf1, 0xa, 0xf2, 0x3, 0xff, 0xb0, 0x0,
    0x0, 0x0, 0xbf, 0x12, 0xef, 0x60, 0xa, 0xf2,
    0x0, 0x6f, 0xfb, 0x10, 0x0, 0x0, 0xbf, 0x2e,
    0xfc, 0x0, 0xa, 0xf2, 0x0, 0x9, 0xff, 0x90,
    0x0, 0x0, 0xbf, 0x15, 0xd1, 0x0, 0xa, 0xf2,
    0x0, 0x0, 0x97, 0x0, 0x0, 0x0, 0xbf, 0x10,
    0x0, 0x0, 0xa, 0xf2, 0x0, 0x0, 0x0, 0x0,
    0x0, 0x0, 0xcf, 0x10, 0x0, 0x0, 0xb, 0xf2,
    0x0, 0x0, 0x0, 0x0, 0x0, 0x0, 0xbd, 0x10,
    0x0, 0x0, 0xc, 0xf3, 0x0, 0x0, 0x0, 0x0,

    /* U+4F1A "会" */
    0x0, 0x0, 0x0, 0x0, 0x0, 0x7, 0x30, 0x0,
    0x0, 0x0, 0x0, 0x0, 0x0, 0x0, 0x0, 0x0,
    0x4, 0xff, 0x20, 0x0, 0x0, 0x0, 0x0, 0x0,
    0x0, 0x0, 0x0, 0x1, 0xef, 0xf8, 0x0, 0x0,
    0x0, 0x0, 0x0, 0x0, 0x0, 0x0, 0x0, 0xcf,
    0x7b, 0xf5, 0x0, 0x0, 0x0, 0x0, 0x0, 0x0,
    0x0, 0x1, 0xcf, 0x70, 0xd, 0xf6, 0x0, 0x0,
    0x0, 0x0, 0x0, 0x0, 0x1, 0xdf, 0x80, 0x0,
    0x1d, 0xf8, 0x0, 0x0, 0x0, 0x0, 0x0, 0x3,
    0xef, 0x60, 0x0, 0x0, 0x1c, 0xfd, 0x30, 0x0,
    0x0, 0x0, 0x8, 0xff, 0x50, 0x0, 0x0, 0x0,
    0x9, 0xff, 0xa2, 0x0, 0x0, 0x6e, 0xfd, 0x79,
    0x88, 0x88, 0x88, 0x89, 0x94, 0xef, 0xfb, 0x41,
    0xdf, 0xf9, 0x7, 0xff, 0xff, 0xff, 0xff, 0xff,
    0x0, 0x7e, 0xf4, 0x3, 0xd3, 0x0, 0x0, 0x0,
    0x0, 0x0, 0x0, 0x0, 0x0, 0x15, 0x0, 0x0,
    0x0, 0x0, 0x0, 0x0, 0x0, 0x0, 0x0, 0x0,
    0x0, 0x0, 0x0, 0x1, 0x11, 0x0, 0x0, 0x0,
    0x0, 0x0, 0x0, 0x11, 0x10, 0x0, 0x7, 0xff,
    0xff, 0xff, 0xff, 0xff, 0xff, 0xff, 0xff, 0xff,
    0x10, 0x0, 0x37, 0x66, 0x66, 0x69, 0xe6, 0x66,
    0x66, 0x66, 0x66, 0x70, 0x0, 0x0, 0x0, 0x0,
    0x1, 0xef, 0x80, 0x0, 0x0, 0x0, 0x0, 0x0,
    0x0, 0x0, 0x0, 0x1, 0xdf, 0x90, 0x0, 0xbc,
    0x10, 0x0, 0x0, 0x0, 0x0, 0x0, 0x2, 0xef,
    0x60, 0x0, 0xa, 0xfd, 0x10, 0x0, 0x0, 0x0,
    0x0, 0x4, 0xee, 0x40, 0x0, 0x0, 0x8, 0xfd,
    0x10, 0x0, 0x0, 0x0, 0x2a, 0xff, 0x75, 0x56,
    0x67, 0x88, 0x9f, 0xfe, 0x10, 0x0, 0x0, 0x4,
    0xff, 0xff, 0xff, 0xff, 0xee, 0xdc, 0xbd, 0xfd,
    0x10, 0x0, 0x0, 0x9, 0x75, 0x42, 0x10, 0x0,
    0x0, 0x0, 0xc, 0xb0, 0x0, 0x0, 0x0, 0x0,
    0x0, 0x0, 0x0, 0x0, 0x0, 0x0, 0x10, 0x0,
    0x0,

    /* U+4F59 "余" */
    0x0, 0x0, 0x0, 0x0, 0x4, 0xa5, 0x0, 0x0,
    0x0, 0x0, 0x0, 0x0, 0x0, 0x0, 0x0, 0x0,
    0xdf, 0xe0, 0x0, 0x0, 0x0, 0x0, 0x0, 0x0,
    0x0, 0x0, 0x0, 0x8f, 0xff, 0x80, 0x0, 0x0,
    0x0, 0x0, 0x0, 0x0, 0x0, 0x0, 0x4f, 0xf3,
    0xbf, 0x80, 0x0, 0x0, 0x0, 0x0, 0x0, 0x0,
    0x0, 0x2e, 0xf7, 0x0, 0xcf, 0xb1, 0x0, 0x0,
    0x0, 0x0, 0x0, 0x0, 0x1e, 0xfa, 0x0, 0x0,
    0xbf, 0xe5, 0x0, 0x0, 0x0, 0x0, 0x0, 0x3e,
    0xfa, 0x0, 0x0, 0x0, 0x8f, 0xfe, 0x71, 0x0,
    0x0, 0x0, 0x7f, 0xfa, 0x0, 0x0, 0x0, 0x0,
    0x4d, 0xff, 0xfd, 0x80, 0x4, 0xcf, 0xf9, 0x99,
    0x88, 0x88, 0x88, 0x99, 0x6, 0xef, 0xf3, 0x6,
    0xff, 0xe4, 0x2f, 0xff, 0xff, 0xff, 0xff, 0xf0,
    0x0, 0x57, 0x0, 0x7, 0x90, 0x0, 0x11, 0x0,
    0xff, 0x0, 0x11, 0x0, 0x0, 0x0, 0x0, 0x0,
    0x0, 0x0, 0x0, 0xf, 0xf0, 0x0, 0x0, 0x0,
    0x0, 0x0, 0x0, 0x0, 0x0, 0x0, 0x0, 0xff,
    0x0, 0x0, 0x0, 0x0, 0x0, 0x0, 0x8, 0xcb,
    0xbb, 0xbb, 0xbf, 0xfb, 0xbb, 0xbb, 0xcc, 0x20,
    0x0, 0x0, 0xaf, 0xff, 0xff, 0xff, 0xff, 0xff,
    0xff, 0xff, 0xf2, 0x0, 0x0, 0x0, 0x0, 0x0,
    0x0, 0xf, 0xf0, 0x0, 0x10, 0x0, 0x0, 0x0,
    0x0, 0x0, 0x4, 0x90, 0x0, 0xff, 0x0, 0x5f,
    0x50, 0x0, 0x0, 0x0, 0x0, 0x5, 0xff, 0x60,
    0xf, 0xf0, 0x4, 0xff, 0x50, 0x0, 0x0, 0x0,
    0x8, 0xff, 0x70, 0x0, 0xff, 0x0, 0x4, 0xff,
    0x50, 0x0, 0x0, 0x2c, 0xff, 0x50, 0x0, 0xf,
    0xf0, 0x0, 0x6, 0xff, 0x50, 0x0, 0xb, 0xfe,
    0x30, 0x0, 0xab, 0xfe, 0x0, 0x0, 0x9, 0xf8,
    0x0, 0x0, 0x9, 0x10, 0x0, 0xb, 0xff, 0xa0,
    0x0, 0x0, 0x5, 0x0, 0x0, 0x0, 0x0, 0x0,
    0x0, 0x46, 0x20, 0x0, 0x0, 0x0, 0x0, 0x0,
    0x0,

    /* U+4F5C "作" */
    0x0, 0x0, 0x0, 0x74, 0x0, 0x0, 0x4a, 0x40,
    0x0, 0x0, 0x0, 0x0, 0x0, 0x0, 0xe, 0xf8,
    0x0, 0xa, 0xfc, 0x0, 0x0, 0x0, 0x0, 0x0,
    0x0, 0x4, 0xff, 0x10, 0x0, 0xff, 0x20, 0x0,
    0x0, 0x0, 0x0, 0x0, 0x0, 0xaf, 0x90, 0x0,
    0x6f, 0xa0, 0x0, 0x0, 0x0, 0x0, 0x0, 0x0,
    0x1f, 0xf2, 0x0, 0xd, 0xfa, 0x77, 0x77, 0x77,
    0x77, 0x50, 0x0, 0x9, 0xfc, 0x0, 0x6, 0xff,
    0xff, 0xff, 0xff, 0xff, 0xfb, 0x0, 0x1, 0xff,
    0xc0, 0x0, 0xef, 0x3b, 0xf2, 0x0, 0x0, 0x11,
    0x10, 0x0, 0xaf, 0xfc, 0x0, 0x9f, 0x90, 0xbf,
    0x10, 0x0, 0x0, 0x0, 0x0, 0x3f, 0xff, 0xc0,
    0x5f, 0xf1, 0xb, 0xf1, 0x0, 0x0, 0x0, 0x0,
    0xd, 0xf9, 0xfc, 0x7, 0xf6, 0x0, 0xbf, 0x20,
    0x0, 0x1, 0x10, 0xa, 0xfb, 0x3f, 0xc0, 0x3,
    0x0, 0xb, 0xff, 0xff, 0xff, 0xf9, 0x0, 0x8e,
    0x13, 0xfc, 0x0, 0x0, 0x0, 0xbf, 0x98, 0x88,
    0x99, 0x50, 0x0, 0x20, 0x3f, 0xc0, 0x0, 0x0,
    0xb, 0xf1, 0x0, 0x0, 0x0, 0x0, 0x0, 0x3,
    0xfc, 0x0, 0x0, 0x0, 0xbf, 0x10, 0x0, 0x0,
    0x0, 0x0, 0x0, 0x3f, 0xc0, 0x0, 0x0, 0xb,
    0xf1, 0x0, 0x0, 0x0, 0x0, 0x0, 0x3, 0xfc,
    0x0, 0x0, 0x0, 0xbf, 0x98, 0x88, 0x89, 0x92,
    0x0, 0x0, 0x3f, 0xc0, 0x0, 0x0, 0xb, 0xff,
    0xff, 0xff, 0xff, 0x30, 0x0, 0x3, 0xfc, 0x0,
    0x0, 0x0, 0xbf, 0x20, 0x0, 0x1, 0x10, 0x0,
    0x0, 0x3f, 0xc0, 0x0, 0x0, 0xb, 0xf1, 0x0,
    0x0, 0x0, 0x0, 0x0, 0x3, 0xfc, 0x0, 0x0,
    0x0, 0xbf, 0x10, 0x0, 0x0, 0x0, 0x0, 0x0,
    0x3f, 0xd0, 0x0, 0x0, 0xb, 0xf1, 0x0, 0x0,
    0x0, 0x0, 0x0, 0x4, 0xfd, 0x0, 0x0, 0x0,
    0xcf, 0x20, 0x0, 0x0, 0x0,

    /* U+4FDD "保" */
    0x0, 0x0, 0x1, 0x40, 0x0, 0x0, 0x0, 0x0,
    0x0, 0x0, 0x0, 0x0, 0x0, 0x0, 0x6, 0xfa,
    0x1, 0x77, 0x77, 0x77, 0x77, 0x77, 0x10, 0x0,
    0x0, 0x0, 0xb, 0xf4, 0x1, 0xff, 0xff, 0xff,
    0xff, 0xff, 0x20, 0x0, 0x0, 0x0, 0x1f, 0xd0,
    0x1, 0xf9, 0x0, 0x0, 0x0, 0x9f, 0x10, 0x0,
    0x0, 0x0, 0x7f, 0x60, 0x1, 0xf9, 0x0, 0x0,
    0x0, 0x9f, 0x10, 0x0, 0x0, 0x0, 0xef, 0x0,
    0x1, 0xf9, 0x0, 0x0, 0x0, 0x9f, 0x10, 0x0,
    0x0, 0x7, 0xff, 0x0, 0x1, 0xf9, 0x0, 0x0,
    0x0, 0x9f, 0x10, 0x0, 0x0, 0x1e, 0xff, 0x0,
    0x1, 0xff, 0xff, 0xff, 0xff, 0xff, 0x10, 0x0,
    0x0, 0x9f, 0xff, 0x0, 0x1, 0x88, 0x88, 0xfe,
    0x88, 0x88, 0x10, 0x0, 0x5, 0xfc, 0xbf, 0x0,
    0x0, 0x0, 0x0, 0xfd, 0x0, 0x0, 0x0, 0x0,
    0x1e, 0xf2, 0xbf, 0x0, 0x0, 0x0, 0x0, 0xfd,
    0x0, 0x0, 0x0, 0x0, 0x7, 0x60, 0xbf, 0x5,
    0xaa, 0xaa, 0xaa, 0xff, 0xaa, 0xaa, 0xaa, 0x60,
    0x0, 0x0, 0xbf, 0x8, 0xff, 0xff, 0xff, 0xff,
    0xff, 0xff, 0xff, 0x90, 0x0, 0x0, 0xbf, 0x0,
    0x0, 0x2, 0xfc, 0xfe, 0xf7, 0x0, 0x0, 0x0,
    0x0, 0x0, 0xbf, 0x0, 0x0, 0xb, 0xf4, 0xfd,
    0xaf, 0x10, 0x0, 0x0, 0x0, 0x0, 0xbf, 0x0,
    0x0, 0x6f, 0xa0, 0xfd, 0x2f, 0xc0, 0x0, 0x0,
    0x0, 0x0, 0xbf, 0x0, 0x3, 0xfe, 0x10, 0xfd,
    0x7, 0xfb, 0x10, 0x0, 0x0, 0x0, 0xbf, 0x0,
    0x3e, 0xf4, 0x0, 0xfd, 0x0, 0xaf, 0xe4, 0x0,
    0x0, 0x0, 0xbf, 0x6, 0xff, 0x60, 0x0, 0xfd,
    0x0, 0xb, 0xff, 0xb0, 0x0, 0x0, 0xbf, 0x1a,
    0xf6, 0x0, 0x0, 0xfd, 0x0, 0x0, 0x7f, 0x40,
    0x0, 0x0, 0xbf, 0x0, 0x30, 0x0, 0x0, 0xfd,
    0x0, 0x0, 0x1, 0x0, 0x0, 0x0, 0xcf, 0x10,
    0x0, 0x0, 0x0, 0xfe, 0x0, 0x0, 0x0, 0x0,

    /* U+5019 "候" */
    0x0, 0x0, 0x7, 0x10, 0x0, 0x0, 0x0, 0x0,
    0x0, 0x0, 0x0, 0x0, 0x0, 0x0, 0x3f, 0xe0,
    0x0, 0x9, 0xba, 0xaa, 0xaa, 0xa7, 0x0, 0x0,
    0x0, 0x0, 0x7f, 0x90, 0x0, 0xb, 0xee, 0xdd,
    0xdf, 0xf8, 0x0, 0x0, 0x0, 0x0, 0xbf, 0x20,
    0x0, 0x0, 0x0, 0x0, 0xa, 0xf4, 0x0, 0x0,
    0x0, 0x1, 0xfd, 0x7, 0xb1, 0x0, 0x0, 0x0,
    0xe, 0xf0, 0x0, 0x0, 0x0, 0x7, 0xfa, 0xa,
    0xf2, 0xcc, 0xcc, 0xcc, 0xcf, 0xfc, 0xcc, 0xc0,
    0x0, 0xd, 0xfa, 0x9, 0xf2, 0xec, 0xcc, 0xcc,
    0xcc, 0xcc, 0xcc, 0xd0, 0x0, 0x5f, 0xfa, 0x9,
    0xf1, 0x0, 0x6b, 0x30, 0x0, 0x0, 0x0, 0x0,
    0x0, 0xee, 0xfa, 0x9, 0xf1, 0x0, 0xcf, 0x20,
    0x0, 0x0, 0x0, 0x0, 0x8, 0xf7, 0xfa, 0x9,
    0xf1, 0x4, 0xff, 0xdd, 0xdd, 0xdd, 0xd2, 0x0,
    0xa, 0xd0, 0xfa, 0x9, 0xf1, 0xd, 0xfb, 0xbd,
    0xfc, 0xbb, 0xc2, 0x0, 0x0, 0x20, 0xfa, 0x9,
    0xf1, 0x5f, 0x80, 0x8, 0xf2, 0x0, 0x0, 0x0,
    0x0, 0x0, 0xfa, 0x9, 0xf1, 0x3, 0x0, 0xa,
    0xf0, 0x0, 0x0, 0x0, 0x0, 0x0, 0xfa, 0x9,
    0xf1, 0x77, 0x66, 0x6d, 0xf6, 0x66, 0x67, 0x40,
    0x0, 0x0, 0xfa, 0x9, 0xf1, 0xff, 0xff, 0xff,
    0xff, 0xff, 0xff, 0x90, 0x0, 0x0, 0xfa, 0xa,
    0xf1, 0x22, 0x11, 0x5f, 0xf9, 0x11, 0x12, 0x10,
    0x0, 0x0, 0xfa, 0xa, 0xf2, 0x0, 0x0, 0xbf,
    0xdf, 0x30, 0x0, 0x0, 0x0, 0x0, 0xfa, 0x0,
    0x10, 0x0, 0x7, 0xf9, 0x2f, 0xe2, 0x0, 0x0,
    0x0, 0x0, 0xfa, 0x0, 0x0, 0x0, 0x7f, 0xd1,
    0x7, 0xfe, 0x40, 0x0, 0x0, 0x0, 0xfa, 0x0,
    0x0, 0x3c, 0xfe, 0x20, 0x0, 0x9f, 0xf9, 0x30,
    0x0, 0x1, 0xfb, 0x0, 0x3c, 0xff, 0xc1, 0x0,
    0x0, 0x7, 0xff, 0xc0, 0x0, 0x1, 0xfc, 0x0,
    0x9, 0xe6, 0x0, 0x0, 0x0, 0x0, 0x3c, 0x30,
    0x0, 0x0, 0x0, 0x0, 0x0, 0x10, 0x0, 0x0,
    0x0, 0x0, 0x0, 0x0,

    /* U+5047 "假" */
    0x0, 0x0, 0x0, 0x0, 0x0, 0x0, 0x0, 0x0,
    0x0, 0x0, 0x0, 0x0, 0x0, 0x0, 0xd, 0x92,
    0x0, 0x0, 0x0, 0x1, 0x33, 0x33, 0x32, 0x0,
    0x0, 0x0, 0x2f, 0xe1, 0xff, 0xff, 0xff, 0x26,
    0xff, 0xff, 0xfa, 0x0, 0x0, 0x0, 0x7f, 0x80,
    0xfc, 0x88, 0xcf, 0x11, 0x43, 0x34, 0xf9, 0x0,
    0x0, 0x0, 0xcf, 0x20, 0xf8, 0x0, 0x8f, 0x10,
    0x0, 0x1, 0xf9, 0x0, 0x0, 0x2, 0xfc, 0x0,
    0xf8, 0x0, 0x8f, 0x10, 0x0, 0x1, 0xf8, 0x0,
    0x0, 0x8, 0xfa, 0x0, 0xf8, 0x0, 0x8f, 0x10,
    0x0, 0x1, 0xf8, 0x0, 0x0, 0xe, 0xfa, 0x0,
    0xff, 0xff, 0xff, 0x29, 0xff, 0xff, 0xf9, 0x0,
    0x0, 0x7f, 0xfa, 0x0, 0xfb, 0x77, 0x77, 0x14,
    0x87, 0x77, 0x74, 0x0, 0x1, 0xec, 0xfa, 0x0,
    0xf8, 0x0, 0x0, 0x0, 0x0, 0x0, 0x0, 0x0,
    0xb, 0xf4, 0xfa, 0x0, 0xf8, 0x0, 0x0, 0x28,
    0x77, 0x77, 0x75, 0x0, 0x4, 0xb0, 0xfa, 0x0,
    0xff, 0xff, 0xfb, 0x4f, 0xff, 0xff, 0xfa, 0x0,
    0x0, 0x0, 0xfa, 0x0, 0xfc, 0x88, 0x86, 0xb,
    0xd0, 0x3, 0xf7, 0x0, 0x0, 0x0, 0xfa, 0x0,
    0xf8, 0x0, 0x0, 0x7, 0xf1, 0x5, 0xf4, 0x0,
    0x0, 0x0, 0xfa, 0x0, 0xf8, 0x0, 0x0, 0x2,
    0xf5, 0x9, 0xf0, 0x0, 0x0, 0x0, 0xfa, 0x0,
    0xfc, 0x88, 0x98, 0x0, 0xdb, 0xe, 0xa0, 0x0,
    0x0, 0x0, 0xfa, 0x0, 0xff, 0xff, 0xfd, 0x0,
    0x7f, 0x8f, 0x40, 0x0, 0x0, 0x0, 0xfa, 0x0,
    0xf8, 0x0, 0x0, 0x0, 0x1f, 0xfc, 0x0, 0x0,
    0x0, 0x0, 0xfa, 0x0, 0xf8, 0x0, 0x0, 0x0,
    0x1d, 0xf9, 0x0, 0x0, 0x0, 0x0, 0xfa, 0x0,
    0xf8, 0x0, 0x0, 0x4, 0xef, 0xcf, 0xa0, 0x0,
    0x0, 0x0, 0xfa, 0x0, 0xf8, 0x0, 0x5, 0xcf,
    0xd2, 0x9, 0xfe, 0x60, 0x0, 0x0, 0xfb, 0x1,
    0xf8, 0x0, 0xc, 0xf8, 0x0, 0x0, 0x7f, 0x90,
    0x0, 0x0, 0x0, 0x0, 0x0, 0x0, 0x1, 0x10,
    0x0, 0x0, 0x2, 0x0,

    /* U+513F "儿" */
    0x0, 0x0, 0x0, 0x7, 0x74, 0x0, 0x0, 0xcb,
    0x0, 0x0, 0x0, 0x0, 0x0, 0x0, 0x0, 0xc,
    0xf9, 0x0, 0x0, 0xff, 0x0, 0x0, 0x0, 0x0,
    0x0, 0x0, 0x0, 0xb, 0xf8, 0x0, 0x0, 0xfe,
    0x0, 0x0, 0x0, 0x0, 0x0, 0x0, 0x0, 0xa,
    0xf7, 0x0, 0x0, 0xfe, 0x0, 0x0, 0x0, 0x0,
    0x0, 0x0, 0x0, 0xa, 0xf6, 0x0, 0x0, 0xfe,
    0x0, 0x0, 0x0, 0x0, 0x0, 0x0, 0x0, 0xa,
    0xf5, 0x0, 0x0, 0xfe, 0x0, 0x0, 0x0, 0x0,
    0x0, 0x0, 0x0, 0xa, 0xf5, 0x0, 0x0, 0xfe,
    0x0, 0x0, 0x0, 0x0, 0x0, 0x0, 0x0, 0xb,
    0xf4, 0x0, 0x0, 0xfe, 0x0, 0x0, 0x0, 0x0,
    0x0, 0x0, 0x0, 0xc, 0xf3, 0x0, 0x0, 0xfe,
    0x0, 0x0, 0x0, 0x0, 0x0, 0x0, 0x0, 0xe,
    0xf1, 0x0, 0x0, 0xfe, 0x0, 0x0, 0x0, 0x0,
    0x0, 0x0, 0x0, 0xf, 0xf0, 0x0, 0x0, 0xfe,
    0x0, 0x0, 0x0, 0x0, 0x0, 0x0, 0x0, 0x4f,
    0xc0, 0x0, 0x0, 0xfe, 0x0, 0x0, 0x0, 0x0,
    0x0, 0x0, 0x0, 0x9f, 0x80, 0x0, 0x0, 0xfe,
    0x0, 0x0, 0x0, 0x0, 0x0, 0x0, 0x0, 0xef,
    0x30, 0x0, 0x0, 0xfe, 0x0, 0x0, 0x0, 0x0,
    0x0, 0x0, 0x7, 0xfd, 0x0, 0x0, 0x0, 0xfe,
    0x0, 0x0, 0x0, 0x0, 0x0, 0x0, 0x2f, 0xf5,
    0x0, 0x0, 0x0, 0xfe, 0x0, 0x0, 0x17, 0x0,
    0x0, 0x1, 0xdf, 0xb0, 0x0, 0x0, 0x0, 0xfe,
    0x0, 0x0, 0x3f, 0xe1, 0x0, 0x2d, 0xfe, 0x10,
    0x0, 0x0, 0x0, 0xff, 0x20, 0x0, 0x8f, 0xd0,
    0x4, 0xef, 0xf3, 0x0, 0x0, 0x0, 0x0, 0xcf,
    0xfd, 0xde, 0xff, 0x60, 0x1d, 0xff, 0x40, 0x0,
    0x0, 0x0, 0x0, 0x3d, 0xff, 0xff, 0xfa, 0x0,
    0x0, 0xa4, 0x0, 0x0, 0x0, 0x0, 0x0, 0x0,
    0x0, 0x0, 0x0, 0x0,

    /* U+5143 "元" */
    0x0, 0x0, 0x0, 0x0, 0x0, 0x0, 0x0, 0x0,
    0x0, 0x0, 0x0, 0x0, 0xb, 0xff, 0xff, 0xff,
    0xff, 0xff, 0xff, 0xff, 0x10, 0x0, 0x0, 0x8,
    0xaa, 0xaa, 0xaa, 0xaa, 0xaa, 0xaa, 0xab, 0x10,
    0x0, 0x0, 0x0, 0x0, 0x0, 0x0, 0x0, 0x0,
    0x0, 0x0, 0x0, 0x0, 0x0, 0x0, 0x0, 0x0,
    0x0, 0x0, 0x0, 0x0, 0x0, 0x0, 0x0, 0x0,
    0x0, 0x0, 0x0, 0x0, 0x0, 0x0, 0x0, 0x0,
    0x0, 0x0, 0x0, 0x0, 0x0, 0x0, 0x0, 0x0,
    0x0, 0x0, 0x0, 0x0, 0x0, 0x8, 0xfe, 0xee,
    0xee, 0xee, 0xee, 0xee, 0xee, 0xee, 0xef, 0x20,
    0x8, 0xee, 0xee, 0xef, 0xfe, 0xee, 0xff, 0xee,
    0xee, 0xef, 0x20, 0x0, 0x0, 0x0, 0x2f, 0xc0,
    0x0, 0xdf, 0x10, 0x0, 0x0, 0x0, 0x0, 0x0,
    0x0, 0x2f, 0xc0, 0x0, 0xdf, 0x10, 0x0, 0x0,
    0x0, 0x0, 0x0, 0x0, 0x4f, 0xb0, 0x0, 0xdf,
    0x10, 0x0, 0x0, 0x0, 0x0, 0x0, 0x0, 0x6f,
    0x90, 0x0, 0xdf, 0x10, 0x0, 0x0, 0x0, 0x0,
    0x0, 0x0, 0xaf, 0x60, 0x0, 0xdf, 0x10, 0x0,
    0x0, 0x0, 0x0, 0x0, 0x0, 0xef, 0x20, 0x0,
    0xdf, 0x10, 0x0, 0x0, 0x0, 0x0, 0x0, 0x6,
    0xfc, 0x0, 0x0, 0xdf, 0x10, 0x0, 0x0, 0x0,
    0x0, 0x0, 0x1e, 0xf4, 0x0, 0x0, 0xdf, 0x10,
    0x0, 0x4, 0x50, 0x0, 0x0, 0xcf, 0xb0, 0x0,
    0x0, 0xdf, 0x10, 0x0, 0x9, 0xfa, 0x0, 0x2d,
    0xfd, 0x10, 0x0, 0x0, 0xcf, 0x71, 0x11, 0x2f,
    0xf6, 0x19, 0xff, 0xd2, 0x0, 0x0, 0x0, 0x8f,
    0xff, 0xff, 0xff, 0xc0, 0xa, 0xfb, 0x10, 0x0,
    0x0, 0x0, 0x7, 0x9a, 0xaa, 0x96, 0x0, 0x0,
    0x40, 0x0, 0x0, 0x0, 0x0, 0x0, 0x0, 0x0,
    0x0, 0x0,

    /* U+5148 "先" */
    0x0, 0x0, 0x0, 0x0, 0x0, 0x11, 0x0, 0x0,
    0x0, 0x0, 0x0, 0x0, 0x0, 0x24, 0x0, 0x0,
    0xef, 0x20, 0x0, 0x0, 0x0, 0x0, 0x0, 0x0,
    0x7f, 0xc0, 0x0, 0xef, 0x20, 0x0, 0x0, 0x0,
    0x0, 0x0, 0x0, 0xcf, 0x50, 0x0, 0xdf, 0x10,
    0x0, 0x0, 0x0, 0x0, 0x0, 0x2, 0xfd, 0x0,
    0x0, 0xdf, 0x10, 0x0, 0x0, 0x0, 0x0, 0x0,
    0x9, 0xff, 0xff, 0xff, 0xff, 0xff, 0xff, 0xff,
    0xf0, 0x0, 0x0, 0x1f, 0xfb, 0xbb, 0xbb, 0xff,
    0xcb, 0xbb, 0xcc, 0xc0, 0x0, 0x0, 0x9f, 0x90,
    0x0, 0x0, 0xdf, 0x10, 0x0, 0x0, 0x0, 0x0,
    0x2, 0xff, 0x10, 0x0, 0x0, 0xdf, 0x10, 0x0,
    0x0, 0x0, 0x0, 0x0, 0x4, 0x0, 0x0, 0x0,
    0xdf, 0x10, 0x0, 0x0, 0x0, 0x0, 0x7c, 0xbb,
    0xbb, 0xbb, 0xbb, 0xff, 0xcb, 0xbb, 0xbb, 0xbb,
    0xc8, 0x9f, 0xff, 0xff, 0xff, 0xff, 0xff, 0xff,
    0xff, 0xff, 0xff, 0xfb, 0x0, 0x0, 0x0, 0xf,
    0xf0, 0x0, 0x2f, 0xb0, 0x0, 0x0, 0x0, 0x0,
    0x0, 0x0, 0x1f, 0xe0, 0x0, 0x2f, 0xb0, 0x0,
    0x0, 0x0, 0x0, 0x0, 0x0, 0x5f, 0xb0, 0x0,
    0x2f, 0xb0, 0x0, 0x0, 0x0, 0x0, 0x0, 0x0,
    0xaf, 0x70, 0x0, 0x2f, 0xb0, 0x0, 0x0, 0x0,
    0x0, 0x0, 0x1, 0xff, 0x10, 0x0, 0x2f, 0xb0,
    0x0, 0x0, 0x0, 0x0, 0x0, 0xb, 0xf9, 0x0,
    0x0, 0x2f, 0xb0, 0x0, 0x6, 0x20, 0x0, 0x0,
    0x8f, 0xe1, 0x0, 0x0, 0x2f, 0xb0, 0x0, 0xc,
    0xf8, 0x0, 0x1a, 0xff, 0x30, 0x0, 0x0, 0x2f,
    0xd0, 0x0, 0x1f, 0xf4, 0x28, 0xef, 0xe3, 0x0,
    0x0, 0x0, 0xf, 0xfc, 0xbb, 0xef, 0xd0, 0x1b,
    0xfb, 0x10, 0x0, 0x0, 0x0, 0x5, 0xef, 0xff,
    0xfc, 0x30, 0x0, 0x40, 0x0, 0x0, 0x0, 0x0,
    0x0, 0x0, 0x0, 0x0, 0x0,

    /* U+515A "党" */
    0x0, 0x0, 0x0, 0x0, 0x0, 0x55, 0x0, 0x0,
    0x0, 0x0, 0x0, 0x0, 0x0, 0x43, 0x0, 0x1,
    0xff, 0x0, 0x0, 0x82, 0x0, 0x0, 0x0, 0x7,
    0xfe, 0x20, 0x1, 0xff, 0x0, 0x3, 0xff, 0x50,
    0x0, 0x0, 0x0, 0xbf, 0xd0, 0x1, 0xfe, 0x0,
    0x9, 0xfa, 0x0, 0x0, 0x0, 0x0, 0xc, 0xe3,
    0x0, 0xfe, 0x0, 0x1f, 0xe1, 0x0, 0x0, 0x5,
    0x55, 0x57, 0x75, 0x56, 0xff, 0x55, 0xaf, 0xa5,
    0x55, 0x50, 0xf, 0xff, 0xff, 0xff, 0xff, 0xff,
    0xff, 0xff, 0xff, 0xff, 0xf1, 0xf, 0xf1, 0x11,
    0x11, 0x11, 0x11, 0x11, 0x11, 0x11, 0x1d, 0xf0,
    0xf, 0xf0, 0x0, 0x0, 0x0, 0x0, 0x0, 0x0,
    0x0, 0xd, 0xf0, 0xf, 0xf0, 0x3f, 0xff, 0xff,
    0xff, 0xff, 0xff, 0xf3, 0x9, 0xb1, 0x1, 0x0,
    0x2f, 0xd7, 0x77, 0x77, 0x77, 0x7d, 0xf2, 0x0,
    0x0, 0x0, 0x0, 0x2f, 0xb0, 0x0, 0x0, 0x0,
    0xb, 0xf2, 0x0, 0x0, 0x0, 0x0, 0x2f, 0xb0,
    0x0, 0x0, 0x0, 0xb, 0xf2, 0x0, 0x0, 0x0,
    0x0, 0x3f, 0xd7, 0x77, 0x77, 0x77, 0x7d, 0xf2,
    0x0, 0x0, 0x0, 0x0, 0x3f, 0xff, 0xff, 0xff,
    0xff, 0xff, 0xf3, 0x0, 0x0, 0x0, 0x0, 0x0,
    0x8, 0xf4, 0x0, 0xdd, 0x0, 0x0, 0x0, 0x0,
    0x0, 0x0, 0x0, 0xb, 0xf1, 0x0, 0xdd, 0x0,
    0x0, 0x0, 0x0, 0x0, 0x0, 0x0, 0x1f, 0xd0,
    0x0, 0xdd, 0x0, 0x0, 0x4, 0x0, 0x0, 0x0,
    0x1, 0xcf, 0x60, 0x0, 0xdd, 0x0, 0x0, 0xb,
    0xf7, 0x0, 0x1, 0x7e, 0xfa, 0x0, 0x0, 0xdd,
    0x0, 0x0, 0xe, 0xf6, 0x29, 0xdf, 0xff, 0x70,
    0x0, 0x0, 0xbf, 0xdb, 0xbb, 0xdf, 0xf1, 0xd,
    0xfe, 0x81, 0x0, 0x0, 0x0, 0x4d, 0xff, 0xff,
    0xfd, 0x50, 0x3, 0x40, 0x0, 0x0, 0x0, 0x0,
    0x0, 0x0, 0x0, 0x0, 0x0,

    /* U+5165 "入" */
    0x0, 0x0, 0x0, 0x0, 0x0, 0x0, 0x0, 0x0,
    0x0, 0x0, 0x0, 0x0, 0x0, 0x0, 0x0, 0x7d,
    0x20, 0x0, 0x0, 0x0, 0x0, 0x0, 0x0, 0x0,
    0x0, 0x0, 0x2e, 0xff, 0x40, 0x0, 0x0, 0x0,
    0x0, 0x0, 0x0, 0x0, 0x0, 0x0, 0xa, 0xff,
    0x40, 0x0, 0x0, 0x0, 0x0, 0x0, 0x0, 0x0,
    0x0, 0x0, 0x9, 0xff, 0x20, 0x0, 0x0, 0x0,
    0x0, 0x0, 0x0, 0x0, 0x0, 0x0, 0xa, 0xfd,
    0x0, 0x0, 0x0, 0x0, 0x0, 0x0, 0x0, 0x0,
    0x0, 0x0, 0x1f, 0xf6, 0x0, 0x0, 0x0, 0x0,
    0x0, 0x0, 0x0, 0x0, 0x0, 0x2, 0xff, 0xd0,
    0x0, 0x0, 0x0, 0x0, 0x0, 0x0, 0x0, 0x0,
    0x0, 0x9f, 0xef, 0x50, 0x0, 0x0, 0x0, 0x0,
    0x0, 0x0, 0x0, 0x0, 0x1f, 0xe5, 0xfc, 0x0,
    0x0, 0x0, 0x0, 0x0, 0x0, 0x0, 0x0, 0x9,
    0xf8, 0xe, 0xf3, 0x0, 0x0, 0x0, 0x0, 0x0,
    0x0, 0x0, 0x2, 0xff, 0x10, 0x8f, 0xa0, 0x0,
    0x0, 0x0, 0x0, 0x0, 0x0, 0x0, 0xbf, 0x90,
    0x1, 0xff, 0x30, 0x0, 0x0, 0x0, 0x0, 0x0,
    0x0, 0x6f, 0xe1, 0x0, 0x9, 0xfb, 0x0, 0x0,
    0x0, 0x0, 0x0, 0x0, 0x2f, 0xf6, 0x0, 0x0,
    0x2f, 0xf7, 0x0, 0x0, 0x0, 0x0, 0x0, 0xd,
    0xfb, 0x0, 0x0, 0x0, 0x8f, 0xf3, 0x0, 0x0,
    0x0, 0x0, 0xb, 0xfd, 0x10, 0x0, 0x0, 0x0,
    0xef, 0xf4, 0x0, 0x0, 0x0, 0xb, 0xff, 0x20,
    0x0, 0x0, 0x0, 0x3, 0xff, 0xf7, 0x0, 0x0,
    0x2d, 0xff, 0x30, 0x0, 0x0, 0x0, 0x0, 0x3,
    0xff, 0xfc, 0x30, 0x8f, 0xff, 0x30, 0x0, 0x0,
    0x0, 0x0, 0x0, 0x4, 0xff, 0xf8, 0x6, 0xfe,
    0x30, 0x0, 0x0, 0x0, 0x0, 0x0, 0x0, 0x2,
    0xda, 0x0, 0x7, 0x10, 0x0, 0x0, 0x0, 0x0,
    0x0, 0x0, 0x0, 0x0, 0x10,

    /* U+5168 "全" */
    0x0, 0x0, 0x0, 0x0, 0x0, 0x50, 0x0, 0x0,
    0x0, 0x0, 0x0, 0x0, 0x0, 0x0, 0x0, 0x7,
    0xfe, 0x20, 0x0, 0x0, 0x0, 0x0, 0x0, 0x0,
    0x0, 0x0, 0x1e, 0xff, 0x70, 0x0, 0x0, 0x0,
    0x0, 0x0, 0x0, 0x0, 0x0, 0xbf, 0x8b, 0xf3,
    0x0, 0x0, 0x0, 0x0, 0x0, 0x0, 0x0, 0x9,
    0xfc, 0x2, 0xfe, 0x20, 0x0, 0x0, 0x0, 0x0,
    0x0, 0x0, 0x9f, 0xe1, 0x0, 0x5f, 0xf4, 0x0,
    0x0, 0x0, 0x0, 0x0, 0x1b, 0xfe, 0x20, 0x0,
    0x6, 0xff, 0x91, 0x0, 0x0, 0x0, 0x5, 0xef,
    0xd2, 0x0, 0x0, 0x0, 0x5f, 0xff, 0x71, 0x0,
    0x4, 0xcf, 0xfb, 0x0, 0x0, 0x0, 0x0, 0x1,
    0xbf, 0xff, 0xc6, 0x9f, 0xfe, 0xaf, 0xff, 0xff,
    0xff, 0xff, 0xff, 0xfb, 0xbf, 0xf5, 0x1e, 0x80,
    0x4a, 0xaa, 0xaa, 0xef, 0xaa, 0xaa, 0xa6, 0x3,
    0x90, 0x0, 0x0, 0x0, 0x0, 0x0, 0xcf, 0x10,
    0x0, 0x0, 0x0, 0x0, 0x0, 0x0, 0x0, 0x0,
    0x0, 0xcf, 0x10, 0x0, 0x0, 0x0, 0x0, 0x0,
    0x0, 0x0, 0x0, 0x0, 0xcf, 0x10, 0x0, 0x0,
    0x0, 0x0, 0x0, 0x6, 0x98, 0x88, 0x88, 0xef,
    0x98, 0x88, 0x89, 0x80, 0x0, 0x0, 0xa, 0xff,
    0xff, 0xff, 0xff, 0xff, 0xff, 0xff, 0xd0, 0x0,
    0x0, 0x0, 0x0, 0x0, 0x0, 0xcf, 0x10, 0x0,
    0x0, 0x0, 0x0, 0x0, 0x0, 0x0, 0x0, 0x0,
    0xcf, 0x10, 0x0, 0x0, 0x0, 0x0, 0x0, 0x0,
    0x0, 0x0, 0x0, 0xcf, 0x10, 0x0, 0x0, 0x0,
    0x0, 0x0, 0x0, 0x0, 0x0, 0x0, 0xcf, 0x10,
    0x0, 0x0, 0x0, 0x0, 0x6, 0xa9, 0x99, 0x99,
    0x99, 0xef, 0xa9, 0x99, 0x99, 0xab, 0x40, 0x9,
    0xfe, 0xee, 0xee, 0xee, 0xee, 0xee, 0xee, 0xef,
    0xff, 0x50, 0x0, 0x0, 0x0, 0x0, 0x0, 0x0,
    0x0, 0x0, 0x0, 0x1, 0x0,

    /* U+516D "六" */
    0x0, 0x0, 0x0, 0x0, 0x0, 0x0, 0x0, 0x0,
    0x0, 0x0, 0x0, 0x0, 0x0, 0x0, 0x0, 0x1b,
    0x70, 0x0, 0x0, 0x0, 0x0, 0x0, 0x0, 0x0,
    0x0, 0x0, 0x5f, 0xf4, 0x0, 0x0, 0x0, 0x0,
    0x0, 0x0, 0x0, 0x0, 0x0, 0xa, 0xfe, 0x10,
    0x0, 0x0, 0x0, 0x0, 0x0, 0x0, 0x0, 0x0,
    0x0, 0xef, 0x90, 0x0, 0x0, 0x0, 0x0, 0x0,
    0x0, 0x0, 0x0, 0x0, 0x5f, 0xc0, 0x0, 0x0,
    0x0, 0x0, 0x1, 0x0, 0x0, 0x0, 0x0, 0x4,
    0x0, 0x0, 0x0, 0x0, 0x0, 0x1f, 0xff, 0xee,
    0xee, 0xee, 0xee, 0xee, 0xee, 0xee, 0xef, 0xf8,
    0x1f, 0xff, 0xff, 0xff, 0xff, 0xff, 0xff, 0xff,
    0xff, 0xff, 0xf8, 0x0, 0x0, 0x0, 0x0, 0x0,
    0x0, 0x0, 0x0, 0x0, 0x0, 0x0, 0x0, 0x0,
    0x0, 0x0, 0x0, 0x0, 0x0, 0x0, 0x0, 0x0,
    0x0, 0x0, 0x0, 0x0, 0x8, 0x10, 0x0, 0x0,
    0x84, 0x0, 0x0, 0x0, 0x0, 0x0, 0x0, 0x3f,
    0xe4, 0x0, 0x9, 0xfe, 0x10, 0x0, 0x0, 0x0,
    0x0, 0x0, 0xcf, 0xe1, 0x0, 0x2, 0xff, 0xa0,
    0x0, 0x0, 0x0, 0x0, 0x6, 0xff, 0x50, 0x0,
    0x0, 0x5f, 0xf6, 0x0, 0x0, 0x0, 0x0, 0x2f,
    0xf9, 0x0, 0x0, 0x0, 0x9, 0xff, 0x30, 0x0,
    0x0, 0x0, 0xcf, 0xd0, 0x0, 0x0, 0x0, 0x0,
    0xdf, 0xd0, 0x0, 0x0, 0x9, 0xff, 0x30, 0x0,
    0x0, 0x0, 0x0, 0x2f, 0xf9, 0x0, 0x0, 0x8f,
    0xf8, 0x0, 0x0, 0x0, 0x0, 0x0, 0x7, 0xff,
    0x30, 0x7, 0xff, 0xb0, 0x0, 0x0, 0x0, 0x0,
    0x0, 0x0, 0xdf, 0xd0, 0xa, 0xfd, 0x10, 0x0,
    0x0, 0x0, 0x0, 0x0, 0x0, 0x4c, 0x20, 0x0,
    0x61, 0x0, 0x0, 0x0, 0x0, 0x0, 0x0, 0x0,
    0x0, 0x0,

    /* U+5173 "关" */
    0x0, 0x0, 0x0, 0x20, 0x0, 0x0, 0x0, 0x40,
    0x0, 0x0, 0x0, 0x0, 0x0, 0x3, 0xfa, 0x0,
    0x0, 0x1, 0xfd, 0x30, 0x0, 0x0, 0x0, 0x0,
    0x1, 0xef, 0x60, 0x0, 0x6, 0xfd, 0x0, 0x0,
    0x0, 0x0, 0x0, 0x0, 0x4f, 0xf1, 0x0, 0xc,
    0xf4, 0x0, 0x0, 0x0, 0x0, 0x0, 0x0, 0xb,
    0xb2, 0x0, 0x3f, 0xc0, 0x0, 0x0, 0x0, 0x0,
    0x69, 0x88, 0x89, 0x88, 0x88, 0xcf, 0xb8, 0x88,
    0x98, 0x0, 0x0, 0xaf, 0xff, 0xff, 0xff, 0xff,
    0xff, 0xff, 0xff, 0xfd, 0x0, 0x0, 0x11, 0x10,
    0x0, 0x1, 0xfc, 0x0, 0x0, 0x0, 0x11, 0x0,
    0x0, 0x0, 0x0, 0x0, 0x0, 0xfc, 0x0, 0x0,
    0x0, 0x0, 0x0, 0x0, 0x0, 0x0, 0x0, 0x0,
    0xfc, 0x0, 0x0, 0x0, 0x0, 0x0, 0x0, 0x0,
    0x0, 0x0, 0x0, 0xfc, 0x0, 0x0, 0x0, 0x0,
    0x0, 0x0, 0x0, 0x0, 0x0, 0x0, 0xfc, 0x0,
    0x0, 0x0, 0x1, 0x10, 0xb, 0xff, 0xff, 0xff,
    0xff, 0xff, 0xff, 0xff, 0xff, 0xff, 0xf0, 0x7,
    0x99, 0x88, 0x88, 0x8b, 0xff, 0xa8, 0x88, 0x88,
    0x99, 0xa0, 0x0, 0x0, 0x0, 0x0, 0x9, 0xff,
    0xc0, 0x0, 0x0, 0x0, 0x0, 0x0, 0x0, 0x0,
    0x0, 0x3f, 0xea, 0xf9, 0x0, 0x0, 0x0, 0x0,
    0x0, 0x0, 0x0, 0x1, 0xdf, 0x50, 0xdf, 0xa0,
    0x0, 0x0, 0x0, 0x0, 0x0, 0x0, 0x1d, 0xf9,
    0x0, 0x2e, 0xfc, 0x30, 0x0, 0x0, 0x0, 0x0,
    0x5, 0xef, 0x90, 0x0, 0x2, 0xef, 0xfa, 0x20,
    0x0, 0x0, 0x5, 0xcf, 0xf6, 0x0, 0x0, 0x0,
    0x1b, 0xff, 0xfd, 0x92, 0x9, 0xef, 0xfb, 0x20,
    0x0, 0x0, 0x0, 0x0, 0x5e, 0xff, 0xd0, 0x3,
    0xfb, 0x30, 0x0, 0x0, 0x0, 0x0, 0x0, 0x0,
    0x5c, 0x40, 0x0, 0x10, 0x0, 0x0, 0x0, 0x0,
    0x0, 0x0, 0x0, 0x0, 0x0,

    /* U+5176 "其" */
    0x0, 0x0, 0x0, 0x0, 0x0, 0x0, 0x0, 0x0,
    0x0, 0x0, 0x0, 0x0, 0x0, 0xf, 0xf3, 0x0,
    0x0, 0x0, 0x2f, 0xe0, 0x0, 0x0, 0x0, 0x0,
    0xe, 0xf1, 0x0, 0x0, 0x0, 0x2f, 0xe0, 0x0,
    0x0, 0x1, 0x10, 0xe, 0xf2, 0x0, 0x0, 0x0,
    0x2f, 0xd0, 0x11, 0x0, 0x8, 0xff, 0xff, 0xff,
    0xff, 0xff, 0xff, 0xff, 0xff, 0xff, 0x60, 0x3,
    0x66, 0x5e, 0xf6, 0x55, 0x55, 0x55, 0x6f, 0xe5,
    0x66, 0x30, 0x0, 0x0, 0xe, 0xf1, 0x0, 0x0,
    0x0, 0x1f, 0xd0, 0x0, 0x0, 0x0, 0x0, 0xe,
    0xf6, 0x55, 0x55, 0x55, 0x6f, 0xd0, 0x0, 0x0,
    0x0, 0x0, 0xe, 0xff, 0xff, 0xff, 0xff, 0xff,
    0xd0, 0x0, 0x0, 0x0, 0x0, 0xe, 0xf1, 0x0,
    0x0, 0x0, 0x1f, 0xd0, 0x0, 0x0, 0x0, 0x0,
    0xe, 0xf1, 0x0, 0x0, 0x0, 0x1f, 0xd0, 0x0,
    0x0, 0x0, 0x0, 0xe, 0xff, 0xff, 0xff, 0xff,
    0xff, 0xd0, 0x0, 0x0, 0x0, 0x0, 0xe, 0xf7,
    0x77, 0x77, 0x77, 0x8f, 0xd0, 0x0, 0x0, 0x0,
    0x0, 0xe, 0xf1, 0x0, 0x0, 0x0, 0x1f, 0xd0,
    0x0, 0x0, 0x32, 0x22, 0x2e, 0xf3, 0x22, 0x22,
    0x22, 0x3f, 0xe2, 0x22, 0x32, 0xdf, 0xff, 0xff,
    0xff, 0xff, 0xff, 0xff, 0xff, 0xff, 0xff, 0xfb,
    0x33, 0x22, 0x22, 0x32, 0x22, 0x22, 0x22, 0x32,
    0x22, 0x22, 0x32, 0x0, 0x0, 0x3, 0xe8, 0x0,
    0x0, 0x1, 0xcc, 0x30, 0x0, 0x0, 0x0, 0x0,
    0x6f, 0xfa, 0x0, 0x0, 0x2, 0xcf, 0xf8, 0x0,
    0x0, 0x0, 0x1a, 0xff, 0x60, 0x0, 0x0, 0x0,
    0x7, 0xff, 0xc2, 0x0, 0x5, 0xef, 0xc2, 0x0,
    0x0, 0x0, 0x0, 0x0, 0x2d, 0xff, 0x40, 0x8,
    0xf9, 0x0, 0x0, 0x0, 0x0, 0x0, 0x0, 0x0,
    0xbd, 0x10, 0x0, 0x30, 0x0, 0x0, 0x0, 0x0,
    0x0, 0x0, 0x0, 0x1, 0x0,

    /* U+5185 "内" */
    0x0, 0x0, 0x0, 0x0, 0x4, 0x52, 0x0, 0x0,
    0x0, 0x0, 0x0, 0x0, 0x0, 0x0, 0x0, 0xcf,
    0x50, 0x0, 0x0, 0x0, 0x0, 0x0, 0x0, 0x0,
    0x0, 0xb, 0xf2, 0x0, 0x0, 0x0, 0x0, 0x0,
    0x0, 0x0, 0x0, 0x0, 0xbf, 0x10, 0x0, 0x0,
    0x0, 0x0, 0x2a, 0xaa, 0xaa, 0xaa, 0xae, 0xfa,
    0xaa, 0xaa, 0xaa, 0xaa, 0x3, 0xff, 0xff, 0xff,
    0xff, 0xff, 0xff, 0xff, 0xff, 0xff, 0xf0, 0x3f,
    0xd0, 0x0, 0x0, 0xd, 0xf0, 0x0, 0x0, 0x1,
    0xff, 0x2, 0xfd, 0x0, 0x0, 0x0, 0xfe, 0x0,
    0x0, 0x0, 0x1f, 0xe0, 0x2f, 0xd0, 0x0, 0x0,
    0x2f, 0xc0, 0x0, 0x0, 0x1, 0xfe, 0x2, 0xfd,
    0x0, 0x0, 0x7, 0xfe, 0x20, 0x0, 0x0, 0x1f,
    0xe0, 0x2f, 0xd0, 0x0, 0x0, 0xef, 0xff, 0x60,
    0x0, 0x1, 0xfe, 0x2, 0xfd, 0x0, 0x0, 0x8f,
    0xc4, 0xef, 0xa0, 0x0, 0x1f, 0xe0, 0x2f, 0xd0,
    0x0, 0x5f, 0xf2, 0x2, 0xdf, 0xd2, 0x1, 0xfe,
    0x2, 0xfd, 0x0, 0x5f, 0xf6, 0x0, 0x1, 0xcf,
    0xf4, 0x1f, 0xe0, 0x2f, 0xd0, 0x8f, 0xf8, 0x0,
    0x0, 0x0, 0xcf, 0x81, 0xfe, 0x2, 0xfd, 0x19,
    0xfa, 0x0, 0x0, 0x0, 0x0, 0x60, 0x1f, 0xe0,
    0x2f, 0xd0, 0x3, 0x0, 0x0, 0x0, 0x0, 0x0,
    0x1, 0xfe, 0x2, 0xfd, 0x0, 0x0, 0x0, 0x0,
    0x0, 0x0, 0x0, 0x1f, 0xe0, 0x2f, 0xd0, 0x0,
    0x0, 0x0, 0x0, 0x0, 0x0, 0x1, 0xfe, 0x2,
    0xfd, 0x0, 0x0, 0x0, 0x0, 0x0, 0x0, 0x0,
    0x4f, 0xe0, 0x3f, 0xd0, 0x0, 0x0, 0x0, 0x0,
    0x0, 0x5e, 0xff, 0xfc, 0x4, 0xfd, 0x0, 0x0,
    0x0, 0x0, 0x0, 0x0, 0xbf, 0xda, 0x20, 0x0,
    0x0, 0x0, 0x0, 0x0, 0x0, 0x0, 0x1, 0x0,
    0x0, 0x0,

    /* U+518D "再" */
    0x0, 0x9a, 0x99, 0x99, 0x99, 0x99, 0x99, 0x99,
    0x99, 0x99, 0xa5, 0x0, 0xe, 0xff, 0xff, 0xff,
    0xff, 0xff, 0xff, 0xff, 0xff, 0xff, 0x80, 0x0,
    0x10, 0x0, 0x0, 0x0, 0x1f, 0xc0, 0x0, 0x0,
    0x0, 0x0, 0x0, 0x0, 0x0, 0x0, 0x0, 0x1,
    0xfc, 0x0, 0x0, 0x0, 0x0, 0x0, 0x0, 0x0,
    0x0, 0x0, 0x0, 0x1f, 0xc0, 0x0, 0x0, 0x0,
    0x0, 0x0, 0x0, 0xe, 0xff, 0xff, 0xff, 0xff,
    0xff, 0xff, 0xff, 0x20, 0x0, 0x0, 0x0, 0xdf,
    0x77, 0x77, 0x7f, 0xe7, 0x77, 0x7e, 0xf1, 0x0,
    0x0, 0x0, 0xd, 0xf1, 0x0, 0x1, 0xfc, 0x0,
    0x0, 0xcf, 0x10, 0x0, 0x0, 0x0, 0xcf, 0x10,
    0x0, 0x1f, 0xc0, 0x0, 0xc, 0xf1, 0x0, 0x0,
    0x0, 0xc, 0xf5, 0x44, 0x45, 0xfd, 0x44, 0x44,
    0xdf, 0x10, 0x0, 0x0, 0x0, 0xcf, 0xff, 0xff,
    0xff, 0xff, 0xff, 0xff, 0xf1, 0x0, 0x0, 0x0,
    0xc, 0xf3, 0x22, 0x23, 0xfd, 0x22, 0x22, 0xdf,
    0x10, 0x0, 0x0, 0x0, 0xcf, 0x10, 0x0, 0x1f,
    0xc0, 0x0, 0xc, 0xf1, 0x0, 0x0, 0x0, 0xc,
    0xf1, 0x0, 0x1, 0xfc, 0x0, 0x0, 0xcf, 0x10,
    0x1, 0x5f, 0xff, 0xff, 0xff, 0xff, 0xff, 0xff,
    0xff, 0xff, 0xff, 0xff, 0xd3, 0x99, 0x8e, 0xf9,
    0x88, 0x88, 0x88, 0x88, 0x88, 0xef, 0x98, 0x98,
    0x0, 0x0, 0xcf, 0x10, 0x0, 0x0, 0x0, 0x0,
    0xc, 0xf1, 0x0, 0x0, 0x0, 0xc, 0xf1, 0x0,
    0x0, 0x0, 0x0, 0x0, 0xcf, 0x10, 0x0, 0x0,
    0x0, 0xdf, 0x10, 0x0, 0x0, 0x0, 0x0, 0xe,
    0xf1, 0x0, 0x0, 0x0, 0xe, 0xf1, 0x0, 0x0,
    0x0, 0x0, 0xce, 0xff, 0x0, 0x0, 0x0, 0x0,
    0xff, 0x10, 0x0, 0x0, 0x0, 0xa, 0xfc, 0x60,
    0x0, 0x0, 0x0, 0x0, 0x0, 0x0, 0x0, 0x0,
    0x0, 0x0, 0x0, 0x0, 0x0,

    /* U+519B "军" */
    0x8, 0x88, 0x88, 0x88, 0x88, 0x88, 0x88, 0x88,
    0x88, 0x88, 0x70, 0xf, 0xff, 0xff, 0xff, 0xff,
    0xff, 0xff, 0xff, 0xff, 0xff, 0xd0, 0xe, 0xf1,
    0x0, 0x0, 0x34, 0x0, 0x0, 0x0, 0x0, 0x2f,
    0xd0, 0xe, 0xf1, 0x0, 0x0, 0xaf, 0x90, 0x0,
    0x0, 0x0, 0x2f, 0xd0, 0xf, 0xf1, 0x0, 0x3,
    0xfe, 0x10, 0x0, 0x0, 0x0, 0x1c, 0xa0, 0x2,
    0x26, 0x98, 0x8e, 0xfb, 0x88, 0x88, 0x89, 0x9a,
    0x0, 0x0, 0x0, 0xa, 0xff, 0xff, 0xff, 0xff,
    0xff, 0xff, 0xff, 0x10, 0x0, 0x0, 0x2, 0x25,
    0xfe, 0x21, 0x11, 0x11, 0x12, 0x33, 0x0, 0x0,
    0x0, 0x0, 0x1e, 0xf4, 0x0, 0xaa, 0x10, 0x0,
    0x0, 0x0, 0x0, 0x0, 0x0, 0xcf, 0x70, 0x0,
    0xff, 0x10, 0x0, 0x0, 0x0, 0x0, 0x0, 0x2c,
    0xfa, 0x0, 0x0, 0xef, 0x20, 0x0, 0x11, 0x0,
    0x0, 0x0, 0x3f, 0xff, 0xff, 0xff, 0xff, 0xff,
    0xff, 0xff, 0x50, 0x0, 0x0, 0xb, 0xca, 0xaa,
    0xaa, 0xff, 0xaa, 0xaa, 0xab, 0x40, 0x0, 0x0,
    0x0, 0x0, 0x0, 0x0, 0xef, 0x10, 0x0, 0x0,
    0x0, 0x0, 0x0, 0x0, 0x0, 0x0, 0x0, 0xef,
    0x10, 0x0, 0x0, 0x0, 0x0, 0x9c, 0xcb, 0xbb,
    0xbb, 0xbb, 0xff, 0xcb, 0xbb, 0xbb, 0xbc, 0xc2,
    0xae, 0xed, 0xdd, 0xdd, 0xdd, 0xff, 0xdd, 0xdd,
    0xdd, 0xde, 0xe2, 0x0, 0x0, 0x0, 0x0, 0x0,
    0xef, 0x10, 0x0, 0x0, 0x0, 0x0, 0x0, 0x0,
    0x0, 0x0, 0x0, 0xef, 0x10, 0x0, 0x0, 0x0,
    0x0, 0x0, 0x0, 0x0, 0x0, 0x0, 0xff, 0x10,
    0x0, 0x0, 0x0, 0x0, 0x0, 0x0, 0x0, 0x0,
    0x1, 0xff, 0x20, 0x0, 0x0, 0x0, 0x0,

    /* U+51FA "出" */
    0x0, 0x0, 0x0, 0x0, 0x2, 0x30, 0x0, 0x0,
    0x0, 0x0, 0x0, 0x0, 0x0, 0x0, 0xe, 0xf0,
    0x0, 0x0, 0x0, 0x0, 0x0, 0x0, 0x0, 0x0,
    0xd, 0xf0, 0x0, 0x0, 0x0, 0x0, 0x3, 0xfb,
    0x0, 0x0, 0xd, 0xf0, 0x0, 0x0, 0xaf, 0x30,
    0x2, 0xfa, 0x0, 0x0, 0xd, 0xf0, 0x0, 0x0,
    0xaf, 0x20, 0x2, 0xfa, 0x0, 0x0, 0xd, 0xf0,
    0x0, 0x0, 0xaf, 0x20, 0x2, 0xfa, 0x0, 0x0,
    0xd, 0xf0, 0x0, 0x0, 0xaf, 0x20, 0x2, 0xfa,
    0x0, 0x0, 0xd, 0xf0, 0x0, 0x0, 0xaf, 0x20,
    0x2, 0xfa, 0x0, 0x0, 0xd, 0xf0, 0x0, 0x0,
    0xaf, 0x20, 0x2, 0xff, 0xff, 0xff, 0xff, 0xff,
    0xff, 0xff, 0xff, 0x20, 0x1, 0x88, 0x88, 0x88,
    0x8e, 0xf8, 0x88, 0x88, 0x88, 0x20, 0x0, 0x0,
    0x0, 0x0, 0xd, 0xf0, 0x0, 0x0, 0x0, 0x0,
    0x16, 0x40, 0x0, 0x0, 0xd, 0xf0, 0x0, 0x0,
    0x4, 0x50, 0x3f, 0xa0, 0x0, 0x0, 0xd, 0xf0,
    0x0, 0x0, 0xd, 0xf0, 0x2f, 0xa0, 0x0, 0x0,
    0xd, 0xf0, 0x0, 0x0, 0xc, 0xf0, 0x2f, 0xa0,
    0x0, 0x0, 0xd, 0xf0, 0x0, 0x0, 0xc, 0xf0,
    0x2f, 0xa0, 0x0, 0x0, 0xd, 0xf0, 0x0, 0x0,
    0xc, 0xf0, 0x2f, 0xa0, 0x0, 0x0, 0xd, 0xf0,
    0x0, 0x0, 0xc, 0xf0, 0x2f, 0xa0, 0x0, 0x0,
    0xd, 0xf0, 0x0, 0x0, 0xc, 0xf0, 0x3f, 0xff,
    0xff, 0xff, 0xff, 0xff, 0xff, 0xff, 0xff, 0xf0,
    0x2a, 0xaa, 0xaa, 0xaa, 0xaa, 0xaa, 0xaa, 0xaa,
    0xae, 0xf0, 0x0, 0x0, 0x0, 0x0, 0x0, 0x0,
    0x0, 0x0, 0xc, 0xf1,

    /* U+51FB "击" */
    0x0, 0x0, 0x0, 0x0, 0x0, 0xe, 0xd0, 0x0,
    0x0, 0x0, 0x0, 0x0, 0x0, 0x0, 0x0, 0x0,
    0x0, 0xf, 0xd0, 0x0, 0x0, 0x0, 0x0, 0x0,
    0x0, 0x0, 0x0, 0x0, 0x0, 0xf, 0xd0, 0x0,
    0x0, 0x0, 0x0, 0x0, 0x0, 0x2, 0x21, 0x11,
    0x11, 0x1f, 0xd1, 0x11, 0x11, 0x11, 0x10, 0x0,
    0x0, 0xb, 0xff, 0xff, 0xff, 0xff, 0xff, 0xff,
    0xff, 0xff, 0xb0, 0x0, 0x0, 0x6, 0x98, 0x88,
    0x88, 0x8f, 0xe8, 0x88, 0x88, 0x89, 0x60, 0x0,
    0x0, 0x0, 0x0, 0x0, 0x0, 0xf, 0xd0, 0x0,
    0x0, 0x0, 0x0, 0x0, 0x0, 0x0, 0x0, 0x0,
    0x0, 0xf, 0xd0, 0x0, 0x0, 0x0, 0x0, 0x0,
    0x0, 0x0, 0x0, 0x0, 0x0, 0xf, 0xd0, 0x0,
    0x0, 0x0, 0x0, 0x0, 0x9, 0x98, 0x88, 0x88,
    0x88, 0x8f, 0xe8, 0x88, 0x88, 0x88, 0x89, 0x90,
    0x1f, 0xff, 0xff, 0xff, 0xff, 0xff, 0xff, 0xff,
    0xff, 0xff, 0xff, 0xf1, 0x0, 0x0, 0x0, 0x0,
    0x0, 0xf, 0xd0, 0x0, 0x0, 0x0, 0x0, 0x0,
    0x0, 0x0, 0x0, 0x0, 0x0, 0xf, 0xd0, 0x0,
    0x0, 0x11, 0x0, 0x0, 0x0, 0x0, 0xff, 0x0,
    0x0, 0xf, 0xd0, 0x0, 0x0, 0xff, 0x0, 0x0,
    0x0, 0x0, 0xfe, 0x0, 0x0, 0xf, 0xd0, 0x0,
    0x0, 0xef, 0x0, 0x0, 0x0, 0x0, 0xfe, 0x0,
    0x0, 0xf, 0xd0, 0x0, 0x0, 0xef, 0x0, 0x0,
    0x0, 0x0, 0xfe, 0x0, 0x0, 0xf, 0xd0, 0x0,
    0x0, 0xef, 0x0, 0x0, 0x0, 0x0, 0xfe, 0x0,
    0x0, 0xf, 0xd0, 0x0, 0x0, 0xef, 0x0, 0x0,
    0x0, 0x0, 0xff, 0x88, 0x88, 0x8f, 0xe8, 0x88,
    0x88, 0xff, 0x0, 0x0, 0x0, 0x0, 0xff, 0xff,
    0xff, 0xff, 0xff, 0xff, 0xff, 0xff, 0x0, 0x0,
    0x0, 0x0, 0x0, 0x0, 0x0, 0x0, 0x0, 0x0,
    0x0, 0xef, 0x0, 0x0,

    /* U+5206 "分" */
    0x0, 0x0, 0x0, 0x0, 0x0, 0x0, 0x0, 0x0,
    0x0, 0x0, 0x0, 0x0, 0x0, 0x0, 0x0, 0x92,
    0x0, 0x9, 0xf1, 0x0, 0x0, 0x0, 0x0, 0x0,
    0x0, 0x0, 0x5f, 0xe0, 0x0, 0x7f, 0x90, 0x0,
    0x0, 0x0, 0x0, 0x0, 0x0, 0xc, 0xf5, 0x0,
    0x0, 0xef, 0x30, 0x0, 0x0, 0x0, 0x0, 0x0,
    0x5, 0xfd, 0x0, 0x0, 0x6, 0xfd, 0x0, 0x0,
    0x0, 0x0, 0x0, 0x1, 0xef, 0x40, 0x0, 0x0,
    0xc, 0xfa, 0x0, 0x0, 0x0, 0x0, 0x0, 0xaf,
    0xb0, 0x0, 0x0, 0x0, 0x2f, 0xf9, 0x0, 0x0,
    0x0, 0x0, 0x5f, 0xf2, 0x0, 0x0, 0x0, 0x0,
    0x4f, 0xfa, 0x0, 0x0, 0x0, 0x2f, 0xf5, 0x0,
    0x0, 0x0, 0x0, 0x0, 0x5f, 0xfd, 0x30, 0x0,
    0x2e, 0xfa, 0x21, 0x11, 0x11, 0x11, 0x11, 0x11,
    0x5e, 0xff, 0xa0, 0x2e, 0xfc, 0x6f, 0xff, 0xff,
    0xff, 0xff, 0xff, 0xfc, 0x1c, 0xf7, 0x0, 0xad,
    0x14, 0xbb, 0xbf, 0xfb, 0xbb, 0xbb, 0xcf, 0xa0,
    0x6, 0x0, 0x0, 0x0, 0x0, 0x0, 0xfe, 0x0,
    0x0, 0x6, 0xf8, 0x0, 0x0, 0x0, 0x0, 0x0,
    0x0, 0x2f, 0xc0, 0x0, 0x0, 0x8f, 0x60, 0x0,
    0x0, 0x0, 0x0, 0x0, 0x6, 0xf9, 0x0, 0x0,
    0x9, 0xf5, 0x0, 0x0, 0x0, 0x0, 0x0, 0x0,
    0xbf, 0x40, 0x0, 0x0, 0xbf, 0x30, 0x0, 0x0,
    0x0, 0x0, 0x0, 0x3f, 0xe0, 0x0, 0x0, 0xc,
    0xf1, 0x0, 0x0, 0x0, 0x0, 0x0, 0xd, 0xf7,
    0x0, 0x0, 0x0, 0xef, 0x0, 0x0, 0x0, 0x0,
    0x0, 0xc, 0xfc, 0x0, 0x0, 0x0, 0x1f, 0xe0,
    0x0, 0x0, 0x0, 0x0, 0x3d, 0xfd, 0x10, 0x0,
    0x12, 0x29, 0xfb, 0x0, 0x0, 0x0, 0x3, 0xbf,
    0xfb, 0x10, 0x0, 0x2, 0xff, 0xff, 0x40, 0x0,
    0x0, 0x0, 0x2e, 0xf7, 0x0, 0x0, 0x0, 0xb,
    0xd9, 0x30, 0x0, 0x0, 0x0, 0x0, 0x31, 0x0,
    0x0, 0x0, 0x0, 0x0, 0x0, 0x0, 0x0, 0x0,
    0x0,

    /* U+5207 "切" */
    0x0, 0x7, 0xa1, 0x0, 0x0, 0x0, 0x0, 0x0,
    0x0, 0x0, 0x0, 0x0, 0xa, 0xf2, 0x0, 0x1,
    0x11, 0x0, 0x0, 0x0, 0x0, 0x0, 0x0, 0xa,
    0xf1, 0x0, 0xe, 0xff, 0xff, 0xff, 0xff, 0xff,
    0xf2, 0x0, 0x9, 0xf1, 0x0, 0x7, 0x87, 0x7f,
    0xf7, 0x77, 0x7d, 0xf1, 0x0, 0x9, 0xf1, 0x0,
    0x0, 0x0, 0xf, 0xe0, 0x0, 0xc, 0xf0, 0x0,
    0x9, 0xf1, 0x0, 0x0, 0x0, 0xf, 0xe0, 0x0,
    0xc, 0xf0, 0x0, 0x9, 0xf4, 0x58, 0xa1, 0x0,
    0xf, 0xe0, 0x0, 0xd, 0xe0, 0xbd, 0xef, 0xff,
    0xff, 0xf3, 0x0, 0xf, 0xd0, 0x0, 0xe, 0xe0,
    0xde, 0xce, 0xf6, 0x42, 0x0, 0x0, 0x1f, 0xb0,
    0x0, 0xf, 0xd0, 0x0, 0x9, 0xf1, 0x0, 0x0,
    0x0, 0x3f, 0xa0, 0x0, 0xf, 0xc0, 0x0, 0x9,
    0xf1, 0x0, 0x0, 0x0, 0x6f, 0x70, 0x0, 0xf,
    0xb0, 0x0, 0x9, 0xf1, 0x0, 0x0, 0x0, 0x9f,
    0x40, 0x0, 0x1f, 0xb0, 0x0, 0x9, 0xf1, 0x0,
    0x20, 0x0, 0xef, 0x0, 0x0, 0x2f, 0xa0, 0x0,
    0x9, 0xf1, 0x6, 0xf5, 0x4, 0xfc, 0x0, 0x0,
    0x3f, 0x90, 0x0, 0x9, 0xf3, 0xbf, 0xe5, 0xb,
    0xf6, 0x0, 0x0, 0x3f, 0x90, 0x0, 0xc, 0xff,
    0xfa, 0x10, 0x4f, 0xe0, 0x0, 0x0, 0x4f, 0x80,
    0x0, 0x4f, 0xfe, 0x50, 0x1, 0xef, 0x60, 0x0,
    0x0, 0x5f, 0x70, 0x0, 0xe, 0xb1, 0x0, 0x1d,
    0xfa, 0x0, 0x0, 0x0, 0x7f, 0x70, 0x0, 0x2,
    0x0, 0x1, 0xcf, 0xc0, 0x0, 0x15, 0x68, 0xef,
    0x40, 0x0, 0x0, 0x0, 0x4e, 0xfd, 0x10, 0x0,
    0xd, 0xff, 0xfe, 0x0, 0x0, 0x0, 0x0, 0x3c,
    0xc1, 0x0, 0x0, 0x7, 0xeb, 0x71, 0x0, 0x0,
    0x0, 0x0, 0x0, 0x0, 0x0, 0x0, 0x0, 0x0,
    0x0, 0x0,

    /* U+521A "刚" */
    0x0, 0x0, 0x0, 0x0, 0x0, 0x0, 0x0, 0x0,
    0x0, 0x0, 0x10, 0x5, 0x55, 0x55, 0x55, 0x55,
    0x55, 0x40, 0x0, 0x0, 0xa, 0xf2, 0xf, 0xff,
    0xff, 0xff, 0xff, 0xff, 0xe0, 0x0, 0x0, 0xa,
    0xf1, 0xf, 0xd2, 0x22, 0x22, 0x22, 0x2f, 0xd0,
    0x8, 0x70, 0x9, 0xf1, 0xf, 0xc0, 0x0, 0x0,
    0x0, 0xf, 0xd0, 0xf, 0xd0, 0x9, 0xf1, 0xf,
    0xc0, 0x0, 0x0, 0x41, 0xf, 0xd0, 0xf, 0xd0,
    0x9, 0xf1, 0xf, 0xc0, 0x82, 0x0, 0xcf, 0x3f,
    0xd0, 0xf, 0xc0, 0x9, 0xf1, 0xf, 0xc4, 0xfc,
    0x0, 0xfc, 0xf, 0xd0, 0xf, 0xc0, 0x9, 0xf1,
    0xf, 0xc0, 0x8f, 0x75, 0xf4, 0xf, 0xd0, 0xf,
    0xc0, 0x9, 0xf1, 0xf, 0xc0, 0xd, 0xfc, 0xe0,
    0xf, 0xd0, 0xf, 0xc0, 0x9, 0xf1, 0xf, 0xc0,
    0x3, 0xff, 0x70, 0xf, 0xd0, 0xf, 0xc0, 0x9,
    0xf1, 0xf, 0xc0, 0x1, 0xff, 0x60, 0xf, 0xd0,
    0xf, 0xc0, 0x9, 0xf1, 0xf, 0xc0, 0x8, 0xfe,
    0xe0, 0xf, 0xd0, 0xf, 0xc0, 0x9, 0xf1, 0xf,
    0xc0, 0x2f, 0xc4, 0xf7, 0xf, 0xd0, 0xf, 0xc0,
    0x9, 0xf1, 0xf, 0xc0, 0xcf, 0x30, 0xdf, 0x1f,
    0xd0, 0xf, 0xc0, 0x9, 0xf1, 0xf, 0xcb, 0xf9,
    0x0, 0x7e, 0x4f, 0xd0, 0xf, 0xd0, 0x9, 0xf1,
    0xf, 0xc1, 0x90, 0x0, 0x11, 0xf, 0xd0, 0xf,
    0xd0, 0x9, 0xf1, 0xf, 0xc0, 0x0, 0x0, 0x0,
    0xf, 0xd0, 0x0, 0x0, 0x9, 0xf1, 0xf, 0xc0,
    0x0, 0x0, 0x0, 0xf, 0xd0, 0x0, 0x0, 0xa,
    0xf1, 0xf, 0xc0, 0x0, 0x0, 0x27, 0x8f, 0xc0,
    0x0, 0x1, 0x2d, 0xf0, 0xf, 0xc0, 0x0, 0x0,
    0xf, 0xff, 0x70, 0x0, 0x1f, 0xff, 0xd0, 0x6,
    0x50, 0x0, 0x0, 0x6, 0x52, 0x0, 0x0, 0x9,
    0xa7, 0x10,

    /* U+5220 "删" */
    0x0, 0x0, 0x0, 0x0, 0x0, 0x0, 0x0, 0x0,
    0x0, 0x0, 0x0, 0x0, 0x0, 0x88, 0x88, 0x81,
    0x18, 0x88, 0x88, 0x0, 0x0, 0xa, 0xf2, 0x0,
    0xf, 0xfd, 0xef, 0x13, 0xfe, 0xdf, 0xf0, 0x0,
    0x0, 0x9f, 0x20, 0x0, 0xf9, 0x8, 0xf1, 0x2f,
    0x70, 0x9f, 0x0, 0xfc, 0x9, 0xf1, 0x0, 0xf,
    0x90, 0x8f, 0x12, 0xf7, 0x9, 0xf0, 0xf, 0xc0,
    0x9f, 0x10, 0x0, 0xf9, 0x8, 0xf1, 0x2f, 0x70,
    0x9f, 0x0, 0xfc, 0x9, 0xf1, 0x0, 0xf, 0x90,
    0x8f, 0x12, 0xf7, 0x9, 0xf0, 0xf, 0xc0, 0x9f,
    0x10, 0x0, 0xf9, 0x8, 0xf1, 0x2f, 0x70, 0x9f,
    0x0, 0xfc, 0x9, 0xf1, 0x0, 0xf, 0x90, 0x8f,
    0x12, 0xf7, 0x9, 0xf0, 0xf, 0xc0, 0x9f, 0x10,
    0xac, 0xfe, 0xce, 0xfc, 0xcf, 0xdc, 0xef, 0xc4,
    0xfc, 0x9, 0xf1, 0x9, 0xbf, 0xeb, 0xdf, 0xcc,
    0xfd, 0xbe, 0xfc, 0x4f, 0xc0, 0x9f, 0x10, 0x0,
    0xf9, 0x8, 0xf1, 0x2f, 0x70, 0x9f, 0x0, 0xfc,
    0x9, 0xf1, 0x0, 0xf, 0x90, 0x8f, 0x12, 0xf7,
    0x9, 0xf0, 0xf, 0xc0, 0x9f, 0x10, 0x1, 0xf8,
    0x8, 0xf1, 0x2f, 0x60, 0x9f, 0x0, 0xfc, 0x9,
    0xf1, 0x0, 0x2f, 0x70, 0x8f, 0x13, 0xf6, 0x9,
    0xf0, 0xf, 0xc0, 0x9f, 0x10, 0x4, 0xf5, 0x8,
    0xf1, 0x3f, 0x50, 0x9f, 0x0, 0xfc, 0x9, 0xf1,
    0x0, 0x7f, 0x20, 0x8f, 0x15, 0xf4, 0x9, 0xf0,
    0xb, 0x90, 0x9f, 0x10, 0xb, 0xf0, 0x8, 0xf1,
    0x7f, 0x30, 0x9f, 0x0, 0x0, 0x9, 0xf1, 0x0,
    0xfb, 0x0, 0x8f, 0x1b, 0xf0, 0x9, 0xf0, 0x0,
    0x0, 0x9f, 0x10, 0x6f, 0x60, 0x8, 0xf3, 0xfd,
    0x0, 0x9f, 0x0, 0x0, 0x9, 0xf1, 0xe, 0xf1,
    0x2d, 0xff, 0x7f, 0x72, 0x9d, 0xf0, 0x0, 0x69,
    0xef, 0x0, 0x8a, 0x0, 0xdd, 0x60, 0x41, 0xe,
    0xf9, 0x0, 0x4, 0xff, 0xa0, 0x0, 0x0, 0x0,
    0x0, 0x0, 0x0, 0x31, 0x0, 0x0, 0x17, 0x30,
    0x0,

    /* U+5230 "到" */
    0x0, 0x0, 0x0, 0x0, 0x0, 0x0, 0x0, 0x0,
    0x0, 0x8, 0xa2, 0x6, 0x55, 0x55, 0x55, 0x55,
    0x55, 0x50, 0x0, 0x0, 0xd, 0xf2, 0x1f, 0xff,
    0xff, 0xff, 0xff, 0xff, 0xd0, 0x0, 0x0, 0xd,
    0xf1, 0x5, 0x54, 0x5f, 0x84, 0x44, 0x45, 0x40,
    0x7a, 0x20, 0xd, 0xf1, 0x0, 0x0, 0x6f, 0xf2,
    0x0, 0x0, 0x0, 0xbf, 0x20, 0xd, 0xf1, 0x0,
    0x0, 0xef, 0x50, 0x3d, 0x60, 0x0, 0xbf, 0x10,
    0xd, 0xf1, 0x0, 0x9, 0xf7, 0x0, 0x4f, 0xf2,
    0x0, 0xbf, 0x10, 0xd, 0xf1, 0x0, 0x7f, 0xb0,
    0x0, 0x9, 0xfd, 0x0, 0xbf, 0x10, 0xd, 0xf1,
    0x1c, 0xff, 0x66, 0x78, 0x9a, 0xff, 0x90, 0xbf,
    0x10, 0xd, 0xf1, 0xf, 0xff, 0xff, 0xff, 0xfe,
    0xdf, 0xf3, 0xbf, 0x10, 0xd, 0xf1, 0x8, 0x75,
    0x49, 0xf9, 0x0, 0x9, 0x40, 0xbf, 0x10, 0xd,
    0xf1, 0x0, 0x0, 0x7, 0xf8, 0x0, 0x0, 0x0,
    0xbf, 0x10, 0xd, 0xf1, 0x0, 0x0, 0x7, 0xf8,
    0x0, 0x0, 0x0, 0xbf, 0x10, 0xd, 0xf1, 0xb,
    0xbb, 0xbd, 0xfd, 0xbb, 0xbc, 0x0, 0xbf, 0x10,
    0xd, 0xf1, 0xe, 0xdd, 0xde, 0xfe, 0xdd, 0xef,
    0x0, 0xbf, 0x10, 0xd, 0xf1, 0x0, 0x0, 0x7,
    0xf8, 0x0, 0x0, 0x0, 0xbf, 0x10, 0xd, 0xf1,
    0x0, 0x0, 0x7, 0xf8, 0x0, 0x0, 0x0, 0xcf,
    0x20, 0xd, 0xf1, 0x0, 0x0, 0x7, 0xf8, 0x0,
    0x24, 0x71, 0x1, 0x0, 0xd, 0xf1, 0x2, 0x34,
    0x6b, 0xfe, 0xdf, 0xff, 0xf0, 0x0, 0x0, 0xd,
    0xf0, 0x6f, 0xff, 0xff, 0xff, 0xdb, 0x96, 0x40,
    0x0, 0x0, 0x2f, 0xf0, 0x3f, 0xeb, 0x85, 0x20,
    0x0, 0x0, 0x0, 0x0, 0xef, 0xff, 0xd0, 0x2,
    0x0, 0x0, 0x0, 0x0, 0x0, 0x0, 0x0, 0x9f,
    0xfb, 0x30, 0x0, 0x0, 0x0, 0x0, 0x0, 0x0,
    0x0, 0x0, 0x12, 0x0, 0x0,

    /* U+524D "前" */
    0x0, 0x0, 0x0, 0x18, 0x90, 0x0, 0x0, 0x0,
    0xb7, 0x10, 0x0, 0x0, 0x0, 0x0, 0x0, 0x1e,
    0xf5, 0x0, 0x0, 0x3, 0xfe, 0x10, 0x0, 0x0,
    0x0, 0x0, 0x0, 0x5, 0xfe, 0x0, 0x0, 0xa,
    0xf5, 0x0, 0x0, 0x0, 0x0, 0x0, 0x0, 0x0,
    0x83, 0x0, 0x0, 0x3f, 0xb0, 0x0, 0x0, 0x0,
    0x1f, 0xff, 0xff, 0xff, 0xff, 0xff, 0xff, 0xff,
    0xff, 0xff, 0xff, 0xf2, 0xb, 0x99, 0x98, 0x88,
    0x88, 0x88, 0x88, 0x88, 0x88, 0x88, 0x99, 0xb1,
    0x0, 0x0, 0x0, 0x0, 0x0, 0x0, 0x0, 0x0,
    0x0, 0x0, 0x0, 0x0, 0x0, 0x4, 0x55, 0x55,
    0x55, 0x54, 0x0, 0x0, 0x0, 0x1b, 0x90, 0x0,
    0x0, 0xe, 0xff, 0xff, 0xff, 0xfd, 0x0, 0x56,
    0x0, 0x1f, 0xc0, 0x0, 0x0, 0xd, 0xf2, 0x22,
    0x22, 0xfd, 0x0, 0xcf, 0x10, 0x1f, 0xb0, 0x0,
    0x0, 0xd, 0xf0, 0x0, 0x0, 0xfd, 0x0, 0xcf,
    0x0, 0x1f, 0xb0, 0x0, 0x0, 0xd, 0xf5, 0x55,
    0x55, 0xfd, 0x0, 0xcf, 0x0, 0x1f, 0xb0, 0x0,
    0x0, 0xd, 0xff, 0xff, 0xff, 0xfd, 0x0, 0xcf,
    0x0, 0x1f, 0xb0, 0x0, 0x0, 0xd, 0xf1, 0x11,
    0x11, 0xfd, 0x0, 0xcf, 0x0, 0x1f, 0xb0, 0x0,
    0x0, 0xd, 0xf0, 0x0, 0x0, 0xfd, 0x0, 0xcf,
    0x0, 0x1f, 0xb0, 0x0, 0x0, 0xd, 0xf9, 0x99,
    0x99, 0xfd, 0x0, 0xcf, 0x0, 0x1f, 0xb0, 0x0,
    0x0, 0xd, 0xfd, 0xdd, 0xdd, 0xfd, 0x0, 0xcf,
    0x0, 0x1f, 0xb0, 0x0, 0x0, 0xd, 0xf0, 0x0,
    0x0, 0xfd, 0x0, 0xcf, 0x10, 0x1f, 0xb0, 0x0,
    0x0, 0xd, 0xf0, 0x0, 0x0, 0xfd, 0x0, 0x0,
    0x0, 0x1f, 0xb0, 0x0, 0x0, 0xd, 0xf0, 0x0,
    0x0, 0xfd, 0x0, 0x0, 0x0, 0x2f, 0xb0, 0x0,
    0x0, 0xe, 0xf0, 0x0, 0xce, 0xfb, 0x0, 0x0,
    0x3d, 0xef, 0x90, 0x0, 0x0, 0xf, 0xf0, 0x0,
    0x9c, 0x81, 0x0, 0x0, 0xb, 0xb7, 0x10, 0x0,

    /* U+5269 "剩" */
    0x0, 0x0, 0x0, 0x0, 0x0, 0x0, 0x0, 0x0,
    0x0, 0x0, 0x45, 0x0, 0x0, 0x0, 0x0, 0x13,
    0x58, 0xbb, 0x0, 0x0, 0x0, 0xb, 0xf0, 0x0,
    0x2c, 0xde, 0xff, 0xff, 0xff, 0xe5, 0x0, 0x0,
    0x0, 0xbf, 0x0, 0x0, 0x9b, 0xa8, 0xcf, 0x41,
    0x0, 0x0, 0x0, 0x0, 0xa, 0xe0, 0x0, 0x0,
    0x0, 0x8, 0xf1, 0x0, 0x0, 0x0, 0x9f, 0x30,
    0xae, 0x0, 0x2a, 0x99, 0x99, 0xcf, 0x99, 0x99,
    0x97, 0x9, 0xf2, 0xa, 0xe0, 0x3, 0xee, 0xdd,
    0xde, 0xfd, 0xdd, 0xde, 0xa0, 0x8f, 0x20, 0xae,
    0x0, 0x0, 0x0, 0x0, 0x8f, 0x11, 0x20, 0x0,
    0x8, 0xf2, 0xa, 0xe0, 0x0, 0x0, 0xaf, 0x28,
    0xf1, 0x7f, 0x30, 0x10, 0x8f, 0x20, 0xae, 0x0,
    0x26, 0x6c, 0xf1, 0x8f, 0x17, 0xf7, 0xdc, 0x8,
    0xf2, 0xa, 0xe0, 0x5, 0xff, 0xff, 0x18, 0xf1,
    0x6f, 0xfc, 0x50, 0x8f, 0x20, 0xae, 0x0, 0x0,
    0xb, 0xf1, 0x8f, 0x16, 0xf5, 0x0, 0x8, 0xf2,
    0xa, 0xe0, 0x0, 0x28, 0xff, 0x18, 0xf1, 0x6f,
    0x34, 0xd4, 0x8f, 0x20, 0xae, 0x1, 0xdf, 0xfe,
    0xf1, 0x9f, 0x35, 0xff, 0xff, 0x28, 0xf2, 0xa,
    0xe0, 0xa, 0x81, 0x69, 0x5f, 0xff, 0x45, 0x67,
    0x30, 0x9f, 0x20, 0xae, 0x0, 0x0, 0x0, 0x1e,
    0xff, 0xff, 0x50, 0x0, 0x9, 0xf3, 0xa, 0xe0,
    0x0, 0x0, 0x1d, 0xfd, 0xf4, 0xef, 0x60, 0x0,
    0x0, 0x0, 0xae, 0x0, 0x0, 0x1c, 0xf8, 0x8f,
    0x12, 0xef, 0x70, 0x0, 0x0, 0xa, 0xe0, 0x0,
    0x3d, 0xf8, 0x8, 0xf1, 0x3, 0xff, 0x50, 0x0,
    0x0, 0xae, 0x0, 0x5f, 0xf7, 0x0, 0x8f, 0x10,
    0x4, 0x80, 0x0, 0x0, 0x2d, 0xe0, 0x0, 0xa6,
    0x0, 0x8, 0xf1, 0x0, 0x0, 0x0, 0x4, 0xff,
    0xfb, 0x0, 0x0, 0x0, 0x0, 0x9f, 0x20, 0x0,
    0x0, 0x0, 0xc, 0xd8, 0x10, 0x0, 0x0, 0x0,
    0x0, 0x0, 0x0, 0x0, 0x0, 0x0, 0x0, 0x0,
    0x0,

    /* U+529E "办" */
    0x0, 0x0, 0x0, 0x0, 0x23, 0x10, 0x0, 0x0,
    0x0, 0x0, 0x0, 0x0, 0x0, 0x0, 0x0, 0x8,
    0xfe, 0x0, 0x0, 0x0, 0x0, 0x0, 0x0, 0x0,
    0x0, 0x0, 0x0, 0x7f, 0xb0, 0x0, 0x0, 0x0,
    0x0, 0x0, 0x0, 0x0, 0x0, 0x0, 0x7, 0xf9,
    0x0, 0x0, 0x0, 0x0, 0x0, 0x0, 0x0, 0x0,
    0x0, 0x0, 0x7f, 0x80, 0x0, 0x0, 0x0, 0x0,
    0x0, 0x0, 0x0, 0x0, 0x0, 0x7, 0xf8, 0x0,
    0x0, 0x0, 0x0, 0x0, 0x0, 0x0, 0x7f, 0xff,
    0xff, 0xff, 0xff, 0xff, 0xff, 0xf7, 0x0, 0x0,
    0x0, 0x5, 0xbb, 0xaa, 0xad, 0xfc, 0xaa, 0xaa,
    0xef, 0x50, 0x0, 0x0, 0x0, 0x0, 0x0, 0x0,
    0xaf, 0x50, 0x0, 0xc, 0xf3, 0x0, 0x0, 0x0,
    0x0, 0x0, 0x0, 0xb, 0xf3, 0x0, 0x0, 0xdf,
    0x20, 0x0, 0x0, 0x0, 0x7e, 0x60, 0x0, 0xdf,
    0x10, 0x0, 0xe, 0xf6, 0xe7, 0x0, 0x0, 0xe,
    0xf7, 0x0, 0xf, 0xf0, 0x0, 0x0, 0xff, 0x4f,
    0xf1, 0x0, 0x6, 0xfe, 0x0, 0x3, 0xfc, 0x0,
    0x0, 0xf, 0xf0, 0xbf, 0x80, 0x0, 0xef, 0x50,
    0x0, 0x7f, 0x80, 0x0, 0x1, 0xfe, 0x4, 0xff,
    0x0, 0x7f, 0xd0, 0x0, 0xd, 0xf4, 0x0, 0x0,
    0x2f, 0xd0, 0xd, 0xf6, 0xa, 0xf4, 0x0, 0x5,
    0xfe, 0x0, 0x0, 0x3, 0xfc, 0x0, 0x7f, 0xd0,
    0x3, 0x0, 0x0, 0xdf, 0x70, 0x0, 0x0, 0x4f,
    0xb0, 0x1, 0xe7, 0x0, 0x0, 0x0, 0x9f, 0xd0,
    0x0, 0x0, 0x5, 0xfa, 0x0, 0x0, 0x0, 0x0,
    0x0, 0x8f, 0xf3, 0x0, 0x0, 0x0, 0x8f, 0x90,
    0x0, 0x0, 0x0, 0x1, 0xbf, 0xf5, 0x0, 0x0,
    0x0, 0x1d, 0xf5, 0x0, 0x0, 0x0, 0x18, 0xff,
    0xf4, 0x0, 0x0, 0x6c, 0xdf, 0xfe, 0x0, 0x0,
    0x0, 0x6, 0xff, 0xd2, 0x0, 0x0, 0x1, 0xff,
    0xfa, 0x20, 0x0, 0x0, 0x0, 0x4, 0x80, 0x0,
    0x0, 0x0, 0x5, 0x30, 0x0, 0x0, 0x0, 0x0,
    0x0,

    /* U+529F "功" */
    0x0, 0x0, 0x0, 0x0, 0x0, 0x0, 0x4, 0x20,
    0x0, 0x0, 0x0, 0x0, 0x0, 0x0, 0x0, 0x0,
    0x0, 0xe, 0xf1, 0x0, 0x0, 0x0, 0x0, 0x0,
    0x0, 0x0, 0x0, 0x0, 0xd, 0xf0, 0x0, 0x0,
    0x0, 0x14, 0x33, 0x33, 0x33, 0x41, 0x0, 0xd,
    0xf0, 0x0, 0x0, 0x0, 0x5f, 0xff, 0xff, 0xff,
    0xf3, 0x0, 0xd, 0xf0, 0x0, 0x0, 0x0, 0x26,
    0x66, 0xef, 0x66, 0x71, 0x0, 0xd, 0xf0, 0x0,
    0x0, 0x0, 0x0, 0x0, 0xdf, 0x0, 0x7, 0xee,
    0xef, 0xfe, 0xee, 0xee, 0xe1, 0x0, 0x0, 0xdf,
    0x0, 0x6, 0xcb, 0xbf, 0xfb, 0xbb, 0xbf, 0xf0,
    0x0, 0x0, 0xdf, 0x0, 0x0, 0x0, 0xe, 0xe0,
    0x0, 0xe, 0xf0, 0x0, 0x0, 0xdf, 0x0, 0x0,
    0x0, 0xf, 0xd0, 0x0, 0xf, 0xd0, 0x0, 0x0,
    0xdf, 0x0, 0x0, 0x0, 0xf, 0xb0, 0x0, 0xf,
    0xc0, 0x0, 0x0, 0xdf, 0x0, 0x0, 0x0, 0x2f,
    0xa0, 0x0, 0x1f, 0xb0, 0x0, 0x0, 0xdf, 0x0,
    0x0, 0x0, 0x4f, 0x70, 0x0, 0x2f, 0xa0, 0x0,
    0x0, 0xdf, 0x0, 0x0, 0x0, 0x8f, 0x40, 0x0,
    0x3f, 0x90, 0x0, 0x0, 0xdf, 0x0, 0x13, 0x0,
    0xcf, 0x10, 0x0, 0x4f, 0x80, 0x0, 0x0, 0xdf,
    0xad, 0xfc, 0x3, 0xfb, 0x0, 0x0, 0x5f, 0x70,
    0x59, 0xcf, 0xff, 0xfc, 0x94, 0xb, 0xf5, 0x0,
    0x0, 0x7f, 0x60, 0x8f, 0xfe, 0x95, 0x0, 0x0,
    0x5f, 0xc0, 0x0, 0x0, 0x8f, 0x50, 0x28, 0x30,
    0x0, 0x0, 0x2, 0xff, 0x30, 0x0, 0x0, 0xaf,
    0x40, 0x0, 0x0, 0x0, 0x0, 0x3e, 0xf6, 0x0,
    0x5, 0x68, 0xff, 0x10, 0x0, 0x0, 0x0, 0x7,
    0xff, 0x80, 0x0, 0xc, 0xff, 0xf8, 0x0, 0x0,
    0x0, 0x0, 0x6, 0xf8, 0x0, 0x0, 0x5, 0xa7,
    0x20, 0x0, 0x0, 0x0, 0x0, 0x0, 0x30, 0x0,
    0x0, 0x0, 0x0, 0x0, 0x0,

    /* U+52A0 "加" */
    0x0, 0x0, 0x0, 0x0, 0x0, 0x0, 0x0, 0x0,
    0x0, 0x0, 0x0, 0x0, 0x0, 0x6, 0xfb, 0x0,
    0x0, 0x0, 0x0, 0x0, 0x0, 0x0, 0x0, 0x0,
    0x6, 0xfa, 0x0, 0x0, 0x0, 0x0, 0x0, 0x0,
    0x0, 0x0, 0x0, 0x5, 0xf8, 0x0, 0x0, 0x0,
    0x0, 0x0, 0x0, 0x0, 0x0, 0x0, 0x6, 0xf7,
    0x0, 0x0, 0x0, 0x99, 0x99, 0x99, 0x91, 0x0,
    0x97, 0x7b, 0xfb, 0x77, 0x77, 0x30, 0xff, 0xff,
    0xff, 0xf2, 0x0, 0xff, 0xff, 0xff, 0xff, 0xff,
    0x70, 0xfb, 0x11, 0x1a, 0xf1, 0x0, 0x32, 0x2a,
    0xf6, 0x22, 0x7f, 0x50, 0xfb, 0x0, 0x9, 0xf1,
    0x0, 0x0, 0xa, 0xf3, 0x0, 0x7f, 0x40, 0xfb,
    0x0, 0x9, 0xf1, 0x0, 0x0, 0xb, 0xf2, 0x0,
    0x8f, 0x30, 0xfb, 0x0, 0x9, 0xf1, 0x0, 0x0,
    0xc, 0xf1, 0x0, 0x9f, 0x20, 0xfb, 0x0, 0x9,
    0xf1, 0x0, 0x0, 0xe, 0xf0, 0x0, 0xaf, 0x10,
    0xfb, 0x0, 0x9, 0xf1, 0x0, 0x0, 0xf, 0xc0,
    0x0, 0xbf, 0x0, 0xfb, 0x0, 0x9, 0xf1, 0x0,
    0x0, 0x4f, 0x90, 0x0, 0xcf, 0x0, 0xfb, 0x0,
    0x9, 0xf1, 0x0, 0x0, 0x7f, 0x60, 0x0, 0xde,
    0x0, 0xfb, 0x0, 0x9, 0xf1, 0x0, 0x0, 0xcf,
    0x20, 0x0, 0xed, 0x0, 0xfb, 0x0, 0x9, 0xf1,
    0x0, 0x2, 0xfe, 0x0, 0x0, 0xfc, 0x0, 0xfb,
    0x0, 0x9, 0xf1, 0x0, 0x9, 0xf8, 0x0, 0x0,
    0xfb, 0x0, 0xff, 0xdd, 0xde, 0xf1, 0x0, 0x2f,
    0xf2, 0x0, 0x1, 0xfa, 0x0, 0xff, 0xff, 0xff,
    0xf1, 0x0, 0xcf, 0xa0, 0x3, 0x49, 0xf8, 0x0,
    0xfb, 0x0, 0xa, 0xf2, 0xa, 0xff, 0x20, 0xc,
    0xff, 0xf2, 0x0, 0xfb, 0x0, 0x9, 0xf2, 0x5,
    0xe7, 0x0, 0x7, 0xc9, 0x30, 0x1, 0xfb, 0x0,
    0x3, 0x50, 0x0, 0x20, 0x0, 0x0, 0x0, 0x0,
    0x0, 0x0, 0x0, 0x0, 0x0,

    /* U+52A1 "务" */
    0x0, 0x0, 0x0, 0x5, 0x10, 0x0, 0x0, 0x0,
    0x0, 0x0, 0x0, 0x0, 0x0, 0x0, 0x1, 0xff,
    0x50, 0x0, 0x0, 0x0, 0x0, 0x0, 0x0, 0x0,
    0x0, 0x0, 0xaf, 0xc1, 0x11, 0x11, 0x11, 0x11,
    0x0, 0x0, 0x0, 0x0, 0x0, 0x4f, 0xff, 0xff,
    0xff, 0xff, 0xff, 0xf6, 0x0, 0x0, 0x0, 0x0,
    0x2e, 0xff, 0xc5, 0x55, 0x55, 0x5e, 0xfb, 0x0,
    0x0, 0x0, 0x0, 0x2e, 0xf7, 0xdf, 0x50, 0x0,
    0x8, 0xfd, 0x10, 0x0, 0x0, 0x0, 0x4e, 0xf8,
    0x2, 0xff, 0x40, 0x7, 0xfe, 0x20, 0x0, 0x0,
    0x0, 0x9, 0xf7, 0x0, 0x4, 0xff, 0x59, 0xfd,
    0x20, 0x0, 0x0, 0x0, 0x0, 0x2, 0x0, 0x0,
    0x4, 0xff, 0xfa, 0x0, 0x0, 0x0, 0x0, 0x0,
    0x0, 0x0, 0x0, 0x27, 0xdf, 0xff, 0xe6, 0x10,
    0x0, 0x0, 0x0, 0x0, 0x3, 0x69, 0xdf, 0xfe,
    0x71, 0x6e, 0xff, 0xdb, 0x87, 0x64, 0x5, 0xff,
    0xff, 0xfe, 0x94, 0x4b, 0x70, 0x4, 0x9e, 0xff,
    0xff, 0x80, 0xc, 0xda, 0x73, 0x0, 0x5, 0xf9,
    0x0, 0x0, 0x2, 0x57, 0x91, 0x0, 0x0, 0x43,
    0x33, 0x33, 0x8f, 0x83, 0x33, 0x33, 0x32, 0x0,
    0x0, 0x0, 0x1f, 0xff, 0xff, 0xff, 0xff, 0xff,
    0xff, 0xff, 0xe0, 0x0, 0x0, 0x0, 0x54, 0x33,
    0x33, 0xff, 0x43, 0x33, 0x35, 0xfd, 0x0, 0x0,
    0x0, 0x0, 0x0, 0x0, 0x6f, 0xa0, 0x0, 0x0,
    0x3f, 0xc0, 0x0, 0x0, 0x0, 0x0, 0x0, 0x2f,
    0xf3, 0x0, 0x0, 0x4, 0xfa, 0x0, 0x0, 0x0,
    0x0, 0x0, 0x3e, 0xf9, 0x0, 0x0, 0x0, 0x5f,
    0x80, 0x0, 0x0, 0x0, 0x3, 0xaf, 0xfb, 0x0,
    0x0, 0x0, 0x2c, 0xf7, 0x0, 0x0, 0x5, 0x9d,
    0xff, 0xe6, 0x0, 0x0, 0x2f, 0xff, 0xff, 0x20,
    0x0, 0x0, 0x4f, 0xfd, 0x60, 0x0, 0x0, 0x0,
    0xaf, 0xca, 0x40, 0x0, 0x0, 0x0, 0x63, 0x0,
    0x0, 0x0, 0x0, 0x0, 0x0, 0x0, 0x0, 0x0,
    0x0,

    /* U+52A8 "动" */
    0x0, 0x0, 0x0, 0x0, 0x0, 0x0, 0x0, 0x21,
    0x0, 0x0, 0x0, 0x0, 0x0, 0x0, 0x0, 0x0,
    0x0, 0x0, 0x9f, 0x70, 0x0, 0x0, 0x0, 0x0,
    0x0, 0x0, 0x0, 0x0, 0x0, 0x9f, 0x50, 0x0,
    0x0, 0x7, 0xa9, 0x99, 0x99, 0x99, 0x0, 0x0,
    0x8f, 0x40, 0x0, 0x0, 0xa, 0xff, 0xff, 0xff,
    0xff, 0x0, 0x0, 0x8f, 0x30, 0x0, 0x0, 0x1,
    0x10, 0x0, 0x0, 0x1, 0x11, 0x10, 0x9f, 0x40,
    0x0, 0x0, 0x0, 0x0, 0x0, 0x0, 0x0, 0x9f,
    0xff, 0xff, 0xff, 0xff, 0xf6, 0x0, 0x0, 0x0,
    0x0, 0x0, 0x59, 0x88, 0xcf, 0xa8, 0x8b, 0xf5,
    0x11, 0x0, 0x0, 0x0, 0x11, 0x10, 0x0, 0x9f,
    0x20, 0x7, 0xf4, 0xff, 0xff, 0xff, 0xff, 0xff,
    0xd0, 0x0, 0xaf, 0x10, 0x8, 0xf3, 0x87, 0x77,
    0xfe, 0x77, 0x78, 0x60, 0x0, 0xbf, 0x0, 0x9,
    0xf2, 0x0, 0x5, 0xf8, 0x0, 0x0, 0x0, 0x0,
    0xcf, 0x0, 0x9, 0xf2, 0x0, 0xa, 0xf2, 0x0,
    0x30, 0x0, 0x0, 0xed, 0x0, 0xa, 0xf1, 0x0,
    0x1f, 0xc0, 0xa, 0xf2, 0x0, 0x1, 0xfb, 0x0,
    0xb, 0xf0, 0x0, 0x7f, 0x40, 0x5, 0xfb, 0x0,
    0x4, 0xf7, 0x0, 0xc, 0xf0, 0x0, 0xec, 0x0,
    0x0, 0xcf, 0x40, 0x9, 0xf3, 0x0, 0xd, 0xf0,
    0x9, 0xf5, 0x24, 0x68, 0xdf, 0xc0, 0xe, 0xe0,
    0x0, 0xd, 0xe0, 0x6f, 0xff, 0xff, 0xff, 0xef,
    0xf4, 0x7f, 0x80, 0x0, 0xe, 0xe0, 0x1f, 0xeb,
    0x85, 0x30, 0x7, 0xd5, 0xff, 0x10, 0x0, 0xf,
    0xd0, 0x2, 0x0, 0x0, 0x0, 0x0, 0x1d, 0xf6,
    0x0, 0x0, 0x2f, 0xc0, 0x0, 0x0, 0x0, 0x0,
    0x1, 0xcf, 0xa0, 0x3, 0x9a, 0xef, 0x80, 0x0,
    0x0, 0x0, 0x0, 0x9, 0xfd, 0x0, 0x0, 0xef,
    0xfb, 0x0, 0x0, 0x0, 0x0, 0x0, 0x0, 0x71,
    0x0, 0x0, 0x44, 0x10, 0x0,

    /* U+52B3 "劳" */
    0x0, 0x0, 0x0, 0x34, 0x20, 0x0, 0x4, 0x40,
    0x0, 0x0, 0x0, 0x0, 0x0, 0xa, 0xf5, 0x0,
    0x0, 0xff, 0x0, 0x0, 0x0, 0x1, 0x0, 0x0,
    0xaf, 0x30, 0x0, 0xf, 0xe0, 0x0, 0x0, 0x15,
    0xff, 0xff, 0xff, 0xff, 0xff, 0xff, 0xff, 0xff,
    0xff, 0xfe, 0x39, 0x98, 0x88, 0xdf, 0xa8, 0x88,
    0x8f, 0xf8, 0x88, 0x89, 0x80, 0x0, 0x0, 0xa,
    0xf3, 0x0, 0x0, 0xfe, 0x0, 0x0, 0x0, 0x0,
    0x0, 0x0, 0x8c, 0x30, 0x0, 0xc, 0xc0, 0x0,
    0x0, 0x0, 0x0, 0x0, 0x0, 0x0, 0x0, 0x0,
    0x0, 0x0, 0x0, 0x0, 0xd, 0xff, 0xff, 0xff,
    0xff, 0xff, 0xff, 0xff, 0xff, 0xff, 0xd0, 0xcf,
    0x87, 0x77, 0x77, 0x77, 0x77, 0x77, 0x77, 0x77,
    0xfc, 0xc, 0xf3, 0x0, 0x0, 0x6, 0xe7, 0x0,
    0x0, 0x0, 0x1f, 0xc0, 0xdf, 0x30, 0x0, 0x0,
    0x7f, 0x60, 0x0, 0x0, 0x1, 0xfd, 0x3, 0x41,
    0x0, 0x0, 0xa, 0xf1, 0x0, 0x0, 0x0, 0x2,
    0x20, 0x0, 0xaf, 0xff, 0xff, 0xff, 0xff, 0xff,
    0xff, 0xf8, 0x0, 0x0, 0x6, 0x87, 0x77, 0xaf,
    0xc7, 0x77, 0x77, 0xcf, 0x60, 0x0, 0x0, 0x0,
    0x0, 0xa, 0xf5, 0x0, 0x0, 0xb, 0xf5, 0x0,
    0x0, 0x0, 0x0, 0x4, 0xfd, 0x0, 0x0, 0x0,
    0xcf, 0x30, 0x0, 0x0, 0x0, 0x2, 0xef, 0x40,
    0x0, 0x0, 0xd, 0xf1, 0x0, 0x0, 0x0, 0x5,
    0xff, 0x60, 0x0, 0x0, 0x0, 0xff, 0x0, 0x0,
    0x0, 0x3b, 0xff, 0x50, 0x0, 0x1, 0x23, 0x7f,
    0xd0, 0x0, 0x18, 0xdf, 0xfd, 0x20, 0x0, 0x0,
    0x2f, 0xff, 0xf9, 0x0, 0x0, 0xaf, 0xd6, 0x0,
    0x0, 0x0, 0x0, 0xcd, 0xa7, 0x0, 0x0, 0x0,
    0x50, 0x0, 0x0, 0x0, 0x0, 0x0, 0x0, 0x0,
    0x0, 0x0,

    /* U+5348 "午" */
    0x0, 0x0, 0x0, 0x53, 0x0, 0x0, 0x0, 0x0,
    0x0, 0x0, 0x0, 0x0, 0x0, 0x0, 0xef, 0x50,
    0x0, 0x0, 0x0, 0x0, 0x0, 0x0, 0x0, 0x0,
    0x4, 0xfb, 0x0, 0x0, 0x0, 0x0, 0x0, 0x0,
    0x0, 0x0, 0x0, 0xb, 0xf3, 0x0, 0x0, 0x0,
    0x0, 0x0, 0x0, 0x0, 0x0, 0x0, 0x4f, 0xe8,
    0x88, 0x88, 0x88, 0x88, 0x88, 0x99, 0x0, 0x0,
    0x0, 0xcf, 0xff, 0xff, 0xff, 0xff, 0xff, 0xff,
    0xfe, 0x0, 0x0, 0x6, 0xf9, 0x0, 0x0, 0x1f,
    0xb0, 0x0, 0x0, 0x0, 0x0, 0x0, 0x3f, 0xe1,
    0x0, 0x0, 0x1f, 0xb0, 0x0, 0x0, 0x0, 0x0,
    0x1, 0xdf, 0x50, 0x0, 0x0, 0x1f, 0xb0, 0x0,
    0x0, 0x0, 0x0, 0x4, 0xeb, 0x0, 0x0, 0x0,
    0x1f, 0xb0, 0x0, 0x0, 0x0, 0x0, 0x0, 0x1,
    0x0, 0x0, 0x0, 0x1f, 0xb0, 0x0, 0x0, 0x0,
    0x0, 0x0, 0x0, 0x0, 0x0, 0x0, 0x1f, 0xb0,
    0x0, 0x0, 0x0, 0x0, 0x3b, 0xaa, 0xaa, 0xaa,
    0xaa, 0xaf, 0xea, 0xaa, 0xaa, 0xab, 0xc9, 0x4f,
    0xff, 0xff, 0xff, 0xff, 0xff, 0xff, 0xff, 0xff,
    0xff, 0xfa, 0x0, 0x0, 0x0, 0x0, 0x0, 0x1f,
    0xb0, 0x0, 0x0, 0x0, 0x0, 0x0, 0x0, 0x0,
    0x0, 0x0, 0x1f, 0xb0, 0x0, 0x0, 0x0, 0x0,
    0x0, 0x0, 0x0, 0x0, 0x0, 0x1f, 0xb0, 0x0,
    0x0, 0x0, 0x0, 0x0, 0x0, 0x0, 0x0, 0x0,
    0x1f, 0xb0, 0x0, 0x0, 0x0, 0x0, 0x0, 0x0,
    0x0, 0x0, 0x0, 0x1f, 0xb0, 0x0, 0x0, 0x0,
    0x0, 0x0, 0x0, 0x0, 0x0, 0x0, 0x1f, 0xb0,
    0x0, 0x0, 0x0, 0x0, 0x0, 0x0, 0x0, 0x0,
    0x0, 0x2f, 0xc0, 0x0, 0x0, 0x0, 0x0, 0x0,
    0x0, 0x0, 0x0, 0x0, 0x3f, 0xc0, 0x0, 0x0,
    0x0, 0x0,

    /* U+5355 "单" */
    0x0, 0x0, 0x0, 0x20, 0x0, 0x0, 0x0, 0x40,
    0x0, 0x0, 0x0, 0x0, 0x0, 0x4, 0xf8, 0x0,
    0x0, 0x1, 0xfd, 0x20, 0x0, 0x0, 0x0, 0x0,
    0x0, 0xdf, 0x30, 0x0, 0x7, 0xfc, 0x0, 0x0,
    0x0, 0x0, 0x0, 0x0, 0x5f, 0xc0, 0x0, 0xd,
    0xf3, 0x0, 0x0, 0x0, 0x0, 0x0, 0x11, 0x19,
    0x31, 0x11, 0x5f, 0xa1, 0x11, 0x0, 0x0, 0x0,
    0xc, 0xff, 0xff, 0xff, 0xff, 0xff, 0xff, 0xff,
    0xc0, 0x0, 0x0, 0xb, 0xf9, 0x88, 0x88, 0xfe,
    0x88, 0x88, 0x9f, 0xc0, 0x0, 0x0, 0xb, 0xf1,
    0x0, 0x0, 0xfb, 0x0, 0x0, 0x1f, 0xc0, 0x0,
    0x0, 0xb, 0xf7, 0x77, 0x77, 0xfd, 0x77, 0x77,
    0x7f, 0xc0, 0x0, 0x0, 0xb, 0xff, 0xff, 0xff,
    0xff, 0xff, 0xff, 0xff, 0xc0, 0x0, 0x0, 0xb,
    0xf1, 0x0, 0x1, 0xfb, 0x0, 0x0, 0x1f, 0xc0,
    0x0, 0x0, 0xb, 0xf1, 0x0, 0x0, 0xfb, 0x0,
    0x0, 0x1f, 0xc0, 0x0, 0x0, 0xb, 0xf1, 0x0,
    0x1, 0xfb, 0x0, 0x0, 0x1f, 0xc0, 0x0, 0x0,
    0xc, 0xff, 0xff, 0xff, 0xff, 0xff, 0xff, 0xff,
    0xc0, 0x0, 0x0, 0x5, 0x77, 0x77, 0x77, 0xfd,
    0x77, 0x77, 0x77, 0x50, 0x0, 0x0, 0x0, 0x0,
    0x0, 0x0, 0xfb, 0x0, 0x0, 0x0, 0x0, 0x0,
    0x5b, 0xbb, 0xbb, 0xbb, 0xbb, 0xfe, 0xbb, 0xbb,
    0xbb, 0xbb, 0xb5, 0x6f, 0xff, 0xff, 0xff, 0xff,
    0xff, 0xff, 0xff, 0xff, 0xff, 0xf7, 0x0, 0x0,
    0x0, 0x0, 0x0, 0xfb, 0x0, 0x0, 0x0, 0x0,
    0x0, 0x0, 0x0, 0x0, 0x0, 0x1, 0xfb, 0x0,
    0x0, 0x0, 0x0, 0x0, 0x0, 0x0, 0x0, 0x0,
    0x1, 0xfc, 0x0, 0x0, 0x0, 0x0, 0x0, 0x0,
    0x0, 0x0, 0x0, 0x2, 0xfc, 0x0, 0x0, 0x0,
    0x0, 0x0,

    /* U+5373 "即" */
    0x2, 0x88, 0x88, 0x88, 0x88, 0x81, 0x5, 0x55,
    0x55, 0x55, 0x50, 0x3f, 0xfd, 0xdd, 0xdd, 0xff,
    0x20, 0xff, 0xff, 0xff, 0xfe, 0x2, 0xfb, 0x0,
    0x0, 0xc, 0xf1, 0xe, 0xe0, 0x0, 0xe, 0xe0,
    0x2f, 0xb0, 0x0, 0x0, 0xcf, 0x10, 0xee, 0x0,
    0x0, 0xed, 0x2, 0xfb, 0x0, 0x0, 0xc, 0xf1,
    0xe, 0xe0, 0x0, 0xe, 0xd0, 0x2f, 0xd7, 0x77,
    0x77, 0xef, 0x10, 0xee, 0x0, 0x0, 0xed, 0x2,
    0xff, 0xff, 0xff, 0xff, 0xf1, 0xe, 0xe0, 0x0,
    0xe, 0xd0, 0x2f, 0xb0, 0x0, 0x0, 0xcf, 0x10,
    0xee, 0x0, 0x0, 0xed, 0x2, 0xfb, 0x0, 0x0,
    0xc, 0xf1, 0xe, 0xe0, 0x0, 0xe, 0xd0, 0x2f,
    0xb0, 0x0, 0x0, 0xcf, 0x10, 0xee, 0x0, 0x0,
    0xed, 0x2, 0xff, 0xff, 0xff, 0xff, 0xf1, 0xe,
    0xe0, 0x0, 0xe, 0xd0, 0x2f, 0xd8, 0x88, 0x88,
    0x88, 0x10, 0xee, 0x0, 0x0, 0xed, 0x2, 0xfb,
    0x0, 0x0, 0x50, 0x0, 0xe, 0xe0, 0x0, 0xe,
    0xd0, 0x2f, 0xb0, 0x0, 0xbf, 0x50, 0x0, 0xee,
    0x0, 0x0, 0xed, 0x2, 0xfb, 0x0, 0x4, 0xfe,
    0x10, 0xe, 0xe0, 0x0, 0xf, 0xd0, 0x2f, 0xb0,
    0x2, 0x9f, 0xfb, 0x0, 0xee, 0x3, 0x8a, 0xfc,
    0x3, 0xfb, 0x5b, 0xff, 0x9e, 0xf5, 0xe, 0xe0,
    0x1f, 0xff, 0x40, 0x9f, 0xff, 0xf8, 0x10, 0x5f,
    0xe1, 0xee, 0x0, 0x75, 0x0, 0xc, 0xff, 0x81,
    0x0, 0x0, 0xc7, 0xe, 0xe0, 0x0, 0x0, 0x0,
    0x39, 0x10, 0x0, 0x0, 0x0, 0x0, 0xfe, 0x0,
    0x0, 0x0, 0x0, 0x0, 0x0, 0x0, 0x0, 0x0,
    0xf, 0xe0, 0x0, 0x0, 0x0,

    /* U+5386 "历" */
    0x0, 0x0, 0x0, 0x0, 0x0, 0x0, 0x0, 0x0,
    0x0, 0x1, 0x0, 0x3, 0xff, 0xff, 0xff, 0xff,
    0xff, 0xff, 0xff, 0xff, 0xf7, 0x0, 0x2f, 0xe8,
    0x88, 0x88, 0x88, 0x88, 0x88, 0x88, 0x89, 0x40,
    0x1, 0xfc, 0x0, 0x0, 0x0, 0x8b, 0x70, 0x0,
    0x0, 0x0, 0x0, 0x1f, 0xc0, 0x0, 0x0, 0x8,
    0xf9, 0x0, 0x0, 0x0, 0x0, 0x1, 0xfc, 0x0,
    0x0, 0x0, 0x8f, 0x70, 0x0, 0x0, 0x0, 0x0,
    0x1f, 0xc0, 0x0, 0x0, 0x9, 0xf5, 0x0, 0x0,
    0x0, 0x0, 0x1, 0xfc, 0x0, 0x0, 0x0, 0x9f,
    0x40, 0x0, 0x0, 0x0, 0x0, 0x1f, 0xc0, 0xbf,
    0xff, 0xff, 0xff, 0xff, 0xff, 0xff, 0x40, 0x1,
    0xfc, 0x7, 0xaa, 0xaa, 0xef, 0xaa, 0xaa, 0xae,
    0xf3, 0x0, 0x2f, 0xb0, 0x0, 0x0, 0xd, 0xf0,
    0x0, 0x0, 0xdf, 0x10, 0x3, 0xfa, 0x0, 0x0,
    0x0, 0xfd, 0x0, 0x0, 0xe, 0xf0, 0x0, 0x4f,
    0x90, 0x0, 0x0, 0x3f, 0xa0, 0x0, 0x0, 0xff,
    0x0, 0x6, 0xf8, 0x0, 0x0, 0x8, 0xf6, 0x0,
    0x0, 0x1f, 0xe0, 0x0, 0x9f, 0x60, 0x0, 0x0,
    0xef, 0x10, 0x0, 0x2, 0xfd, 0x0, 0xd, 0xf4,
    0x0, 0x0, 0x7f, 0xa0, 0x0, 0x0, 0x4f, 0xc0,
    0x1, 0xff, 0x10, 0x0, 0x2f, 0xf2, 0x0, 0x0,
    0x5, 0xfb, 0x0, 0x6f, 0xd0, 0x0, 0x1d, 0xf8,
    0x0, 0x0, 0x0, 0x8f, 0x90, 0xc, 0xf8, 0x0,
    0x3e, 0xfc, 0x0, 0x0, 0x35, 0x6e, 0xf7, 0x5,
    0xff, 0x20, 0x9f, 0xfd, 0x10, 0x0, 0x4, 0xff,
    0xff, 0x20, 0x9f, 0xb0, 0x3, 0xdd, 0x10, 0x0,
    0x0, 0xd, 0xd9, 0x30, 0x0, 0x22, 0x0, 0x1,
    0x0, 0x0, 0x0, 0x0, 0x0, 0x0, 0x0,

    /* U+53D1 "发" */
    0x0, 0x0, 0x0, 0x0, 0x0, 0x10, 0x0, 0x0,
    0x0, 0x0, 0x0, 0x0, 0x0, 0x40, 0x0, 0x4,
    0xfb, 0x0, 0x4e, 0x30, 0x0, 0x0, 0x0, 0x2,
    0xfe, 0x0, 0x6, 0xf9, 0x0, 0x5f, 0xe1, 0x0,
    0x0, 0x0, 0x5, 0xf9, 0x0, 0x9, 0xf4, 0x0,
    0x8, 0xfd, 0x10, 0x0, 0x0, 0x9, 0xf2, 0x0,
    0xd, 0xf0, 0x0, 0x0, 0xbf, 0x50, 0x0, 0x0,
    0xe, 0xc0, 0x0, 0xf, 0xc0, 0x0, 0x0, 0x14,
    0x0, 0x0, 0x0, 0xbf, 0xda, 0xaa, 0xbf, 0xda,
    0xaa, 0xaa, 0xaa, 0xaa, 0x90, 0x0, 0xdf, 0xff,
    0xff, 0xff, 0xff, 0xff, 0xff, 0xff, 0xff, 0xd0,
    0x0, 0x33, 0x10, 0x0, 0xee, 0x0, 0x0, 0x0,
    0x0, 0x0, 0x0, 0x0, 0x0, 0x0, 0x5, 0xf8,
    0x0, 0x0, 0x0, 0x0, 0x0, 0x0, 0x0, 0x0,
    0x0, 0xc, 0xf2, 0x0, 0x0, 0x0, 0x0, 0x0,
    0x0, 0x0, 0x0, 0x0, 0x5f, 0xff, 0xff, 0xff,
    0xff, 0xff, 0xa0, 0x0, 0x0, 0x0, 0x0, 0xef,
    0xf9, 0x88, 0x88, 0x88, 0xef, 0x20, 0x0, 0x0,
    0x0, 0xa, 0xfd, 0xfa, 0x0, 0x0, 0x3, 0xfa,
    0x0, 0x0, 0x0, 0x0, 0x6f, 0xe1, 0x9f, 0x50,
    0x0, 0xd, 0xe1, 0x0, 0x0, 0x0, 0x5, 0xff,
    0x40, 0xd, 0xf3, 0x0, 0xaf, 0x50, 0x0, 0x0,
    0x0, 0x5f, 0xf6, 0x0, 0x2, 0xfe, 0x29, 0xf8,
    0x0, 0x0, 0x0, 0x9, 0xff, 0x50, 0x0, 0x0,
    0x4f, 0xff, 0x90, 0x0, 0x0, 0x0, 0x7f, 0xe4,
    0x0, 0x0, 0x0, 0x7f, 0xff, 0x70, 0x0, 0x0,
    0x0, 0x6, 0x10, 0x0, 0x1, 0x7e, 0xfd, 0x7e,
    0xfe, 0x82, 0x0, 0x0, 0x0, 0x1, 0x58, 0xdf,
    0xfd, 0x60, 0x0, 0x8f, 0xff, 0xeb, 0x81, 0x0,
    0x1, 0xff, 0xfa, 0x40, 0x0, 0x0, 0x0, 0x6b,
    0xff, 0xa0, 0x0, 0x0, 0x65, 0x0, 0x0, 0x0,
    0x0, 0x0, 0x0, 0x4, 0x20,

    /* U+53D6 "取" */
    0x25, 0x44, 0x44, 0x44, 0x44, 0x53, 0x0, 0x0,
    0x0, 0x0, 0x0, 0x7, 0xff, 0xff, 0xff, 0xff,
    0xff, 0x98, 0x77, 0x77, 0x77, 0x74, 0x0, 0x12,
    0xaf, 0x21, 0x11, 0xaf, 0x31, 0xff, 0xff, 0xff,
    0xff, 0x90, 0x0, 0x9, 0xf1, 0x0, 0x9, 0xf1,
    0x3, 0xf8, 0x0, 0x5, 0xf7, 0x0, 0x0, 0x9f,
    0x10, 0x0, 0x9f, 0x10, 0x1f, 0x90, 0x0, 0x7f,
    0x50, 0x0, 0x9, 0xf1, 0x0, 0x9, 0xf1, 0x0,
    0xfa, 0x0, 0x9, 0xf3, 0x0, 0x0, 0x9f, 0xff,
    0xff, 0xff, 0x10, 0xe, 0xc0, 0x0, 0xbf, 0x10,
    0x0, 0x9, 0xf7, 0x77, 0x7c, 0xf1, 0x0, 0xce,
    0x0, 0xe, 0xe0, 0x0, 0x0, 0x9f, 0x10, 0x0,
    0x9f, 0x10, 0xa, 0xf0, 0x1, 0xfb, 0x0, 0x0,
    0x9, 0xf1, 0x0, 0x9, 0xf1, 0x0, 0x8f, 0x30,
    0x6f, 0x60, 0x0, 0x0, 0x9f, 0x77, 0x77, 0xcf,
    0x10, 0x4, 0xf7, 0xc, 0xf1, 0x0, 0x0, 0x9,
    0xff, 0xff, 0xff, 0xf1, 0x0, 0xf, 0xc2, 0xfc,
    0x0, 0x0, 0x0, 0x9f, 0x10, 0x0, 0xaf, 0x10,
    0x0, 0x9f, 0xcf, 0x50, 0x0, 0x0, 0x9, 0xf1,
    0x0, 0x9, 0xf1, 0x0, 0x2, 0xff, 0xd0, 0x0,
    0x0, 0x0, 0x9f, 0x10, 0x0, 0xaf, 0xae, 0x60,
    0xe, 0xf9, 0x0, 0x0, 0x0, 0x9, 0xf5, 0x7b,
    0xef, 0xfc, 0x92, 0x9, 0xff, 0xf4, 0x0, 0x0,
    0x5a, 0xef, 0xff, 0xa7, 0xbf, 0x10, 0x5, 0xfd,
    0x3f, 0xf4, 0x0, 0x5, 0xfe, 0x94, 0x0, 0x9,
    0xf1, 0x5, 0xff, 0x20, 0x5f, 0xf8, 0x0, 0x6,
    0x0, 0x0, 0x0, 0xaf, 0x18, 0xff, 0x50, 0x0,
    0x6f, 0xfc, 0x0, 0x0, 0x0, 0x0, 0xa, 0xf1,
    0x6f, 0x50, 0x0, 0x0, 0x4d, 0x20, 0x0, 0x0,
    0x0, 0x0, 0xaf, 0x20, 0x10, 0x0, 0x0, 0x0,
    0x0, 0x0,

    /* U+53EF "可" */
    0x9b, 0xaa, 0xaa, 0xaa, 0xaa, 0xaa, 0xaa, 0xaa,
    0xaa, 0xaa, 0xb6, 0xcf, 0xff, 0xff, 0xff, 0xff,
    0xff, 0xff, 0xff, 0xff, 0xff, 0xf9, 0x0, 0x0,
    0x0, 0x0, 0x0, 0x0, 0x0, 0x2, 0xfe, 0x0,
    0x0, 0x0, 0x0, 0x0, 0x0, 0x0, 0x0, 0x0,
    0x2, 0xfe, 0x0, 0x0, 0x0, 0x0, 0x0, 0x0,
    0x0, 0x0, 0x0, 0x2, 0xfe, 0x0, 0x0, 0x0,
    0xc, 0xff, 0xff, 0xff, 0xff, 0x20, 0x2, 0xfe,
    0x0, 0x0, 0x0, 0xb, 0xf9, 0x88, 0x88, 0xef,
    0x10, 0x2, 0xfe, 0x0, 0x0, 0x0, 0xb, 0xf1,
    0x0, 0x0, 0xcf, 0x10, 0x2, 0xfe, 0x0, 0x0,
    0x0, 0xb, 0xf1, 0x0, 0x0, 0xcf, 0x10, 0x2,
    0xfe, 0x0, 0x0, 0x0, 0xb, 0xf1, 0x0, 0x0,
    0xcf, 0x10, 0x2, 0xfe, 0x0, 0x0, 0x0, 0xb,
    0xf1, 0x0, 0x0, 0xcf, 0x10, 0x2, 0xfe, 0x0,
    0x0, 0x0, 0xb, 0xf9, 0x88, 0x88, 0xef, 0x10,
    0x2, 0xfe, 0x0, 0x0, 0x0, 0xb, 0xff, 0xff,
    0xff, 0xff, 0x10, 0x2, 0xfe, 0x0, 0x0, 0x0,
    0xb, 0xf1, 0x0, 0x0, 0xcf, 0x10, 0x2, 0xfe,
    0x0, 0x0, 0x0, 0xb, 0xf1, 0x0, 0x0, 0xcf,
    0x20, 0x2, 0xfe, 0x0, 0x0, 0x0, 0xa, 0xd1,
    0x0, 0x0, 0x0, 0x0, 0x2, 0xfe, 0x0, 0x0,
    0x0, 0x0, 0x0, 0x0, 0x0, 0x0, 0x0, 0x2,
    0xfe, 0x0, 0x0, 0x0, 0x0, 0x0, 0x0, 0x0,
    0x0, 0x0, 0x3, 0xfe, 0x0, 0x0, 0x0, 0x0,
    0x0, 0x0, 0x0, 0x0, 0x89, 0xaf, 0xfc, 0x0,
    0x0, 0x0, 0x0, 0x0, 0x0, 0x0, 0x0, 0x8f,
    0xff, 0xe4, 0x0, 0x0, 0x0, 0x0, 0x0, 0x0,
    0x0, 0x0, 0x28, 0x63, 0x0, 0x0, 0x0,

    /* U+540C "同" */
    0x9, 0xbb, 0xbb, 0xbb, 0xbb, 0xbb, 0xbb, 0xbb,
    0xbb, 0xbb, 0x90, 0xdf, 0xff, 0xff, 0xff, 0xff,
    0xff, 0xff, 0xff, 0xff, 0xfc, 0xd, 0xf3, 0x11,
    0x11, 0x11, 0x11, 0x11, 0x11, 0x11, 0x3f, 0xb0,
    0xdf, 0x20, 0x0, 0x0, 0x0, 0x0, 0x0, 0x0,
    0x2, 0xfb, 0xd, 0xf2, 0x1, 0x10, 0x0, 0x0,
    0x0, 0x1, 0x10, 0x2f, 0xb0, 0xdf, 0x22, 0xff,
    0xff, 0xff, 0xff, 0xff, 0xfe, 0x2, 0xfb, 0xd,
    0xf2, 0x2b, 0xaa, 0xaa, 0xaa, 0xaa, 0xaa, 0xa0,
    0x2f, 0xb0, 0xdf, 0x20, 0x0, 0x0, 0x0, 0x0,
    0x0, 0x0, 0x2, 0xfb, 0xd, 0xf2, 0x0, 0x0,
    0x0, 0x0, 0x0, 0x0, 0x0, 0x2f, 0xb0, 0xdf,
    0x20, 0x4, 0x88, 0x88, 0x88, 0x88, 0x10, 0x2,
    0xfb, 0xd, 0xf2, 0x0, 0x8f, 0xff, 0xff, 0xff,
    0xf1, 0x0, 0x2f, 0xb0, 0xdf, 0x20, 0x7, 0xf4,
    0x0, 0x0, 0xaf, 0x10, 0x2, 0xfb, 0xd, 0xf2,
    0x0, 0x7f, 0x40, 0x0, 0xa, 0xf0, 0x0, 0x2f,
    0xb0, 0xdf, 0x20, 0x8, 0xf4, 0x0, 0x0, 0xaf,
    0x10, 0x2, 0xfb, 0xd, 0xf2, 0x0, 0x8f, 0xa8,
    0x88, 0x8d, 0xf1, 0x0, 0x2f, 0xb0, 0xdf, 0x20,
    0x8, 0xff, 0xff, 0xff, 0xff, 0x20, 0x2, 0xfb,
    0xd, 0xf2, 0x0, 0x1, 0x11, 0x11, 0x11, 0x10,
    0x0, 0x2f, 0xb0, 0xdf, 0x20, 0x0, 0x0, 0x0,
    0x0, 0x0, 0x0, 0x2, 0xfb, 0xd, 0xf2, 0x0,
    0x0, 0x0, 0x0, 0x0, 0x0, 0x11, 0x7f, 0xb0,
    0xef, 0x20, 0x0, 0x0, 0x0, 0x0, 0x0, 0xe,
    0xff, 0xf9, 0xf, 0xf2, 0x0, 0x0, 0x0, 0x0,
    0x0, 0x0, 0x9f, 0xd9, 0x10, 0x0, 0x0, 0x0,
    0x0, 0x0, 0x0, 0x0, 0x0, 0x0, 0x0,

    /* U+540D "名" */
    0x0, 0x0, 0x0, 0x1, 0x50, 0x0, 0x0, 0x0,
    0x0, 0x0, 0x0, 0x0, 0x0, 0x8, 0xfb, 0x0,
    0x0, 0x0, 0x0, 0x0, 0x0, 0x0, 0x0, 0x1f,
    0xf3, 0x0, 0x0, 0x0, 0x0, 0x0, 0x0, 0x0,
    0x0, 0xbf, 0xd8, 0x88, 0x88, 0x88, 0x88, 0x81,
    0x0, 0x0, 0x6, 0xff, 0xff, 0xff, 0xff, 0xff,
    0xff, 0x90, 0x0, 0x0, 0x4f, 0xe2, 0x0, 0x0,
    0x0, 0x4, 0xfc, 0x0, 0x0, 0x4, 0xff, 0x33,
    0x30, 0x0, 0x0, 0x2e, 0xe2, 0x0, 0x0, 0x8f,
    0xf4, 0x1e, 0xf6, 0x0, 0x1, 0xdf, 0x40, 0x0,
    0x2, 0xef, 0x40, 0x5, 0xef, 0xa0, 0x1d, 0xf6,
    0x0, 0x0, 0x0, 0x13, 0x0, 0x0, 0x2d, 0xfc,
    0xef, 0x60, 0x0, 0x0, 0x0, 0x0, 0x0, 0x0,
    0x1, 0xef, 0xe4, 0x0, 0x0, 0x0, 0x0, 0x0,
    0x0, 0x0, 0x4d, 0xfc, 0x20, 0x0, 0x0, 0x0,
    0x0, 0x0, 0x0, 0x5c, 0xff, 0xe8, 0x88, 0x88,
    0x88, 0x87, 0x0, 0x2, 0x8e, 0xff, 0xff, 0xff,
    0xff, 0xff, 0xff, 0xfd, 0x39, 0xdf, 0xff, 0xfa,
    0x0, 0x0, 0x0, 0x0, 0x1, 0xfd, 0x1e, 0xfc,
    0x62, 0xfa, 0x0, 0x0, 0x0, 0x0, 0x1, 0xfc,
    0x4, 0x30, 0x2, 0xfa, 0x0, 0x0, 0x0, 0x0,
    0x1, 0xfc, 0x0, 0x0, 0x2, 0xfa, 0x0, 0x0,
    0x0, 0x0, 0x1, 0xfc, 0x0, 0x0, 0x2, 0xfa,
    0x0, 0x0, 0x0, 0x0, 0x1, 0xfc, 0x0, 0x0,
    0x2, 0xff, 0xff, 0xff, 0xff, 0xff, 0xff, 0xfc,
    0x0, 0x0, 0x2, 0xfc, 0x77, 0x77, 0x77, 0x77,
    0x77, 0xfd, 0x0, 0x0, 0x3, 0xfa, 0x0, 0x0,
    0x0, 0x0, 0x1, 0xfd, 0x0, 0x0, 0x0, 0x10,
    0x0, 0x0, 0x0, 0x0, 0x0, 0x0,

    /* U+540E "后" */
    0x0, 0x0, 0x0, 0x0, 0x0, 0x0, 0x0, 0x0,
    0x0, 0x0, 0x0, 0x0, 0x0, 0x0, 0x0, 0x0,
    0x0, 0x0, 0x0, 0x24, 0x7a, 0xc0, 0x0, 0x0,
    0x0, 0x23, 0x44, 0x57, 0x8a, 0xcd, 0xff, 0xff,
    0xff, 0x80, 0x0, 0x0, 0xf, 0xff, 0xff, 0xff,
    0xfe, 0xdb, 0x97, 0x64, 0x21, 0x0, 0x0, 0x0,
    0xff, 0x54, 0x32, 0x10, 0x0, 0x0, 0x0, 0x0,
    0x0, 0x0, 0x0, 0xf, 0xe0, 0x0, 0x0, 0x0,
    0x0, 0x0, 0x0, 0x0, 0x0, 0x0, 0x0, 0xfe,
    0x0, 0x0, 0x0, 0x0, 0x0, 0x0, 0x0, 0x0,
    0x0, 0x0, 0xf, 0xfb, 0xbb, 0xbb, 0xbb, 0xbb,
    0xbb, 0xbb, 0xbc, 0xc5, 0x0, 0x0, 0xff, 0xff,
    0xff, 0xff, 0xff, 0xff, 0xff, 0xff, 0xff, 0x60,
    0x0, 0x1f, 0xd0, 0x0, 0x0, 0x0, 0x0, 0x0,
    0x0, 0x0, 0x0, 0x0, 0x1, 0xfc, 0x0, 0x0,
    0x0, 0x0, 0x0, 0x0, 0x0, 0x0, 0x0, 0x0,
    0x2f, 0xb0, 0x0, 0x0, 0x0, 0x0, 0x0, 0x0,
    0x0, 0x0, 0x0, 0x4, 0xf9, 0x2, 0xff, 0xff,
    0xff, 0xff, 0xff, 0xff, 0xb0, 0x0, 0x0, 0x6f,
    0x70, 0x2f, 0xd8, 0x88, 0x88, 0x88, 0x89, 0xfb,
    0x0, 0x0, 0x9, 0xf5, 0x1, 0xfb, 0x0, 0x0,
    0x0, 0x0, 0x2f, 0xa0, 0x0, 0x0, 0xcf, 0x10,
    0x1f, 0xb0, 0x0, 0x0, 0x0, 0x2, 0xfa, 0x0,
    0x0, 0x1f, 0xd0, 0x1, 0xfb, 0x0, 0x0, 0x0,
    0x0, 0x2f, 0xa0, 0x0, 0x6, 0xf9, 0x0, 0x1f,
    0xb0, 0x0, 0x0, 0x0, 0x2, 0xfa, 0x0, 0x0,
    0xef, 0x40, 0x1, 0xfd, 0x77, 0x77, 0x77, 0x77,
    0x8f, 0xa0, 0x0, 0x9f, 0xd0, 0x0, 0x1f, 0xff,
    0xff, 0xff, 0xff, 0xff, 0xfa, 0x0, 0x6, 0xd5,
    0x0, 0x2, 0xfb, 0x0, 0x0, 0x0, 0x0, 0x2f,
    0xb0, 0x0, 0x0, 0x0, 0x0, 0x2f, 0xb0, 0x0,
    0x0, 0x0, 0x2, 0xfc, 0x0, 0x0, 0x0, 0x0,
    0x0, 0x32, 0x0, 0x0, 0x0, 0x0, 0x0, 0x0,
    0x0,

    /* U+548C "和" */
    0x0, 0x0, 0x0, 0x0, 0x4, 0x60, 0x0, 0x0,
    0x0, 0x0, 0x0, 0x0, 0x13, 0x57, 0x9c, 0xff,
    0xf1, 0x0, 0x0, 0x0, 0x0, 0x0, 0x4, 0xff,
    0xff, 0xff, 0xc9, 0x72, 0x0, 0x0, 0x0, 0x0,
    0x0, 0x0, 0x97, 0x54, 0xfa, 0x0, 0x0, 0x9,
    0xaa, 0xaa, 0xaa, 0xa1, 0x0, 0x0, 0x0, 0xfa,
    0x0, 0x0, 0xe, 0xff, 0xff, 0xff, 0xf2, 0x0,
    0x0, 0x0, 0xfa, 0x0, 0x0, 0xd, 0xd0, 0x0,
    0xb, 0xf1, 0x0, 0x0, 0x0, 0xfa, 0x0, 0x1,
    0xd, 0xd0, 0x0, 0xb, 0xf1, 0x1f, 0xff, 0xff,
    0xff, 0xff, 0xff, 0xd, 0xd0, 0x0, 0xb, 0xf1,
    0x8, 0x88, 0x8b, 0xfd, 0x88, 0x89, 0xd, 0xd0,
    0x0, 0xb, 0xf1, 0x0, 0x0, 0xb, 0xfa, 0x0,
    0x0, 0xd, 0xd0, 0x0, 0xb, 0xf1, 0x0, 0x0,
    0x2f, 0xfa, 0x4a, 0x0, 0xd, 0xd0, 0x0, 0xb,
    0xf1, 0x0, 0x0, 0xbf, 0xfa, 0xcf, 0x80, 0xd,
    0xd0, 0x0, 0xb, 0xf1, 0x0, 0x5, 0xfc, 0xfa,
    0x1e, 0xf4, 0xd, 0xd0, 0x0, 0xb, 0xf1, 0x0,
    0x1e, 0xf3, 0xfa, 0x5, 0xfd, 0xd, 0xd0, 0x0,
    0xb, 0xf1, 0x0, 0xaf, 0x80, 0xfa, 0x0, 0xcb,
    0x1d, 0xd0, 0x0, 0xb, 0xf1, 0x8, 0xfc, 0x0,
    0xfa, 0x0, 0x10, 0xd, 0xe8, 0x88, 0x8d, 0xf1,
    0x6f, 0xf2, 0x0, 0xfa, 0x0, 0x0, 0xd, 0xff,
    0xff, 0xff, 0xf1, 0x1c, 0x40, 0x0, 0xfa, 0x0,
    0x0, 0xd, 0xd0, 0x0, 0xb, 0xf1, 0x0, 0x0,
    0x0, 0xfa, 0x0, 0x0, 0xe, 0xd0, 0x0, 0xb,
    0xf2, 0x0, 0x0, 0x1, 0xfa, 0x0, 0x0, 0x5,
    0x50, 0x0, 0x2, 0x30, 0x0, 0x0, 0x1, 0xfb,
    0x0, 0x0, 0x0, 0x0, 0x0, 0x0, 0x0,

    /* U+54B8 "咸" */
    0x0, 0x0, 0x0, 0x0, 0x0, 0x0, 0x14, 0x10,
    0x5, 0x0, 0x0, 0x0, 0x0, 0x0, 0x0, 0x0,
    0x0, 0x2, 0xfa, 0x8, 0xf7, 0x0, 0x0, 0x0,
    0x0, 0x0, 0x0, 0x0, 0x0, 0x1f, 0x90, 0xa,
    0xf9, 0x0, 0x0, 0x0, 0x0, 0x0, 0x0, 0x0,
    0x0, 0xf9, 0x0, 0xb, 0x60, 0x0, 0x0, 0x69,
    0x99, 0x99, 0x99, 0x99, 0x9f, 0xc9, 0x99, 0x99,
    0xa1, 0x0, 0xa, 0xff, 0xff, 0xff, 0xff, 0xff,
    0xff, 0xff, 0xff, 0xff, 0x20, 0x0, 0xaf, 0x30,
    0x0, 0x0, 0x0, 0xe, 0xb0, 0x0, 0x0, 0x0,
    0x0, 0xa, 0xf3, 0x0, 0x0, 0x0, 0x0, 0xdc,
    0x0, 0x0, 0x0, 0x0, 0x0, 0xaf, 0x35, 0xba,
    0xaa, 0xaa, 0xb, 0xe0, 0x0, 0x32, 0x0, 0x0,
    0xa, 0xf3, 0x7f, 0xff, 0xff, 0xe0, 0x9f, 0x0,
    0x9, 0xf4, 0x0, 0x0, 0xaf, 0x30, 0x0, 0x0,
    0x0, 0x7, 0xf2, 0x0, 0xef, 0x20, 0x0, 0xa,
    0xf3, 0x0, 0x0, 0x0, 0x0, 0x5f, 0x50, 0x4f,
    0xa0, 0x0, 0x0, 0xaf, 0x25, 0xff, 0xff, 0xfc,
    0x2, 0xf8, 0xb, 0xf3, 0x0, 0x0, 0xb, 0xf2,
    0x5f, 0xa7, 0x7e, 0xc0, 0xf, 0xb3, 0xfb, 0x0,
    0x0, 0x0, 0xcf, 0x4, 0xf5, 0x0, 0xdc, 0x0,
    0xbf, 0xcf, 0x20, 0x0, 0x0, 0xf, 0xf0, 0x4f,
    0x50, 0xd, 0xb0, 0x7, 0xff, 0x90, 0x0, 0x0,
    0x1, 0xfd, 0x4, 0xf5, 0x0, 0xdc, 0x0, 0x4f,
    0xf1, 0x0, 0x0, 0x0, 0x4f, 0xa0, 0x5f, 0xff,
    0xff, 0xc0, 0x1e, 0xff, 0x50, 0x2, 0x0, 0x8,
    0xf7, 0x2, 0x77, 0x77, 0x75, 0x1d, 0xf7, 0xfe,
    0x10, 0xb8, 0x0, 0xef, 0x20, 0x0, 0x0, 0x0,
    0x3e, 0xf6, 0x7, 0xfa, 0x3f, 0xc0, 0x6f, 0xd0,
    0x0, 0x0, 0x1, 0x9f, 0xf6, 0x0, 0xb, 0xff,
    0xf4, 0x4, 0xe6, 0x0, 0x0, 0x0, 0x8, 0xd2,
    0x0, 0x0, 0x8, 0xe7, 0x0, 0x1, 0x0, 0x0,
    0x0, 0x0, 0x0, 0x0, 0x0, 0x0, 0x0, 0x0,
    0x0,

    /* U+56DB "四" */
    0xdf, 0xff, 0xff, 0xff, 0xff, 0xff, 0xff, 0xff,
    0xff, 0xf2, 0xdf, 0x98, 0x88, 0xaf, 0xc8, 0x9f,
    0xd8, 0x88, 0x8e, 0xf2, 0xcf, 0x10, 0x0, 0x4f,
    0x80, 0x1f, 0xb0, 0x0, 0xc, 0xf1, 0xcf, 0x10,
    0x0, 0x4f, 0x70, 0x1f, 0xb0, 0x0, 0xc, 0xf1,
    0xcf, 0x10, 0x0, 0x5f, 0x60, 0x1f, 0xb0, 0x0,
    0xc, 0xf1, 0xcf, 0x10, 0x0, 0x7f, 0x50, 0x1f,
    0xb0, 0x0, 0xc, 0xf1, 0xcf, 0x10, 0x0, 0x9f,
    0x20, 0x1f, 0xb0, 0x0, 0xc, 0xf1, 0xcf, 0x10,
    0x0, 0xee, 0x0, 0x1f, 0xb0, 0x0, 0xc, 0xf1,
    0xcf, 0x10, 0x4, 0xfa, 0x0, 0x1f, 0xb0, 0x0,
    0xc, 0xf1, 0xcf, 0x10, 0xc, 0xf3, 0x0, 0x1f,
    0xb0, 0x0, 0xc, 0xf1, 0xcf, 0x10, 0x7f, 0xa0,
    0x0, 0x1f, 0xd2, 0x12, 0x1c, 0xf1, 0xcf, 0x15,
    0xfe, 0x10, 0x0, 0xe, 0xff, 0xff, 0x3c, 0xf1,
    0xcf, 0x3e, 0xf4, 0x0, 0x0, 0x3, 0x89, 0x99,
    0xc, 0xf1, 0xcf, 0x12, 0x50, 0x0, 0x0, 0x0,
    0x0, 0x0, 0xc, 0xf1, 0xcf, 0x10, 0x0, 0x0,
    0x0, 0x0, 0x0, 0x0, 0xc, 0xf1, 0xcf, 0x10,
    0x0, 0x0, 0x0, 0x0, 0x0, 0x0, 0xc, 0xf1,
    0xcf, 0xaa, 0xaa, 0xaa, 0xaa, 0xaa, 0xaa, 0xaa,
    0xae, 0xf1, 0xcf, 0xff, 0xff, 0xff, 0xff, 0xff,
    0xff, 0xff, 0xff, 0xf1, 0xdf, 0x10, 0x0, 0x0,
    0x0, 0x0, 0x0, 0x0, 0xc, 0xf2, 0xdf, 0x10,
    0x0, 0x0, 0x0, 0x0, 0x0, 0x0, 0xc, 0xf2,
    0x23, 0x0, 0x0, 0x0, 0x0, 0x0, 0x0, 0x0,
    0x0, 0x0,

    /* U+56DE "回" */
    0x0, 0x0, 0x0, 0x0, 0x0, 0x0, 0x0, 0x0,
    0x0, 0x0, 0x2f, 0xff, 0xff, 0xff, 0xff, 0xff,
    0xff, 0xff, 0xff, 0xf2, 0x1f, 0xd8, 0x88, 0x88,
    0x88, 0x88, 0x88, 0x88, 0x8d, 0xf2, 0x1f, 0xb0,
    0x0, 0x0, 0x0, 0x0, 0x0, 0x0, 0xb, 0xf2,
    0x1f, 0xb0, 0x0, 0x0, 0x0, 0x0, 0x0, 0x0,
    0xb, 0xf1, 0x1f, 0xb0, 0x0, 0x0, 0x0, 0x0,
    0x0, 0x0, 0xb, 0xf1, 0x1f, 0xb0, 0x0, 0xff,
    0xff, 0xff, 0xff, 0x30, 0xb, 0xf1, 0x1f, 0xb0,
    0x0, 0xfd, 0x77, 0x77, 0xcf, 0x20, 0xb, 0xf1,
    0x1f, 0xb0, 0x0, 0xfb, 0x0, 0x0, 0xaf, 0x20,
    0xb, 0xf1, 0x1f, 0xb0, 0x0, 0xfb, 0x0, 0x0,
    0xaf, 0x20, 0xb, 0xf1, 0x1f, 0xb0, 0x0, 0xfb,
    0x0, 0x0, 0xaf, 0x20, 0xb, 0xf1, 0x1f, 0xb0,
    0x0, 0xfb, 0x0, 0x0, 0xaf, 0x20, 0xb, 0xf1,
    0x1f, 0xb0, 0x0, 0xff, 0xff, 0xff, 0xff, 0x20,
    0xb, 0xf1, 0x1f, 0xb0, 0x0, 0xaa, 0xaa, 0xaa,
    0xaa, 0x20, 0xb, 0xf1, 0x1f, 0xb0, 0x0, 0x0,
    0x0, 0x0, 0x0, 0x0, 0xb, 0xf1, 0x1f, 0xb0,
    0x0, 0x0, 0x0, 0x0, 0x0, 0x0, 0xb, 0xf1,
    0x1f, 0xb0, 0x0, 0x0, 0x0, 0x0, 0x0, 0x0,
    0xb, 0xf1, 0x1f, 0xff, 0xff, 0xff, 0xff, 0xff,
    0xff, 0xff, 0xff, 0xf2, 0x1f, 0xd8, 0x88, 0x88,
    0x88, 0x88, 0x88, 0x88, 0x8d, 0xf2, 0x2f, 0xa0,
    0x0, 0x0, 0x0, 0x0, 0x0, 0x0, 0xb, 0xf2,
    0x18, 0x50, 0x0, 0x0, 0x0, 0x0, 0x0, 0x0,
    0x6, 0x81,

    /* U+56FD "国" */
    0x57, 0x77, 0x77, 0x77, 0x77, 0x77, 0x77, 0x77,
    0x77, 0x75, 0xcf, 0xff, 0xff, 0xff, 0xff, 0xff,
    0xff, 0xff, 0xff, 0xfb, 0xbf, 0x10, 0x0, 0x0,
    0x0, 0x0, 0x0, 0x0, 0x2, 0xfa, 0xbf, 0x10,
    0x0, 0x0, 0x0, 0x0, 0x0, 0x0, 0x2, 0xfa,
    0xbf, 0x10, 0x8b, 0xaa, 0xaa, 0xaa, 0xaa, 0xba,
    0x2, 0xfa, 0xbf, 0x10, 0xbe, 0xed, 0xdf, 0xfd,
    0xde, 0xee, 0x2, 0xfa, 0xbf, 0x10, 0x0, 0x0,
    0x1f, 0x90, 0x0, 0x0, 0x2, 0xfa, 0xbf, 0x10,
    0x0, 0x0, 0x1f, 0x90, 0x0, 0x0, 0x2, 0xfa,
    0xbf, 0x10, 0x1, 0x10, 0x1f, 0xa0, 0x1, 0x11,
    0x2, 0xfa, 0xbf, 0x10, 0x6f, 0xff, 0xff, 0xff,
    0xff, 0xf7, 0x2, 0xfa, 0xbf, 0x10, 0x38, 0x77,
    0x7f, 0xc7, 0x77, 0x84, 0x2, 0xfa, 0xbf, 0x10,
    0x0, 0x0, 0x1f, 0x90, 0x59, 0x0, 0x2, 0xfa,
    0xbf, 0x10, 0x0, 0x0, 0x1f, 0x90, 0xbf, 0xa0,
    0x2, 0xfa, 0xbf, 0x10, 0x0, 0x0, 0x1f, 0x90,
    0xa, 0x40, 0x2, 0xfa, 0xbf, 0x13, 0x99, 0x88,
    0x9f, 0xd8, 0x88, 0x99, 0x42, 0xfa, 0xbf, 0x15,
    0xff, 0xff, 0xff, 0xff, 0xff, 0xff, 0x62, 0xfa,
    0xbf, 0x10, 0x0, 0x0, 0x0, 0x0, 0x0, 0x0,
    0x2, 0xfa, 0xbf, 0x10, 0x0, 0x0, 0x0, 0x0,
    0x0, 0x0, 0x2, 0xfa, 0xcf, 0x66, 0x66, 0x66,
    0x66, 0x66, 0x66, 0x66, 0x67, 0xfb, 0xcf, 0xff,
    0xff, 0xff, 0xff, 0xff, 0xff, 0xff, 0xff, 0xfb,
    0xcf, 0x10, 0x0, 0x0, 0x0, 0x0, 0x0, 0x0,
    0x2, 0xfb, 0x11, 0x0, 0x0, 0x0, 0x0, 0x0,
    0x0, 0x0, 0x0, 0x0,

    /* U+5728 "在" */
    0x0, 0x0, 0x0, 0x0, 0x0, 0x85, 0x10, 0x0,
    0x0, 0x0, 0x0, 0x0, 0x0, 0x0, 0x0, 0x0,
    0x1f, 0xf2, 0x0, 0x0, 0x0, 0x0, 0x0, 0x0,
    0x0, 0x0, 0x0, 0x5, 0xfc, 0x0, 0x0, 0x0,
    0x0, 0x0, 0x0, 0x0, 0x0, 0x0, 0x0, 0xaf,
    0x60, 0x0, 0x0, 0x0, 0x0, 0x0, 0x0, 0xbc,
    0xcb, 0xbb, 0xbf, 0xfc, 0xbb, 0xbb, 0xbb, 0xbb,
    0xcc, 0x10, 0xd, 0xee, 0xdd, 0xde, 0xff, 0xdd,
    0xdd, 0xdd, 0xdd, 0xde, 0xe1, 0x0, 0x0, 0x0,
    0x0, 0xdf, 0x40, 0x0, 0x0, 0x0, 0x0, 0x0,
    0x0, 0x0, 0x0, 0x0, 0x6f, 0xc0, 0x0, 0x2f,
    0xc0, 0x0, 0x0, 0x0, 0x0, 0x0, 0x0, 0x3f,
    0xf3, 0x0, 0x2, 0xfc, 0x0, 0x0, 0x0, 0x0,
    0x0, 0x1, 0xff, 0xf9, 0x0, 0x0, 0x2f, 0xc0,
    0x0, 0x0, 0x0, 0x0, 0x0, 0x1f, 0xfd, 0x0,
    0x0, 0x2, 0xfc, 0x0, 0x0, 0x0, 0x0, 0x0,
    0x9, 0xff, 0x32, 0xba, 0xaa, 0xaf, 0xea, 0xaa,
    0xab, 0x0, 0x0, 0x9, 0xff, 0xc0, 0x3f, 0xff,
    0xff, 0xff, 0xff, 0xff, 0xf0, 0x0, 0xa, 0xff,
    0xfc, 0x0, 0x0, 0x0, 0x2f, 0xc0, 0x0, 0x0,
    0x0, 0x2e, 0xfe, 0x3f, 0xc0, 0x0, 0x0, 0x2,
    0xfc, 0x0, 0x0, 0x0, 0x0, 0x7c, 0x10, 0xfc,
    0x0, 0x0, 0x0, 0x2f, 0xc0, 0x0, 0x0, 0x0,
    0x0, 0x0, 0xf, 0xc0, 0x0, 0x0, 0x2, 0xfc,
    0x0, 0x0, 0x0, 0x0, 0x0, 0x0, 0xfc, 0x0,
    0x0, 0x0, 0x2f, 0xc0, 0x0, 0x0, 0x0, 0x0,
    0x0, 0xf, 0xc0, 0x0, 0x0, 0x2, 0xfc, 0x0,
    0x0, 0x0, 0x0, 0x0, 0x1, 0xfd, 0x19, 0x99,
    0x99, 0x9f, 0xe9, 0x99, 0x99, 0x92, 0x0, 0x0,
    0x1f, 0xd2, 0xff, 0xff, 0xff, 0xff, 0xff, 0xff,
    0xff, 0x40, 0x0, 0x2, 0xfe, 0x0, 0x0, 0x0,
    0x0, 0x0, 0x0, 0x0, 0x0,

    /* U+578B "型" */
    0x0, 0x0, 0x0, 0x0, 0x0, 0x0, 0x0, 0x0,
    0x0, 0xb, 0x90, 0x2, 0x55, 0x55, 0x55, 0x55,
    0x55, 0x40, 0x0, 0x0, 0xf, 0xc0, 0x6, 0xff,
    0xff, 0xff, 0xff, 0xff, 0xc0, 0x8c, 0x10, 0xf,
    0xb0, 0x2, 0x54, 0xcf, 0x44, 0x4f, 0xd4, 0x40,
    0xaf, 0x10, 0xf, 0xb0, 0x0, 0x0, 0xbf, 0x0,
    0xf, 0xc0, 0x0, 0x9f, 0x10, 0xf, 0xb0, 0x0,
    0x0, 0xbf, 0x0, 0xf, 0xc0, 0x0, 0x9f, 0x10,
    0xf, 0xb0, 0x0, 0x0, 0xbf, 0x0, 0xf, 0xc0,
    0x0, 0x9f, 0x10, 0xf, 0xb0, 0x8d, 0xdc, 0xff,
    0xcc, 0xcf, 0xfd, 0xd5, 0x9f, 0x10, 0xf, 0xb0,
    0x8d, 0xdc, 0xff, 0xcc, 0xcf, 0xfd, 0xd5, 0x9f,
    0x10, 0xf, 0xb0, 0x0, 0x2, 0xfa, 0x0, 0xf,
    0xc0, 0x0, 0xaf, 0x10, 0xf, 0xb0, 0x0, 0xa,
    0xf5, 0x0, 0xf, 0xc0, 0x0, 0xaf, 0x20, 0xf,
    0xb0, 0x0, 0x7f, 0xd0, 0x0, 0xf, 0xd0, 0x0,
    0x0, 0x1, 0x4f, 0xb0, 0x3b, 0xff, 0x30, 0x0,
    0xf, 0xd0, 0x0, 0x0, 0x3f, 0xff, 0x70, 0x1c,
    0xe4, 0x0, 0x0, 0x5, 0xdb, 0x10, 0x0, 0xc,
    0xd8, 0x0, 0x1, 0x10, 0x0, 0x0, 0x0, 0xbf,
    0x20, 0x0, 0x0, 0x0, 0x0, 0x0, 0x1b, 0xaa,
    0xaa, 0xaa, 0xef, 0xaa, 0xaa, 0xaa, 0xa4, 0x0,
    0x0, 0x4f, 0xff, 0xff, 0xff, 0xff, 0xff, 0xff,
    0xff, 0xf7, 0x0, 0x0, 0x0, 0x0, 0x0, 0x0,
    0xaf, 0x10, 0x0, 0x0, 0x0, 0x0, 0x0, 0x0,
    0x0, 0x0, 0x0, 0xaf, 0x10, 0x0, 0x0, 0x0,
    0x0, 0x0, 0x0, 0x0, 0x0, 0x0, 0xaf, 0x10,
    0x0, 0x0, 0x0, 0x0, 0x6b, 0xbb, 0xbb, 0xbb,
    0xbb, 0xef, 0xbb, 0xbb, 0xbb, 0xbb, 0xba, 0x7f,
    0xee, 0xee, 0xee, 0xee, 0xee, 0xee, 0xee, 0xee,
    0xee, 0xfd,

    /* U+589E "增" */
    0x0, 0x0, 0x0, 0x0, 0x0, 0x1, 0x50, 0x0,
    0x0, 0x63, 0x0, 0x0, 0x0, 0x8, 0xa1, 0x0,
    0x0, 0xdf, 0x30, 0x0, 0xe, 0xf7, 0x0, 0x0,
    0x0, 0xcf, 0x10, 0x0, 0x3, 0xfe, 0x0, 0x3,
    0xfd, 0x0, 0x0, 0x0, 0xb, 0xf1, 0x0, 0x0,
    0x7, 0x80, 0x0, 0x9f, 0x40, 0x0, 0x0, 0x0,
    0xbf, 0x10, 0xa, 0xff, 0xff, 0xff, 0xff, 0xff,
    0xff, 0x80, 0x0, 0xb, 0xf1, 0x0, 0xaf, 0x65,
    0x56, 0xfb, 0x55, 0x58, 0xf8, 0x0, 0x0, 0xbf,
    0x10, 0x9, 0xf1, 0x70, 0x1f, 0x90, 0x86, 0x4f,
    0x80, 0xbb, 0xae, 0xfa, 0xb8, 0x9f, 0x7f, 0x71,
    0xf9, 0x1f, 0xe4, 0xf8, 0xe, 0xed, 0xff, 0xdd,
    0xa9, 0xf1, 0xee, 0x1f, 0x98, 0xf8, 0x4f, 0x80,
    0x0, 0xb, 0xf1, 0x0, 0x9f, 0x17, 0x82, 0xf9,
    0x5c, 0x14, 0xf8, 0x0, 0x0, 0xbf, 0x10, 0xa,
    0xf4, 0x33, 0x4f, 0xa3, 0x33, 0x6f, 0x80, 0x0,
    0xb, 0xf1, 0x0, 0xaf, 0xff, 0xff, 0xff, 0xff,
    0xff, 0xf9, 0x0, 0x0, 0xbf, 0x10, 0x0, 0x0,
    0x0, 0x0, 0x0, 0x0, 0x0, 0x0, 0x0, 0xb,
    0xf1, 0x0, 0x5, 0x88, 0x88, 0x88, 0x88, 0x88,
    0x60, 0x0, 0x0, 0xbf, 0x10, 0x0, 0xaf, 0xff,
    0xff, 0xff, 0xff, 0xfb, 0x0, 0x0, 0xb, 0xf2,
    0x59, 0x29, 0xf2, 0x0, 0x0, 0x0, 0x1f, 0xa0,
    0x0, 0x3, 0xdf, 0xff, 0xf3, 0x9f, 0x64, 0x44,
    0x44, 0x45, 0xfa, 0x1, 0xbf, 0xff, 0xe9, 0x40,
    0x9, 0xff, 0xff, 0xff, 0xff, 0xff, 0xa0, 0xb,
    0xe9, 0x30, 0x0, 0x0, 0x9f, 0x32, 0x22, 0x22,
    0x23, 0xfa, 0x0, 0x10, 0x0, 0x0, 0x0, 0x9,
    0xf6, 0x44, 0x44, 0x44, 0x5f, 0xa0, 0x0, 0x0,
    0x0, 0x0, 0x0, 0x9f, 0xff, 0xff, 0xff, 0xff,
    0xfb, 0x0, 0x0, 0x0, 0x0, 0x0, 0xa, 0xf3,
    0x22, 0x22, 0x22, 0x3f, 0xb0,

    /* U+5907 "备" */
    0x0, 0x0, 0x0, 0x0, 0x96, 0x0, 0x0, 0x0,
    0x0, 0x0, 0x0, 0x0, 0x0, 0x0, 0x0, 0x4f,
    0xe1, 0x0, 0x0, 0x0, 0x0, 0x0, 0x0, 0x0,
    0x0, 0x0, 0xd, 0xf3, 0x11, 0x11, 0x11, 0x11,
    0x10, 0x0, 0x0, 0x0, 0x0, 0x9, 0xff, 0xff,
    0xff, 0xff, 0xff, 0xfb, 0x0, 0x0, 0x0, 0x0,
    0x6, 0xff, 0x54, 0x44, 0x44, 0x45, 0xff, 0x20,
    0x0, 0x0, 0x0, 0x4, 0xff, 0xfd, 0x10, 0x0,
    0x0, 0xcf, 0x50, 0x0, 0x0, 0x0, 0x6, 0xff,
    0x35, 0xfe, 0x30, 0x0, 0xbf, 0x80, 0x0, 0x0,
    0x0, 0x0, 0x9e, 0x30, 0x4, 0xff, 0x61, 0xcf,
    0x80, 0x0, 0x0, 0x0, 0x0, 0x0, 0x10, 0x0,
    0x3, 0xef, 0xff, 0x60, 0x0, 0x0, 0x0, 0x0,
    0x0, 0x0, 0x0, 0x2, 0x8f, 0xff, 0xf8, 0x30,
    0x0, 0x0, 0x0, 0x0, 0x0, 0x25, 0x9d, 0xff,
    0xc5, 0x6d, 0xff, 0xeb, 0x97, 0x55, 0x50, 0x9d,
    0xff, 0xff, 0xc7, 0x20, 0x0, 0x3, 0x8d, 0xff,
    0xff, 0xf9, 0x4, 0xfc, 0x8c, 0x87, 0x77, 0x77,
    0x77, 0x77, 0x77, 0x94, 0x79, 0x20, 0x0, 0x0,
    0xff, 0xff, 0xff, 0xff, 0xff, 0xff, 0xfe, 0x0,
    0x0, 0x0, 0x0, 0xf, 0xc0, 0x0, 0xe, 0xc0,
    0x0, 0xd, 0xe0, 0x0, 0x0, 0x0, 0x0, 0xfc,
    0x0, 0x0, 0xec, 0x0, 0x0, 0xde, 0x0, 0x0,
    0x0, 0x0, 0xf, 0xff, 0xff, 0xff, 0xff, 0xff,
    0xff, 0xe0, 0x0, 0x0, 0x0, 0x0, 0xfd, 0x77,
    0x77, 0xfd, 0x77, 0x77, 0xee, 0x0, 0x0, 0x0,
    0x0, 0xf, 0xc0, 0x0, 0xe, 0xc0, 0x0, 0xd,
    0xe0, 0x0, 0x0, 0x0, 0x0, 0xfd, 0x77, 0x77,
    0xfd, 0x77, 0x77, 0xee, 0x0, 0x0, 0x0, 0x0,
    0xf, 0xff, 0xff, 0xff, 0xff, 0xff, 0xff, 0xe0,
    0x0, 0x0, 0x0, 0x0, 0xfc, 0x0, 0x0, 0x0,
    0x0, 0x0, 0xdf, 0x0, 0x0,

    /* U+590D "复" */
    0x0, 0x0, 0x0, 0x81, 0x0, 0x0, 0x0, 0x0,
    0x0, 0x0, 0x0, 0x0, 0x0, 0x0, 0x7f, 0xc0,
    0x0, 0x0, 0x0, 0x0, 0x0, 0x0, 0x0, 0x0,
    0x0, 0x2f, 0xf8, 0x77, 0x77, 0x77, 0x77, 0x77,
    0x78, 0x50, 0x0, 0x0, 0x1d, 0xff, 0xff, 0xff,
    0xff, 0xff, 0xff, 0xff, 0xfa, 0x0, 0x0, 0x1c,
    0xf7, 0x0, 0x0, 0x0, 0x0, 0x0, 0x0, 0x0,
    0x0, 0x0, 0x2d, 0xfc, 0x77, 0x77, 0x77, 0x77,
    0x77, 0x77, 0x74, 0x0, 0x0, 0x7f, 0xf8, 0x9f,
    0xff, 0xff, 0xff, 0xff, 0xff, 0xff, 0x90, 0x0,
    0x3, 0xe6, 0x9, 0xf1, 0x0, 0x0, 0x0, 0x0,
    0x1, 0xf9, 0x0, 0x0, 0x1, 0x0, 0x9f, 0x77,
    0x77, 0x77, 0x77, 0x77, 0x8f, 0x90, 0x0, 0x0,
    0x0, 0x9, 0xff, 0xff, 0xff, 0xff, 0xff, 0xff,
    0xf9, 0x0, 0x0, 0x0, 0x0, 0x9f, 0x10, 0x0,
    0x0, 0x0, 0x0, 0x1f, 0x90, 0x0, 0x0, 0x0,
    0xa, 0xff, 0xff, 0xff, 0xff, 0xff, 0xff, 0xf9,
    0x0, 0x0, 0x0, 0x0, 0x57, 0xaf, 0xe7, 0x77,
    0x77, 0x77, 0x77, 0x40, 0x0, 0x0, 0x0, 0x0,
    0xc, 0xf4, 0x0, 0x0, 0x0, 0x0, 0x0, 0x0,
    0x0, 0x0, 0x0, 0xa, 0xff, 0xff, 0xff, 0xff,
    0xff, 0xfd, 0x10, 0x0, 0x0, 0x0, 0xa, 0xfc,
    0xd7, 0x77, 0x77, 0x78, 0xff, 0x40, 0x0, 0x0,
    0x0, 0x2c, 0xfb, 0x9f, 0xc1, 0x0, 0x0, 0xcf,
    0x70, 0x0, 0x0, 0x0, 0x2f, 0xf8, 0x0, 0xaf,
    0xe5, 0x1, 0xcf, 0x70, 0x0, 0x0, 0x0, 0x0,
    0x34, 0x0, 0x0, 0x5e, 0xfc, 0xef, 0x60, 0x0,
    0x0, 0x0, 0x0, 0x0, 0x0, 0x0, 0x3, 0x9f,
    0xff, 0xe8, 0x41, 0x0, 0x0, 0x0, 0x5, 0x56,
    0x8a, 0xdf, 0xff, 0xa5, 0x9e, 0xff, 0xfe, 0xca,
    0x97, 0x0, 0xdf, 0xff, 0xeb, 0x84, 0x0, 0x0,
    0x2, 0x69, 0xdf, 0xff, 0x80, 0x3, 0x53, 0x10,
    0x0, 0x0, 0x0, 0x0, 0x0, 0x0, 0x2, 0x41,
    0x0,

    /* U+591A "多" */
    0x0, 0x0, 0x0, 0x3, 0x10, 0x0, 0x0, 0x0,
    0x0, 0x0, 0x0, 0x0, 0x0, 0x1, 0xee, 0x10,
    0x0, 0x0, 0x0, 0x0, 0x0, 0x0, 0x0, 0x1,
    0xdf, 0x61, 0x11, 0x11, 0x11, 0x10, 0x0, 0x0,
    0x0, 0x2, 0xdf, 0xff, 0xff, 0xff, 0xff, 0xff,
    0x30, 0x0, 0x0, 0x5, 0xff, 0x65, 0x55, 0x55,
    0x55, 0xdf, 0x70, 0x0, 0x0, 0x2a, 0xfd, 0x22,
    0x40, 0x0, 0x0, 0x7f, 0xa0, 0x0, 0x0, 0x3f,
    0xf9, 0x0, 0xdf, 0x50, 0x0, 0x8f, 0xb0, 0x0,
    0x0, 0x0, 0x54, 0x0, 0x2, 0xef, 0x41, 0xbf,
    0xb0, 0x0, 0x0, 0x0, 0x0, 0x0, 0x0, 0x3,
    0xff, 0xef, 0x80, 0x0, 0x0, 0x0, 0x0, 0x0,
    0x0, 0x0, 0x6e, 0xfc, 0x5b, 0x20, 0x0, 0x0,
    0x0, 0x0, 0x2, 0x6a, 0xff, 0xc5, 0x1d, 0xf9,
    0x0, 0x0, 0x0, 0x6, 0xcf, 0xff, 0xe9, 0x30,
    0x2e, 0xfd, 0x77, 0x77, 0x77, 0x70, 0xe, 0xd8,
    0x40, 0x0, 0x5f, 0xff, 0xff, 0xff, 0xff, 0xfb,
    0x0, 0x0, 0x0, 0x1, 0xaf, 0xf5, 0x0, 0x0,
    0x0, 0xcf, 0x30, 0x0, 0x0, 0x18, 0xff, 0xb2,
    0x40, 0x0, 0x0, 0x7f, 0xa0, 0x0, 0x2, 0xaf,
    0xfd, 0x50, 0xaf, 0x60, 0x0, 0x4f, 0xe1, 0x0,
    0x0, 0xb, 0xd5, 0x0, 0x2, 0xef, 0x60, 0x4f,
    0xf3, 0x0, 0x0, 0x0, 0x0, 0x0, 0x0, 0x2,
    0xef, 0xaf, 0xe3, 0x0, 0x0, 0x0, 0x0, 0x0,
    0x0, 0x0, 0x19, 0xff, 0xc2, 0x0, 0x0, 0x0,
    0x0, 0x0, 0x0, 0x26, 0xbf, 0xfe, 0x60, 0x0,
    0x0, 0x0, 0x26, 0x67, 0xac, 0xef, 0xff, 0xb5,
    0x0, 0x0, 0x0, 0x0, 0x1, 0xef, 0xff, 0xfe,
    0xa6, 0x10, 0x0, 0x0, 0x0, 0x0, 0x0, 0x5,
    0x86, 0x31, 0x0, 0x0, 0x0, 0x0, 0x0, 0x0,
    0x0, 0x0,

    /* U+5927 "大" */
    0x0, 0x0, 0x0, 0x0, 0x0, 0x14, 0x20, 0x0,
    0x0, 0x0, 0x0, 0x0, 0x0, 0x0, 0x0, 0x0,
    0x2, 0xff, 0x20, 0x0, 0x0, 0x0, 0x0, 0x0,
    0x0, 0x0, 0x0, 0x0, 0x1f, 0xf0, 0x0, 0x0,
    0x0, 0x0, 0x0, 0x0, 0x0, 0x0, 0x0, 0x1,
    0xfe, 0x0, 0x0, 0x0, 0x0, 0x0, 0x0, 0x0,
    0x0, 0x0, 0x0, 0x1f, 0xd0, 0x0, 0x0, 0x0,
    0x0, 0x0, 0x0, 0x0, 0x0, 0x0, 0x1, 0xfd,
    0x0, 0x0, 0x0, 0x0, 0x0, 0x0, 0x0, 0x0,
    0x0, 0x0, 0x1f, 0xc0, 0x0, 0x0, 0x0, 0x0,
    0x0, 0xe, 0xee, 0xdd, 0xdd, 0xdd, 0xff, 0xdd,
    0xdd, 0xdd, 0xde, 0xf3, 0x0, 0xff, 0xff, 0xff,
    0xff, 0xff, 0xff, 0xff, 0xff, 0xff, 0xff, 0x30,
    0x0, 0x0, 0x0, 0x0, 0x5, 0xff, 0x0, 0x0,
    0x0, 0x0, 0x0, 0x0, 0x0, 0x0, 0x0, 0x0,
    0x8f, 0xf5, 0x0, 0x0, 0x0, 0x0, 0x0, 0x0,
    0x0, 0x0, 0x0, 0xe, 0xff, 0xd0, 0x0, 0x0,
    0x0, 0x0, 0x0, 0x0, 0x0, 0x0, 0x4, 0xfa,
    0x9f, 0x50, 0x0, 0x0, 0x0, 0x0, 0x0, 0x0,
    0x0, 0x0, 0xdf, 0x31, 0xfe, 0x0, 0x0, 0x0,
    0x0, 0x0, 0x0, 0x0, 0x0, 0x7f, 0xb0, 0x7,
    0xfa, 0x0, 0x0, 0x0, 0x0, 0x0, 0x0, 0x0,
    0x3f, 0xf2, 0x0, 0xc, 0xf7, 0x0, 0x0, 0x0,
    0x0, 0x0, 0x0, 0x2e, 0xf5, 0x0, 0x0, 0x2e,
    0xf6, 0x0, 0x0, 0x0, 0x0, 0x0, 0x5f, 0xf9,
    0x0, 0x0, 0x0, 0x4f, 0xf7, 0x0, 0x0, 0x0,
    0x1, 0xaf, 0xfa, 0x0, 0x0, 0x0, 0x0, 0x6f,
    0xfb, 0x10, 0x0, 0x29, 0xff, 0xf7, 0x0, 0x0,
    0x0, 0x0, 0x0, 0x6f, 0xfe, 0x70, 0xb, 0xff,
    0xd3, 0x0, 0x0, 0x0, 0x0, 0x0, 0x0, 0x3e,
    0xff, 0x30, 0xd, 0x70, 0x0, 0x0, 0x0, 0x0,
    0x0, 0x0, 0x0, 0x19, 0x60, 0x0, 0x0, 0x0,
    0x0, 0x0, 0x0, 0x0, 0x0, 0x0, 0x0, 0x0,
    0x0,

    /* U+5929 "天" */
    0x0, 0x0, 0x32, 0x22, 0x22, 0x22, 0x22, 0x22,
    0x22, 0x33, 0x0, 0x0, 0x0, 0x4, 0xff, 0xff,
    0xff, 0xff, 0xff, 0xff, 0xff, 0xff, 0x20, 0x0,
    0x0, 0x2, 0xba, 0xaa, 0xaa, 0xaf, 0xfa, 0xaa,
    0xaa, 0xab, 0x10, 0x0, 0x0, 0x0, 0x0, 0x0,
    0x0, 0xf, 0xf0, 0x0, 0x0, 0x0, 0x0, 0x0,
    0x0, 0x0, 0x0, 0x0, 0x0, 0xf, 0xf0, 0x0,
    0x0, 0x0, 0x0, 0x0, 0x0, 0x0, 0x0, 0x0,
    0x0, 0xf, 0xf0, 0x0, 0x0, 0x0, 0x0, 0x0,
    0x0, 0x0, 0x0, 0x0, 0x0, 0xf, 0xf0, 0x0,
    0x0, 0x0, 0x0, 0x0, 0x0, 0xac, 0xbb, 0xbb,
    0xbb, 0xbf, 0xfb, 0xbb, 0xbb, 0xbb, 0xcc, 0x10,
    0x0, 0xdf, 0xff, 0xff, 0xff, 0xff, 0xff, 0xff,
    0xff, 0xff, 0xff, 0x20, 0x0, 0x11, 0x10, 0x0,
    0x0, 0x6f, 0xf7, 0x0, 0x0, 0x0, 0x11, 0x0,
    0x0, 0x0, 0x0, 0x0, 0x0, 0xbf, 0xfd, 0x0,
    0x0, 0x0, 0x0, 0x0, 0x0, 0x0, 0x0, 0x0,
    0x1, 0xfe, 0xaf, 0x50, 0x0, 0x0, 0x0, 0x0,
    0x0, 0x0, 0x0, 0x0, 0x9, 0xf8, 0x2f, 0xd0,
    0x0, 0x0, 0x0, 0x0, 0x0, 0x0, 0x0, 0x0,
    0x3f, 0xf1, 0x9, 0xf9, 0x0, 0x0, 0x0, 0x0,
    0x0, 0x0, 0x0, 0x1, 0xdf, 0x80, 0x1, 0xef,
    0x60, 0x0, 0x0, 0x0, 0x0, 0x0, 0x0, 0x1c,
    0xfd, 0x0, 0x0, 0x4f, 0xf6, 0x0, 0x0, 0x0,
    0x0, 0x0, 0x3, 0xdf, 0xe2, 0x0, 0x0, 0x6,
    0xff, 0x80, 0x0, 0x0, 0x0, 0x0, 0x8f, 0xfd,
    0x20, 0x0, 0x0, 0x0, 0x6f, 0xfd, 0x60, 0x0,
    0x1, 0x7e, 0xff, 0xa1, 0x0, 0x0, 0x0, 0x0,
    0x3, 0xdf, 0xfe, 0x90, 0xb, 0xff, 0xe5, 0x0,
    0x0, 0x0, 0x0, 0x0, 0x0, 0x8, 0xff, 0x50,
    0x0, 0xb7, 0x0, 0x0, 0x0, 0x0, 0x0, 0x0,
    0x0, 0x0, 0x4, 0x0,

    /* U+5931 "失" */
    0x0, 0x0, 0x0, 0x0, 0x0, 0x0, 0x0, 0x0,
    0x0, 0x0, 0x0, 0x0, 0x0, 0x0, 0x0, 0x0,
    0xff, 0x10, 0x0, 0x0, 0x0, 0x0, 0x0, 0x0,
    0x32, 0x0, 0x0, 0xff, 0x0, 0x0, 0x0, 0x0,
    0x0, 0x0, 0x0, 0xaf, 0x60, 0x0, 0xfe, 0x0,
    0x0, 0x0, 0x0, 0x0, 0x0, 0x0, 0xee, 0x0,
    0x0, 0xfd, 0x0, 0x0, 0x0, 0x0, 0x0, 0x0,
    0x5, 0xf8, 0x0, 0x0, 0xfd, 0x0, 0x0, 0x1,
    0x10, 0x0, 0x0, 0xc, 0xff, 0xff, 0xff, 0xff,
    0xff, 0xff, 0xff, 0xf5, 0x0, 0x0, 0x5f, 0xc8,
    0x88, 0x88, 0xfe, 0x88, 0x88, 0x89, 0x93, 0x0,
    0x1, 0xef, 0x10, 0x0, 0x0, 0xfc, 0x0, 0x0,
    0x0, 0x0, 0x0, 0xb, 0xf8, 0x0, 0x0, 0x0,
    0xfc, 0x0, 0x0, 0x0, 0x0, 0x0, 0x5, 0xb0,
    0x0, 0x0, 0x1, 0xfb, 0x0, 0x0, 0x0, 0x0,
    0x0, 0x1, 0x10, 0x0, 0x0, 0x3, 0xfb, 0x0,
    0x0, 0x0, 0x1, 0x10, 0x5f, 0xff, 0xff, 0xff,
    0xff, 0xff, 0xff, 0xff, 0xff, 0xff, 0xf0, 0x39,
    0x98, 0x88, 0x88, 0x8d, 0xff, 0xc8, 0x88, 0x88,
    0x89, 0x90, 0x0, 0x0, 0x0, 0x0, 0xf, 0xff,
    0xe0, 0x0, 0x0, 0x0, 0x0, 0x0, 0x0, 0x0,
    0x0, 0x8f, 0x88, 0xfa, 0x0, 0x0, 0x0, 0x0,
    0x0, 0x0, 0x0, 0x4, 0xfe, 0x0, 0xcf, 0xa0,
    0x0, 0x0, 0x0, 0x0, 0x0, 0x0, 0x4f, 0xf3,
    0x0, 0x1d, 0xfd, 0x30, 0x0, 0x0, 0x0, 0x0,
    0x8, 0xff, 0x50, 0x0, 0x1, 0xcf, 0xfa, 0x30,
    0x0, 0x0, 0x4, 0xdf, 0xe4, 0x0, 0x0, 0x0,
    0x7, 0xff, 0xfc, 0x72, 0x17, 0xdf, 0xfb, 0x10,
    0x0, 0x0, 0x0, 0x0, 0x2b, 0xff, 0xf2, 0x1d,
    0xfd, 0x50, 0x0, 0x0, 0x0, 0x0, 0x0, 0x0,
    0x2a, 0x80, 0x3, 0x50, 0x0, 0x0, 0x0, 0x0,
    0x0, 0x0, 0x0, 0x0, 0x0,

    /* U+5973 "女" */
    0x0, 0x0, 0x0, 0x0, 0x12, 0x0, 0x0, 0x0,
    0x0, 0x0, 0x0, 0x0, 0x0, 0x0, 0x0, 0x6f,
    0xd1, 0x0, 0x0, 0x0, 0x0, 0x0, 0x0, 0x0,
    0x0, 0x0, 0x9f, 0xa0, 0x0, 0x0, 0x0, 0x0,
    0x0, 0x0, 0x0, 0x0, 0x0, 0xdf, 0x30, 0x0,
    0x0, 0x0, 0x0, 0x0, 0x0, 0x0, 0x0, 0x2,
    0xfd, 0x0, 0x0, 0x0, 0x0, 0x0, 0x0, 0x0,
    0x0, 0x0, 0x8, 0xf8, 0x0, 0x0, 0x0, 0x0,
    0x0, 0x0, 0x1, 0x10, 0x0, 0xd, 0xf2, 0x0,
    0x0, 0x0, 0x0, 0x0, 0x10, 0x1f, 0xff, 0xff,
    0xff, 0xff, 0xff, 0xff, 0xff, 0xff, 0xff, 0xf7,
    0xa, 0x99, 0x99, 0xcf, 0xc9, 0x99, 0x99, 0x9f,
    0xfa, 0x99, 0x94, 0x0, 0x0, 0x0, 0xcf, 0x30,
    0x0, 0x0, 0xf, 0xf1, 0x0, 0x0, 0x0, 0x0,
    0x2, 0xfc, 0x0, 0x0, 0x0, 0x4f, 0xc0, 0x0,
    0x0, 0x0, 0x0, 0x9, 0xf5, 0x0, 0x0, 0x0,
    0x9f, 0x60, 0x0, 0x0, 0x0, 0x0, 0x1f, 0xe0,
    0x0, 0x0, 0x0, 0xef, 0x10, 0x0, 0x0, 0x0,
    0x0, 0x8f, 0xd4, 0x0, 0x0, 0x6, 0xfa, 0x0,
    0x0, 0x0, 0x0, 0x0, 0x6d, 0xff, 0xd6, 0x0,
    0xd, 0xf2, 0x0, 0x0, 0x0, 0x0, 0x0, 0x0,
    0x39, 0xff, 0xf9, 0x8f, 0xa0, 0x0, 0x0, 0x0,
    0x0, 0x0, 0x0, 0x0, 0x17, 0xef, 0xff, 0x50,
    0x0, 0x0, 0x0, 0x0, 0x0, 0x0, 0x0, 0x0,
    0x4f, 0xff, 0xfc, 0x40, 0x0, 0x0, 0x0, 0x0,
    0x0, 0x0, 0x18, 0xff, 0x75, 0xcf, 0xfc, 0x40,
    0x0, 0x0, 0x0, 0x0, 0x39, 0xff, 0xd4, 0x0,
    0x5, 0xdf, 0xfb, 0x30, 0x1, 0x58, 0xbf, 0xff,
    0xd6, 0x0, 0x0, 0x0, 0x6, 0xff, 0xd0, 0x0,
    0xcf, 0xfd, 0x93, 0x0, 0x0, 0x0, 0x0, 0x0,
    0x1b, 0x40, 0x0, 0x24, 0x10, 0x0, 0x0, 0x0,
    0x0, 0x0, 0x0, 0x0, 0x0,

    /* U+5982 "如" */
    0x0, 0x0, 0x0, 0xa5, 0x0, 0x0, 0x0, 0x0,
    0x0, 0x0, 0x0, 0x0, 0x0, 0x2, 0xfd, 0x0,
    0x0, 0x0, 0x0, 0x0, 0x0, 0x0, 0x0, 0x0,
    0x6, 0xf7, 0x0, 0x0, 0x0, 0x0, 0x0, 0x0,
    0x0, 0x0, 0x0, 0x9, 0xf3, 0x0, 0x0, 0x0,
    0x0, 0x0, 0x0, 0x0, 0x0, 0x0, 0xd, 0xf0,
    0x0, 0x0, 0x6, 0x99, 0x99, 0x99, 0x97, 0x8,
    0x98, 0x8f, 0xe8, 0x88, 0x83, 0xa, 0xff, 0xff,
    0xff, 0xfb, 0xd, 0xff, 0xff, 0xff, 0xff, 0xf4,
    0xa, 0xf1, 0x0, 0x1, 0xfb, 0x0, 0x0, 0x9f,
    0x40, 0x8, 0xf3, 0x9, 0xf1, 0x0, 0x1, 0xfb,
    0x0, 0x0, 0xdf, 0x0, 0xb, 0xf1, 0x9, 0xf1,
    0x0, 0x1, 0xfb, 0x0, 0x2, 0xfa, 0x0, 0xd,
    0xf0, 0x9, 0xf1, 0x0, 0x1, 0xfb, 0x0, 0x7,
    0xf5, 0x0, 0xf, 0xc0, 0x9, 0xf1, 0x0, 0x1,
    0xfb, 0x0, 0xd, 0xf0, 0x0, 0x2f, 0x90, 0x9,
    0xf1, 0x0, 0x1, 0xfb, 0x0, 0x3f, 0xb0, 0x0,
    0x6f, 0x50, 0x9, 0xf1, 0x0, 0x1, 0xfb, 0x0,
    0x9f, 0xd5, 0x0, 0xbf, 0x10, 0x9, 0xf1, 0x0,
    0x1, 0xfb, 0x0, 0x18, 0xff, 0xd6, 0xfb, 0x0,
    0x9, 0xf1, 0x0, 0x1, 0xfb, 0x0, 0x0, 0x18,
    0xff, 0xf8, 0x0, 0x9, 0xf1, 0x0, 0x1, 0xfb,
    0x0, 0x0, 0x0, 0x6f, 0xff, 0xa1, 0x9, 0xf9,
    0x88, 0x89, 0xfb, 0x0, 0x0, 0x5, 0xff, 0x5c,
    0xfe, 0x49, 0xff, 0xff, 0xff, 0xfb, 0x0, 0x0,
    0x8f, 0xf3, 0x0, 0x9f, 0x2a, 0xf1, 0x0, 0x1,
    0xfb, 0x0, 0x4d, 0xfe, 0x20, 0x0, 0x2, 0xa,
    0xf1, 0x0, 0x1, 0xfc, 0x1c, 0xff, 0xa1, 0x0,
    0x0, 0x0, 0xa, 0xf1, 0x0, 0x0, 0xc9, 0x4,
    0xd5, 0x0, 0x0, 0x0, 0x0, 0x5, 0x80, 0x0,
    0x0, 0x0, 0x0, 0x0, 0x0, 0x0, 0x0, 0x0,
    0x0, 0x0, 0x0, 0x0, 0x0,

    /* U+5987 "妇" */
    0x0, 0x0, 0x3, 0x95, 0x0, 0x0, 0x0, 0x0,
    0x0, 0x0, 0x0, 0x0, 0x0, 0x5, 0xfa, 0x0,
    0x0, 0x0, 0x0, 0x0, 0x0, 0x0, 0x0, 0x0,
    0x8, 0xf6, 0x0, 0x1, 0xa9, 0x99, 0x99, 0x99,
    0x97, 0x0, 0x0, 0xa, 0xf2, 0x0, 0x3, 0xff,
    0xff, 0xff, 0xff, 0xfd, 0x0, 0x0, 0xd, 0xe0,
    0x0, 0x0, 0x32, 0x22, 0x22, 0x22, 0xfc, 0x0,
    0xba, 0xaf, 0xea, 0xaa, 0x80, 0x0, 0x0, 0x0,
    0x0, 0xfc, 0x0, 0xff, 0xff, 0xff, 0xff, 0xc0,
    0x0, 0x0, 0x0, 0x0, 0xfc, 0x0, 0x10, 0x7f,
    0x50, 0x1f, 0xa0, 0x0, 0x0, 0x0, 0x0, 0xfc,
    0x0, 0x0, 0x9f, 0x10, 0x3f, 0x80, 0x0, 0x0,
    0x0, 0x0, 0xfc, 0x0, 0x0, 0xdd, 0x0, 0x5f,
    0x60, 0x11, 0x10, 0x0, 0x1, 0xfc, 0x0, 0x1,
    0xf9, 0x0, 0x8f, 0x30, 0xbf, 0xff, 0xff, 0xff,
    0xfc, 0x0, 0x5, 0xf5, 0x0, 0xbf, 0x0, 0x8b,
    0xaa, 0xaa, 0xaa, 0xfc, 0x0, 0xa, 0xf1, 0x0,
    0xfb, 0x0, 0x0, 0x0, 0x0, 0x0, 0xfc, 0x0,
    0x9, 0xfb, 0x14, 0xf6, 0x0, 0x0, 0x0, 0x0,
    0x0, 0xfc, 0x0, 0x0, 0x7f, 0xdb, 0xf1, 0x0,
    0x0, 0x0, 0x0, 0x0, 0xfc, 0x0, 0x0, 0x4,
    0xff, 0xc0, 0x0, 0x0, 0x0, 0x0, 0x0, 0xfc,
    0x0, 0x0, 0x1, 0xef, 0xf5, 0x0, 0x0, 0x0,
    0x0, 0x0, 0xfc, 0x0, 0x0, 0xc, 0xf8, 0xff,
    0x42, 0xbb, 0xaa, 0xaa, 0xaa, 0xfc, 0x0, 0x1,
    0xdf, 0xa0, 0x6f, 0xc3, 0xff, 0xff, 0xff, 0xff,
    0xfc, 0x0, 0x5e, 0xfb, 0x0, 0x8, 0x10, 0x11,
    0x0, 0x0, 0x0, 0xfc, 0xc, 0xff, 0x90, 0x0,
    0x0, 0x0, 0x0, 0x0, 0x0, 0x0, 0xfd, 0x3,
    0xe6, 0x0, 0x0, 0x0, 0x0, 0x0, 0x0, 0x0,
    0x0, 0x54, 0x0, 0x0, 0x0, 0x0, 0x0, 0x0,
    0x0, 0x0, 0x0, 0x0, 0x0,

    /* U+5B57 "字" */
    0x0, 0x0, 0x0, 0x0, 0x4, 0x0, 0x0, 0x0,
    0x0, 0x0, 0x0, 0x0, 0x0, 0x0, 0x0, 0x7f,
    0x90, 0x0, 0x0, 0x0, 0x0, 0x0, 0x0, 0x0,
    0x0, 0x0, 0x1d, 0xf4, 0x0, 0x0, 0x0, 0x0,
    0x0, 0x6, 0x88, 0x88, 0x88, 0x8b, 0xfe, 0x88,
    0x88, 0x88, 0x88, 0x60, 0xb, 0xff, 0xff, 0xff,
    0xff, 0xff, 0xff, 0xff, 0xff, 0xff, 0xb0, 0xb,
    0xf1, 0x0, 0x0, 0x0, 0x0, 0x0, 0x0, 0x0,
    0x1f, 0xb0, 0xb, 0xf1, 0x0, 0x0, 0x0, 0x0,
    0x0, 0x0, 0x0, 0x1f, 0xb0, 0x6, 0x90, 0x78,
    0x88, 0x88, 0x88, 0x88, 0x88, 0x82, 0x7, 0x60,
    0x0, 0x0, 0xef, 0xff, 0xff, 0xff, 0xff, 0xff,
    0xf4, 0x0, 0x0, 0x0, 0x0, 0x11, 0x0, 0x0,
    0x0, 0x8, 0xff, 0x91, 0x0, 0x0, 0x0, 0x0,
    0x0, 0x0, 0x0, 0x2, 0xcf, 0xc3, 0x0, 0x0,
    0x0, 0x0, 0x0, 0x0, 0x0, 0x0, 0x8f, 0xf7,
    0x0, 0x0, 0x0, 0x0, 0x0, 0x0, 0x0, 0x0,
    0x2, 0xff, 0x30, 0x0, 0x0, 0x0, 0x0, 0x19,
    0x98, 0x88, 0x88, 0x89, 0xff, 0x88, 0x88, 0x88,
    0x88, 0x96, 0x2f, 0xff, 0xff, 0xff, 0xff, 0xff,
    0xff, 0xff, 0xff, 0xff, 0xfb, 0x1, 0x10, 0x0,
    0x0, 0x0, 0xff, 0x0, 0x0, 0x0, 0x1, 0x22,
    0x0, 0x0, 0x0, 0x0, 0x0, 0xff, 0x0, 0x0,
    0x0, 0x0, 0x0, 0x0, 0x0, 0x0, 0x0, 0x0,
    0xff, 0x0, 0x0, 0x0, 0x0, 0x0, 0x0, 0x0,
    0x0, 0x0, 0x0, 0xff, 0x0, 0x0, 0x0, 0x0,
    0x0, 0x0, 0x0, 0x0, 0x0, 0x1, 0xff, 0x0,
    0x0, 0x0, 0x0, 0x0, 0x0, 0x0, 0x0, 0xb,
    0xbd, 0xfd, 0x0, 0x0, 0x0, 0x0, 0x0, 0x0,
    0x0, 0x0, 0xc, 0xff, 0xf6, 0x0, 0x0, 0x0,
    0x0, 0x0, 0x0, 0x0, 0x0, 0x4, 0x53, 0x0,
    0x0, 0x0, 0x0, 0x0, 0x0,

    /* U+5B58 "存" */
    0x0, 0x0, 0x0, 0x0, 0xd, 0x82, 0x0, 0x0,
    0x0, 0x0, 0x0, 0x0, 0x0, 0x0, 0x0, 0x4f,
    0xe1, 0x0, 0x0, 0x0, 0x0, 0x0, 0x0, 0x0,
    0x0, 0x0, 0xaf, 0x70, 0x0, 0x0, 0x0, 0x0,
    0x0, 0x3, 0xba, 0xaa, 0xaa, 0xff, 0xaa, 0xaa,
    0xaa, 0xaa, 0xaa, 0xa0, 0x4, 0xff, 0xff, 0xff,
    0xff, 0xff, 0xff, 0xff, 0xff, 0xff, 0xe0, 0x0,
    0x0, 0x0, 0xd, 0xf1, 0x0, 0x0, 0x0, 0x0,
    0x0, 0x0, 0x0, 0x0, 0x0, 0x6f, 0x80, 0x0,
    0x0, 0x0, 0x0, 0x0, 0x0, 0x0, 0x0, 0x1,
    0xfe, 0x0, 0x0, 0x0, 0x0, 0x0, 0x0, 0x0,
    0x0, 0x0, 0x8e, 0xf5, 0xc, 0xcb, 0xbb, 0xbb,
    0xbb, 0xbb, 0x20, 0x0, 0x0, 0xaf, 0xb0, 0xe,
    0xed, 0xdd, 0xdd, 0xdf, 0xff, 0x40, 0x0, 0x4,
    0xff, 0x20, 0x0, 0x0, 0x0, 0x0, 0x8f, 0xf8,
    0x0, 0x0, 0x3f, 0xff, 0x10, 0x0, 0x0, 0x0,
    0x3c, 0xfb, 0x20, 0x0, 0x4, 0xff, 0xdf, 0x10,
    0x0, 0x0, 0x0, 0xff, 0x60, 0x0, 0x0, 0x4f,
    0xf6, 0x9f, 0x11, 0x11, 0x0, 0x0, 0xfe, 0x0,
    0x1, 0x11, 0x1b, 0x70, 0x9f, 0x19, 0xff, 0xff,
    0xff, 0xff, 0xff, 0xff, 0xfb, 0x0, 0x0, 0x9f,
    0x15, 0x99, 0x88, 0x88, 0xff, 0x88, 0x89, 0x96,
    0x0, 0x0, 0x9f, 0x10, 0x0, 0x0, 0x0, 0xee,
    0x0, 0x0, 0x0, 0x0, 0x0, 0x9f, 0x10, 0x0,
    0x0, 0x0, 0xee, 0x0, 0x0, 0x0, 0x0, 0x0,
    0x9f, 0x10, 0x0, 0x0, 0x0, 0xee, 0x0, 0x0,
    0x0, 0x0, 0x0, 0x9f, 0x10, 0x0, 0x0, 0x2,
    0xfe, 0x0, 0x0, 0x0, 0x0, 0x0, 0x9f, 0x20,
    0x0, 0x5, 0xff, 0xfc, 0x0, 0x0, 0x0, 0x0,
    0x0, 0xaf, 0x20, 0x0, 0x0, 0xfd, 0x92, 0x0,
    0x0, 0x0,

    /* U+5B81 "宁" */
    0x0, 0x0, 0x0, 0x0, 0x0, 0x71, 0x0, 0x0,
    0x0, 0x0, 0x0, 0x0, 0x0, 0x0, 0x0, 0xb,
    0xfa, 0x0, 0x0, 0x0, 0x0, 0x0, 0x0, 0x0,
    0x0, 0x0, 0x2, 0xff, 0x30, 0x0, 0x0, 0x0,
    0x0, 0x0, 0x0, 0x0, 0x0, 0x0, 0xac, 0x40,
    0x0, 0x0, 0x0, 0x0, 0x1f, 0xff, 0xff, 0xff,
    0xff, 0xff, 0xff, 0xff, 0xff, 0xff, 0xf3, 0xf,
    0xfa, 0xaa, 0xaa, 0xaa, 0xaa, 0xaa, 0xaa, 0xaa,
    0xae, 0xf3, 0xf, 0xf2, 0x0, 0x0, 0x0, 0x0,
    0x0, 0x0, 0x0, 0xc, 0xf2, 0x1f, 0xf2, 0x0,
    0x0, 0x0, 0x0, 0x0, 0x0, 0x0, 0xc, 0xf3,
    0x4, 0x40, 0x0, 0x0, 0x0, 0x0, 0x0, 0x0,
    0x0, 0x5, 0x71, 0x2, 0x11, 0x0, 0x0, 0x0,
    0x0, 0x0, 0x0, 0x0, 0x1, 0x10, 0xf, 0xff,
    0xff, 0xff, 0xff, 0xff, 0xff, 0xff, 0xff, 0xff,
    0xf1, 0x9, 0x98, 0x88, 0x88, 0x88, 0xff, 0x98,
    0x88, 0x88, 0x99, 0x90, 0x0, 0x0, 0x0, 0x0,
    0x0, 0xef, 0x10, 0x0, 0x0, 0x0, 0x0, 0x0,
    0x0, 0x0, 0x0, 0x0, 0xef, 0x10, 0x0, 0x0,
    0x0, 0x0, 0x0, 0x0, 0x0, 0x0, 0x0, 0xef,
    0x10, 0x0, 0x0, 0x0, 0x0, 0x0, 0x0, 0x0,
    0x0, 0x0, 0xef, 0x10, 0x0, 0x0, 0x0, 0x0,
    0x0, 0x0, 0x0, 0x0, 0x0, 0xef, 0x10, 0x0,
    0x0, 0x0, 0x0, 0x0, 0x0, 0x0, 0x0, 0x0,
    0xef, 0x10, 0x0, 0x0, 0x0, 0x0, 0x0, 0x0,
    0x0, 0x0, 0x0, 0xef, 0x10, 0x0, 0x0, 0x0,
    0x0, 0x0, 0x0, 0x0, 0x0, 0x0, 0xef, 0x10,
    0x0, 0x0, 0x0, 0x0, 0x0, 0x0, 0x0, 0x7,
    0xbd, 0xff, 0x0, 0x0, 0x0, 0x0, 0x0, 0x0,
    0x0, 0x0, 0x5, 0xff, 0xf9, 0x0, 0x0, 0x0,
    0x0, 0x0, 0x0, 0x0, 0x0, 0x0, 0x42, 0x0,
    0x0, 0x0, 0x0, 0x0, 0x0,

    /* U+5B8C "完" */
    0x0, 0x0, 0x0, 0x0, 0x3, 0x90, 0x0, 0x0,
    0x0, 0x0, 0x0, 0x0, 0x0, 0x0, 0x0, 0xd,
    0xf6, 0x0, 0x0, 0x0, 0x0, 0x0, 0x0, 0x0,
    0x0, 0x0, 0x4, 0xfe, 0x0, 0x0, 0x0, 0x0,
    0x0, 0x1f, 0xff, 0xff, 0xff, 0xff, 0xff, 0xff,
    0xff, 0xff, 0xff, 0xf2, 0x1f, 0xfa, 0xaa, 0xaa,
    0xaa, 0xaa, 0xaa, 0xaa, 0xaa, 0xae, 0xf2, 0xf,
    0xf0, 0x0, 0x0, 0x0, 0x0, 0x0, 0x0, 0x0,
    0xc, 0xf1, 0x1f, 0xf0, 0x0, 0x0, 0x0, 0x0,
    0x0, 0x0, 0x0, 0xc, 0xf2, 0x18, 0x80, 0x6c,
    0xcb, 0xbb, 0xbb, 0xbb, 0xcc, 0xc0, 0x6, 0x81,
    0x0, 0x0, 0x7f, 0xff, 0xff, 0xff, 0xff, 0xff,
    0xf1, 0x0, 0x0, 0x0, 0x0, 0x0, 0x0, 0x0,
    0x0, 0x0, 0x0, 0x0, 0x0, 0x0, 0x0, 0x0,
    0x0, 0x0, 0x0, 0x0, 0x0, 0x0, 0x0, 0x0,
    0x0, 0x5b, 0xaa, 0xaa, 0xaa, 0xaa, 0xaa, 0xaa,
    0xaa, 0xaa, 0xaa, 0xb6, 0x8f, 0xff, 0xff, 0xff,
    0xff, 0xff, 0xff, 0xff, 0xff, 0xff, 0xf8, 0x0,
    0x0, 0x0, 0x1f, 0xf0, 0x0, 0xdf, 0x20, 0x0,
    0x0, 0x0, 0x0, 0x0, 0x0, 0x4f, 0xd0, 0x0,
    0xdf, 0x20, 0x0, 0x0, 0x0, 0x0, 0x0, 0x0,
    0x7f, 0xa0, 0x0, 0xdf, 0x20, 0x0, 0x0, 0x0,
    0x0, 0x0, 0x0, 0xbf, 0x60, 0x0, 0xdf, 0x20,
    0x0, 0x0, 0x0, 0x0, 0x0, 0x3, 0xff, 0x10,
    0x0, 0xdf, 0x20, 0x0, 0x2, 0x0, 0x0, 0x0,
    0x1d, 0xf9, 0x0, 0x0, 0xdf, 0x20, 0x0, 0xa,
    0xd4, 0x0, 0x3, 0xef, 0xc0, 0x0, 0x0, 0xdf,
    0x30, 0x0, 0xe, 0xf5, 0x3, 0xbf, 0xfc, 0x10,
    0x0, 0x0, 0xcf, 0xeb, 0xbb, 0xef, 0xe0, 0x8f,
    0xff, 0x70, 0x0, 0x0, 0x0, 0x4d, 0xff, 0xff,
    0xfd, 0x30, 0x9, 0x92, 0x0, 0x0, 0x0, 0x0,
    0x0, 0x0, 0x0, 0x0, 0x0,

    /* U+5B9A "定" */
    0x0, 0x0, 0x0, 0x0, 0x0, 0x18, 0x50, 0x0,
    0x0, 0x0, 0x0, 0x0, 0x0, 0x0, 0x0, 0x0,
    0x0, 0x5f, 0xf1, 0x0, 0x0, 0x0, 0x0, 0x0,
    0x0, 0x0, 0x0, 0x0, 0x0, 0xa, 0xfa, 0x0,
    0x0, 0x0, 0x0, 0x0, 0x0, 0x0, 0x0, 0x0,
    0x0, 0x2, 0xa2, 0x0, 0x0, 0x0, 0x0, 0x0,
    0x0, 0x2f, 0xff, 0xff, 0xff, 0xff, 0xff, 0xff,
    0xff, 0xff, 0xfd, 0x0, 0x0, 0x1f, 0xe7, 0x77,
    0x77, 0x77, 0x77, 0x77, 0x77, 0x78, 0xfc, 0x0,
    0x0, 0x1f, 0xc0, 0x0, 0x0, 0x0, 0x0, 0x0,
    0x0, 0x1, 0xfd, 0x0, 0x0, 0x1b, 0x90, 0x0,
    0x0, 0x0, 0x0, 0x0, 0x0, 0x0, 0xb9, 0x0,
    0x0, 0x0, 0x6, 0xcb, 0xbb, 0xbb, 0xbb, 0xbb,
    0xbc, 0xca, 0x0, 0x0, 0x0, 0x0, 0x8, 0xfe,
    0xee, 0xee, 0xff, 0xee, 0xee, 0xec, 0x0, 0x0,
    0x0, 0x0, 0x0, 0x0, 0x0, 0x2, 0xfb, 0x0,
    0x0, 0x0, 0x0, 0x0, 0x0, 0x0, 0x0, 0x20,
    0x0, 0x2, 0xfb, 0x0, 0x0, 0x0, 0x0, 0x0,
    0x0, 0x0, 0x1, 0xfc, 0x20, 0x2, 0xfb, 0x0,
    0x0, 0x0, 0x0, 0x0, 0x0, 0x0, 0x5, 0xfc,
    0x0, 0x2, 0xfe, 0x99, 0x99, 0x9a, 0x60, 0x0,
    0x0, 0x0, 0xa, 0xf5, 0x0, 0x2, 0xff, 0xff,
    0xff, 0xff, 0x90, 0x0, 0x0, 0x0, 0x1f, 0xf1,
    0x0, 0x2, 0xfb, 0x0, 0x0, 0x0, 0x0, 0x0,
    0x0, 0x0, 0x7f, 0xfb, 0x0, 0x2, 0xfb, 0x0,
    0x0, 0x0, 0x0, 0x0, 0x0, 0x0, 0xef, 0xcf,
    0xb0, 0x2, 0xfb, 0x0, 0x0, 0x0, 0x0, 0x0,
    0x0, 0x9, 0xf9, 0xc, 0xfd, 0x42, 0xfb, 0x0,
    0x0, 0x0, 0x0, 0x0, 0x0, 0x6f, 0xe1, 0x0,
    0xbf, 0xfd, 0xfc, 0x21, 0x0, 0x1, 0x23, 0x40,
    0x6, 0xff, 0x50, 0x0, 0x6, 0xef, 0xff, 0xff,
    0xff, 0xff, 0xff, 0x90, 0x8, 0xf8, 0x0, 0x0,
    0x0, 0x5, 0x9c, 0xef, 0xff, 0xff, 0xff, 0x30,
    0x0, 0x30, 0x0, 0x0, 0x0, 0x0, 0x0, 0x0,
    0x0, 0x11, 0x11, 0x0,

    /* U+5B9E "实" */
    0x0, 0x0, 0x0, 0x0, 0x2, 0x84, 0x0, 0x0,
    0x0, 0x0, 0x0, 0x0, 0x0, 0x0, 0x0, 0x8,
    0xfc, 0x0, 0x0, 0x0, 0x0, 0x0, 0x0, 0x0,
    0x0, 0x0, 0x2, 0xff, 0x20, 0x0, 0x0, 0x0,
    0x0, 0x1, 0x77, 0x77, 0x77, 0x77, 0xff, 0xa7,
    0x77, 0x77, 0x77, 0x60, 0x3, 0xff, 0xff, 0xff,
    0xff, 0xff, 0xff, 0xff, 0xff, 0xff, 0xd0, 0x2,
    0xfc, 0x0, 0x0, 0x0, 0x0, 0x0, 0x0, 0x0,
    0x5f, 0xc0, 0x3, 0xfc, 0x0, 0x10, 0x0, 0x0,
    0x86, 0x10, 0x0, 0x5f, 0xc0, 0x3, 0xda, 0x2,
    0xf9, 0x10, 0x0, 0xdf, 0x60, 0x0, 0x3a, 0x90,
    0x0, 0x0, 0x3, 0xcf, 0xe6, 0x0, 0xdf, 0x30,
    0x0, 0x0, 0x0, 0x0, 0x1, 0x0, 0x6, 0xef,
    0x90, 0xdf, 0x10, 0x0, 0x0, 0x0, 0x0, 0xd,
    0xc3, 0x0, 0x1a, 0x10, 0xef, 0x0, 0x0, 0x0,
    0x0, 0x0, 0x1a, 0xff, 0x90, 0x0, 0x0, 0xfd,
    0x0, 0x0, 0x0, 0x0, 0x0, 0x0, 0x3d, 0xfa,
    0x0, 0x2, 0xfb, 0x0, 0x0, 0x0, 0x0, 0x0,
    0x0, 0x0, 0xa2, 0x0, 0x3, 0xf9, 0x0, 0x0,
    0x0, 0x0, 0x2c, 0xcb, 0xbb, 0xbb, 0xbb, 0xbd,
    0xfd, 0xbb, 0xbb, 0xbc, 0xc8, 0x2e, 0xee, 0xdd,
    0xdd, 0xdd, 0xdf, 0xfd, 0xdd, 0xdd, 0xde, 0xe9,
    0x0, 0x0, 0x0, 0x0, 0x0, 0x6f, 0x90, 0x0,
    0x0, 0x0, 0x0, 0x0, 0x0, 0x0, 0x0, 0x5,
    0xfe, 0x15, 0xc4, 0x0, 0x0, 0x0, 0x0, 0x0,
    0x0, 0x1, 0x9f, 0xe2, 0xd, 0xff, 0xb3, 0x0,
    0x0, 0x0, 0x0, 0x4, 0x9f, 0xfc, 0x20, 0x0,
    0x5d, 0xff, 0xa2, 0x0, 0x3, 0x7a, 0xef, 0xfe,
    0x70, 0x0, 0x0, 0x0, 0x5e, 0xff, 0x91, 0x3,
    0xef, 0xfb, 0x50, 0x0, 0x0, 0x0, 0x0, 0x0,
    0x8f, 0xd1, 0x0, 0x45, 0x10, 0x0, 0x0, 0x0,
    0x0, 0x0, 0x0, 0x3, 0x10,

    /* U+5BB5 "宵" */
    0x0, 0x0, 0x0, 0x0, 0x4, 0xa2, 0x0, 0x0,
    0x0, 0x0, 0x0, 0x0, 0x0, 0x0, 0x0, 0x9,
    0xfa, 0x0, 0x0, 0x0, 0x0, 0x0, 0x0, 0x0,
    0x0, 0x0, 0x2, 0xff, 0x10, 0x0, 0x0, 0x0,
    0x0, 0xf, 0xff, 0xff, 0xff, 0xff, 0xff, 0xff,
    0xff, 0xff, 0xff, 0xf1, 0xf, 0xf7, 0x77, 0x77,
    0x77, 0x77, 0x77, 0x77, 0x77, 0x7f, 0xf0, 0xf,
    0xf0, 0x0, 0x0, 0x1, 0x88, 0x0, 0x0, 0x0,
    0xf, 0xf0, 0xf, 0xf0, 0x8b, 0x10, 0x1, 0xff,
    0x0, 0x1, 0xc4, 0xf, 0xf1, 0x7, 0x71, 0xdf,
    0xe4, 0x0, 0xff, 0x0, 0x2d, 0xfd, 0x0, 0x0,
    0x0, 0x0, 0x7, 0xfe, 0x10, 0xff, 0x1, 0xef,
    0x90, 0x0, 0x0, 0x0, 0x0, 0x0, 0x41, 0x0,
    0xff, 0x0, 0x46, 0x0, 0x0, 0x0, 0x0, 0xe,
    0xff, 0xff, 0xff, 0xff, 0xff, 0xff, 0xff, 0xf2,
    0x0, 0x0, 0xe, 0xf8, 0x88, 0x88, 0x88, 0x88,
    0x88, 0x8e, 0xf1, 0x0, 0x0, 0xe, 0xf0, 0x0,
    0x0, 0x0, 0x0, 0x0, 0xd, 0xf1, 0x0, 0x0,
    0xe, 0xf8, 0x88, 0x88, 0x88, 0x88, 0x88, 0x8e,
    0xf1, 0x0, 0x0, 0xe, 0xff, 0xff, 0xff, 0xff,
    0xff, 0xff, 0xff, 0xf1, 0x0, 0x0, 0xe, 0xf0,
    0x0, 0x0, 0x0, 0x0, 0x0, 0xd, 0xf1, 0x0,
    0x0, 0xe, 0xf1, 0x11, 0x11, 0x11, 0x11, 0x11,
    0x1d, 0xf1, 0x0, 0x0, 0xe, 0xff, 0xff, 0xff,
    0xff, 0xff, 0xff, 0xff, 0xf1, 0x0, 0x0, 0xe,
    0xf8, 0x88, 0x88, 0x88, 0x88, 0x88, 0x8e, 0xf1,
    0x0, 0x0, 0xe, 0xf0, 0x0, 0x0, 0x0, 0x0,
    0x0, 0xd, 0xf0, 0x0, 0x0, 0xe, 0xf0, 0x0,
    0x0, 0x0, 0x0, 0x6c, 0xdf, 0xf0, 0x0, 0x0,
    0xf, 0xf0, 0x0, 0x0, 0x0, 0x0, 0x1f, 0xea,
    0x40, 0x0, 0x0, 0x0, 0x0, 0x0, 0x0, 0x0,
    0x0, 0x0, 0x0, 0x0, 0x0,

    /* U+5BB9 "容" */
    0x0, 0x0, 0x0, 0x0, 0x1, 0x84, 0x0, 0x0,
    0x0, 0x0, 0x0, 0x0, 0x0, 0x0, 0x0, 0x0,
    0x7f, 0xe1, 0x0, 0x0, 0x0, 0x0, 0x0, 0x0,
    0x0, 0x0, 0x0, 0x0, 0xcf, 0x80, 0x0, 0x0,
    0x0, 0x0, 0x0, 0x5, 0x55, 0x55, 0x55, 0x57,
    0x95, 0x55, 0x55, 0x55, 0x53, 0x0, 0x2, 0xff,
    0xff, 0xff, 0xff, 0xff, 0xff, 0xff, 0xff, 0xff,
    0xc0, 0x0, 0x1f, 0xb0, 0x0, 0x0, 0x0, 0x0,
    0x0, 0x0, 0x1, 0xfb, 0x0, 0x2, 0xfb, 0x0,
    0x7, 0x40, 0x0, 0x1, 0xb5, 0x0, 0x1f, 0xc0,
    0x0, 0x5, 0x30, 0x1a, 0xfd, 0x0, 0x10, 0x4e,
    0xfc, 0x30, 0x43, 0x0, 0x0, 0x1, 0x8f, 0xfa,
    0x10, 0x5f, 0x60, 0x19, 0xff, 0x91, 0x0, 0x0,
    0x7, 0xff, 0xc3, 0x0, 0x2e, 0xf3, 0x0, 0x3,
    0xdf, 0xc0, 0x0, 0x0, 0x1b, 0x50, 0x0, 0x1d,
    0xff, 0xb1, 0x0, 0x0, 0x82, 0x0, 0x0, 0x0,
    0x0, 0x0, 0x3e, 0xf4, 0x6f, 0xe4, 0x0, 0x0,
    0x0, 0x0, 0x0, 0x0, 0x0, 0x7f, 0xe3, 0x0,
    0x3e, 0xfa, 0x20, 0x0, 0x0, 0x0, 0x0, 0x4,
    0xcf, 0xa1, 0x0, 0x0, 0x19, 0xff, 0xb5, 0x0,
    0x0, 0x1, 0x6c, 0xff, 0x84, 0x44, 0x44, 0x44,
    0x46, 0xdf, 0xff, 0xb7, 0x9, 0xff, 0xf8, 0xdf,
    0xff, 0xff, 0xff, 0xff, 0xff, 0xb9, 0xff, 0x60,
    0x1c, 0x60, 0xc, 0xe2, 0x22, 0x22, 0x22, 0x23,
    0xf9, 0x0, 0x40, 0x0, 0x0, 0x0, 0xce, 0x0,
    0x0, 0x0, 0x0, 0x1f, 0x90, 0x0, 0x0, 0x0,
    0x0, 0xc, 0xe0, 0x0, 0x0, 0x0, 0x1, 0xf9,
    0x0, 0x0, 0x0, 0x0, 0x0, 0xcf, 0x77, 0x77,
    0x77, 0x77, 0x7f, 0xa0, 0x0, 0x0, 0x0, 0x0,
    0xc, 0xff, 0xff, 0xff, 0xff, 0xff, 0xfa, 0x0,
    0x0, 0x0, 0x0, 0x0, 0xde, 0x0, 0x0, 0x0,
    0x0, 0x1f, 0xa0, 0x0, 0x0,

    /* U+5BC6 "密" */
    0x0, 0x0, 0x0, 0x0, 0x0, 0x4, 0x20, 0x0,
    0x0, 0x0, 0x0, 0x0, 0x0, 0x0, 0x0, 0x0,
    0xb, 0xf9, 0x0, 0x0, 0x0, 0x0, 0x0, 0x0,
    0x0, 0x0, 0x0, 0x0, 0x6f, 0xe0, 0x0, 0x0,
    0x0, 0x0, 0x0, 0xf, 0xff, 0xff, 0xff, 0xff,
    0xff, 0xff, 0xff, 0xff, 0xff, 0xb0, 0x0, 0xef,
    0x98, 0x88, 0x88, 0xa9, 0x88, 0x88, 0x88, 0x8a,
    0xfb, 0x0, 0xe, 0xf1, 0x0, 0x0, 0x4f, 0xc0,
    0x0, 0x0, 0x0, 0x4f, 0xb0, 0x0, 0xbc, 0x10,
    0x0, 0x1, 0xbf, 0xc1, 0xa, 0x70, 0x3, 0xb8,
    0x0, 0x0, 0x2a, 0x50, 0xbc, 0x20, 0xc9, 0x8,
    0xff, 0x50, 0x31, 0x0, 0x0, 0x8, 0xf9, 0xd,
    0xf2, 0x0, 0xa, 0xfd, 0x30, 0x6f, 0xc0, 0x0,
    0x0, 0xef, 0x30, 0xdf, 0x20, 0x3d, 0xf9, 0x0,
    0x0, 0xdf, 0x80, 0x0, 0x6f, 0xc0, 0xd, 0xf3,
    0x9f, 0xe4, 0x0, 0x45, 0x2, 0xff, 0x20, 0x0,
    0x43, 0x0, 0xdf, 0xff, 0x81, 0x0, 0xa, 0xfa,
    0x5, 0x30, 0x0, 0x0, 0x5, 0xaf, 0xff, 0xca,
    0xaa, 0xac, 0xff, 0x30, 0x0, 0x0, 0x68, 0xcf,
    0xff, 0xce, 0xff, 0xff, 0xff, 0xfd, 0x60, 0x0,
    0x0, 0xa, 0xff, 0xc7, 0x20, 0x0, 0x2, 0x20,
    0x0, 0x0, 0x0, 0x0, 0x0, 0x26, 0x12, 0x30,
    0x0, 0x0, 0xef, 0x20, 0x0, 0x6, 0x81, 0x0,
    0x0, 0x0, 0xbf, 0x30, 0x0, 0xd, 0xf1, 0x0,
    0x0, 0xdf, 0x20, 0x0, 0x0, 0xa, 0xf2, 0x0,
    0x0, 0xcf, 0x10, 0x0, 0xc, 0xf1, 0x0, 0x0,
    0x0, 0xaf, 0x20, 0x0, 0xc, 0xf1, 0x0, 0x0,
    0xcf, 0x10, 0x0, 0x0, 0xa, 0xf2, 0x0, 0x0,
    0xcf, 0x10, 0x0, 0xc, 0xf1, 0x0, 0x0, 0x0,
    0xaf, 0xff, 0xff, 0xff, 0xff, 0xff, 0xff, 0xff,
    0x10, 0x0, 0x0, 0x5, 0x88, 0x88, 0x88, 0x88,
    0x88, 0x88, 0x8e, 0xf2, 0x0,

    /* U+5C06 "将" */
    0x0, 0x0, 0x0, 0x0, 0x0, 0x0, 0x0, 0x0,
    0x0, 0x0, 0x0, 0x0, 0x0, 0x0, 0x4, 0x30,
    0x0, 0x0, 0xcb, 0x40, 0x0, 0x0, 0x0, 0x0,
    0x0, 0x2, 0xfc, 0x0, 0x0, 0x4f, 0xf2, 0x0,
    0x0, 0x0, 0x0, 0x0, 0x0, 0x1f, 0xb0, 0x0,
    0xc, 0xf9, 0x0, 0x0, 0x0, 0x0, 0x0, 0x0,
    0x1, 0xfb, 0x0, 0x6, 0xff, 0xff, 0xff, 0xff,
    0xff, 0x30, 0x5e, 0x20, 0x1f, 0xb0, 0x3, 0xff,
    0x87, 0x77, 0x77, 0xcf, 0xa0, 0xa, 0xfd, 0x11,
    0xfb, 0x3, 0xef, 0x70, 0x0, 0x0, 0x2f, 0xe1,
    0x0, 0xd, 0xfb, 0x1f, 0xb0, 0xcf, 0x80, 0x7e,
    0x30, 0x1d, 0xf4, 0x0, 0x0, 0x2f, 0xf8, 0xfb,
    0x0, 0x50, 0x5, 0xff, 0x5d, 0xf7, 0x0, 0x0,
    0x0, 0x6c, 0x3f, 0xb0, 0x0, 0x0, 0x6, 0xff,
    0xf5, 0x0, 0x0, 0x0, 0x0, 0x1, 0xfb, 0x0,
    0x2, 0x6b, 0xff, 0xc3, 0x55, 0x0, 0x0, 0x0,
    0x0, 0x2f, 0xb0, 0x1d, 0xff, 0xfc, 0x50, 0xf,
    0xe0, 0x0, 0x0, 0x0, 0xb, 0xfb, 0x0, 0x4d,
    0x72, 0x0, 0x0, 0xfe, 0x0, 0x0, 0x0, 0x8,
    0xff, 0xb0, 0x8b, 0xaa, 0xaa, 0xaa, 0xaf, 0xfa,
    0xab, 0x0, 0x7, 0xfe, 0xfb, 0xb, 0xff, 0xff,
    0xff, 0xff, 0xff, 0xff, 0xf0, 0x7, 0xfe, 0x3f,
    0xb0, 0x0, 0x3, 0x0, 0x0, 0xf, 0xe0, 0x0,
    0x9, 0xff, 0x31, 0xfb, 0x0, 0x5, 0xf8, 0x0,
    0x0, 0xfe, 0x0, 0x0, 0x5f, 0x40, 0x1f, 0xb0,
    0x0, 0x1e, 0xf3, 0x0, 0xf, 0xe0, 0x0, 0x0,
    0x10, 0x1, 0xfb, 0x0, 0x0, 0x6f, 0xc0, 0x0,
    0xfe, 0x0, 0x0, 0x0, 0x0, 0x1f, 0xb0, 0x0,
    0x0, 0xc5, 0x0, 0xf, 0xe0, 0x0, 0x0, 0x0,
    0x1, 0xfb, 0x0, 0x0, 0x0, 0x0, 0x13, 0xfe,
    0x0, 0x0, 0x0, 0x0, 0x1f, 0xb0, 0x0, 0x0,
    0x0, 0x1f, 0xff, 0xb0, 0x0, 0x0, 0x0, 0x2,
    0xfc, 0x0, 0x0, 0x0, 0x0, 0xcd, 0x91, 0x0,
    0x0, 0x0, 0x0, 0x0, 0x0, 0x0, 0x0, 0x0,
    0x0, 0x0, 0x0, 0x0,

    /* U+5C0F "小" */
    0x0, 0x0, 0x0, 0x0, 0x0, 0x45, 0x0, 0x0,
    0x0, 0x0, 0x0, 0x0, 0x0, 0x0, 0x0, 0x0,
    0xef, 0x10, 0x0, 0x0, 0x0, 0x0, 0x0, 0x0,
    0x0, 0x0, 0x0, 0xef, 0x0, 0x0, 0x0, 0x0,
    0x0, 0x0, 0x0, 0x0, 0x0, 0x0, 0xdf, 0x0,
    0x0, 0x0, 0x0, 0x0, 0x0, 0x0, 0x0, 0x0,
    0x0, 0xdf, 0x0, 0x0, 0x0, 0x0, 0x0, 0x0,
    0x0, 0x0, 0x0, 0x0, 0xdf, 0x0, 0x0, 0x0,
    0x0, 0x0, 0x0, 0x0, 0x21, 0x0, 0x0, 0xdf,
    0x0, 0x0, 0x30, 0x0, 0x0, 0x0, 0x0, 0x9f,
    0x80, 0x0, 0xdf, 0x0, 0xd, 0xf1, 0x0, 0x0,
    0x0, 0x0, 0xef, 0x50, 0x0, 0xdf, 0x0, 0x9,
    0xf9, 0x0, 0x0, 0x0, 0x3, 0xfe, 0x0, 0x0,
    0xdf, 0x0, 0x1, 0xff, 0x20, 0x0, 0x0, 0x8,
    0xf9, 0x0, 0x0, 0xdf, 0x0, 0x0, 0x8f, 0xa0,
    0x0, 0x0, 0xe, 0xf3, 0x0, 0x0, 0xdf, 0x0,
    0x0, 0x1f, 0xf3, 0x0, 0x0, 0x5f, 0xd0, 0x0,
    0x0, 0xdf, 0x0, 0x0, 0x8, 0xfa, 0x0, 0x0,
    0xbf, 0x70, 0x0, 0x0, 0xdf, 0x0, 0x0, 0x1,
    0xff, 0x20, 0x3, 0xff, 0x10, 0x0, 0x0, 0xdf,
    0x0, 0x0, 0x0, 0xaf, 0x90, 0xb, 0xfa, 0x0,
    0x0, 0x0, 0xdf, 0x0, 0x0, 0x0, 0x3f, 0xc0,
    0x7, 0xe3, 0x0, 0x0, 0x0, 0xdf, 0x0, 0x0,
    0x0, 0x4, 0x0, 0x0, 0x0, 0x0, 0x0, 0x0,
    0xdf, 0x0, 0x0, 0x0, 0x0, 0x0, 0x0, 0x0,
    0x0, 0x0, 0x0, 0xdf, 0x0, 0x0, 0x0, 0x0,
    0x0, 0x0, 0x0, 0x0, 0x0, 0x0, 0xff, 0x0,
    0x0, 0x0, 0x0, 0x0, 0x0, 0x0, 0x0, 0xa,
    0xef, 0xfd, 0x0, 0x0, 0x0, 0x0, 0x0, 0x0,
    0x0, 0x0, 0x4, 0xff, 0xc4, 0x0, 0x0, 0x0,
    0x0, 0x0, 0x0, 0x0, 0x0, 0x0, 0x30, 0x0,
    0x0, 0x0, 0x0, 0x0, 0x0,

    /* U+5C1A "尚" */
    0x0, 0x0, 0x0, 0x0, 0x1e, 0xc0, 0x0, 0x0,
    0x0, 0x0, 0x3, 0x60, 0x0, 0x0, 0x1f, 0xd0,
    0x0, 0x0, 0x1d, 0x70, 0xe, 0xf8, 0x0, 0x0,
    0x1f, 0xc0, 0x0, 0x0, 0xcf, 0xa0, 0x2, 0xef,
    0x90, 0x0, 0x1f, 0xc0, 0x0, 0xb, 0xfb, 0x0,
    0x0, 0x2e, 0xf9, 0x0, 0x1f, 0xc0, 0x0, 0xbf,
    0xc0, 0x0, 0x0, 0x4, 0xf7, 0x0, 0x1f, 0xc0,
    0xb, 0xfb, 0x0, 0x0, 0x0, 0x0, 0x20, 0x0,
    0x1f, 0xc0, 0x1, 0x81, 0x0, 0x0, 0xdf, 0xff,
    0xff, 0xff, 0xff, 0xff, 0xff, 0xff, 0xff, 0xfc,
    0xdf, 0x77, 0x77, 0x77, 0x77, 0x77, 0x77, 0x77,
    0x78, 0xfc, 0xdf, 0x10, 0x0, 0x0, 0x0, 0x0,
    0x0, 0x0, 0x2, 0xfc, 0xcf, 0x10, 0x0, 0x0,
    0x0, 0x0, 0x0, 0x0, 0x2, 0xfb, 0xcf, 0x10,
    0xd, 0xff, 0xff, 0xff, 0xff, 0x20, 0x2, 0xfb,
    0xcf, 0x10, 0xd, 0xf9, 0x88, 0x88, 0xef, 0x20,
    0x2, 0xfb, 0xcf, 0x10, 0xd, 0xf1, 0x0, 0x0,
    0xcf, 0x10, 0x2, 0xfb, 0xcf, 0x10, 0xc, 0xf1,
    0x0, 0x0, 0xcf, 0x10, 0x2, 0xfb, 0xcf, 0x10,
    0xd, 0xf5, 0x44, 0x44, 0xdf, 0x10, 0x2, 0xfb,
    0xcf, 0x10, 0xe, 0xff, 0xff, 0xff, 0xff, 0x20,
    0x2, 0xfb, 0xcf, 0x10, 0x1, 0x22, 0x22, 0x22,
    0x22, 0x0, 0x2, 0xfb, 0xdf, 0x10, 0x0, 0x0,
    0x0, 0x0, 0x0, 0x0, 0x7, 0xfb, 0xdf, 0x10,
    0x0, 0x0, 0x0, 0x0, 0x0, 0x3f, 0xff, 0xf7,
    0xdf, 0x10, 0x0, 0x0, 0x0, 0x0, 0x0, 0xc,
    0xfd, 0x70, 0x0, 0x0, 0x0, 0x0, 0x0, 0x0,
    0x0, 0x1, 0x0, 0x0,

    /* U+5DE5 "工" */
    0x1, 0xcc, 0xbb, 0xbb, 0xbb, 0xbb, 0xbb, 0xbb,
    0xbc, 0xcb, 0x0, 0x1, 0xff, 0xff, 0xff, 0xff,
    0xff, 0xff, 0xff, 0xff, 0xfe, 0x0, 0x0, 0x0,
    0x0, 0x0, 0x2, 0xff, 0x0, 0x0, 0x0, 0x0,
    0x0, 0x0, 0x0, 0x0, 0x0, 0x2, 0xff, 0x0,
    0x0, 0x0, 0x0, 0x0, 0x0, 0x0, 0x0, 0x0,
    0x2, 0xff, 0x0, 0x0, 0x0, 0x0, 0x0, 0x0,
    0x0, 0x0, 0x0, 0x2, 0xff, 0x0, 0x0, 0x0,
    0x0, 0x0, 0x0, 0x0, 0x0, 0x0, 0x2, 0xff,
    0x0, 0x0, 0x0, 0x0, 0x0, 0x0, 0x0, 0x0,
    0x0, 0x2, 0xff, 0x0, 0x0, 0x0, 0x0, 0x0,
    0x0, 0x0, 0x0, 0x0, 0x2, 0xff, 0x0, 0x0,
    0x0, 0x0, 0x0, 0x0, 0x0, 0x0, 0x0, 0x2,
    0xff, 0x0, 0x0, 0x0, 0x0, 0x0, 0x0, 0x0,
    0x0, 0x0, 0x2, 0xff, 0x0, 0x0, 0x0, 0x0,
    0x0, 0x0, 0x0, 0x0, 0x0, 0x2, 0xff, 0x0,
    0x0, 0x0, 0x0, 0x0, 0x0, 0x0, 0x0, 0x0,
    0x2, 0xff, 0x0, 0x0, 0x0, 0x0, 0x0, 0x0,
    0x0, 0x0, 0x0, 0x2, 0xff, 0x0, 0x0, 0x0,
    0x0, 0x0, 0x0, 0x0, 0x0, 0x0, 0x2, 0xff,
    0x0, 0x0, 0x0, 0x0, 0x0, 0x0, 0x0, 0x0,
    0x0, 0x2, 0xff, 0x0, 0x0, 0x0, 0x0, 0x0,
    0x11, 0x0, 0x0, 0x0, 0x2, 0xff, 0x0, 0x0,
    0x0, 0x0, 0x11, 0xff, 0xff, 0xff, 0xff, 0xff,
    0xff, 0xff, 0xff, 0xff, 0xff, 0xff, 0xbb, 0xaa,
    0xaa, 0xaa, 0xaa, 0xaa, 0xaa, 0xaa, 0xaa, 0xaa,
    0xbb,

    /* U+5DEE "差" */
    0x0, 0x0, 0x0, 0x0, 0x50, 0x0, 0x0, 0x5,
    0x30, 0x0, 0x0, 0x0, 0x0, 0x0, 0x0, 0xcf,
    0x40, 0x0, 0x0, 0xdf, 0x60, 0x0, 0x0, 0x0,
    0x0, 0x0, 0x5, 0xfd, 0x0, 0x0, 0x3f, 0xd0,
    0x0, 0x0, 0x0, 0x1, 0x10, 0x0, 0xb, 0x60,
    0x0, 0xb, 0xf4, 0x0, 0x1, 0x10, 0x0, 0xbf,
    0xff, 0xff, 0xff, 0xff, 0xff, 0xff, 0xff, 0xff,
    0xfd, 0x0, 0x6, 0x88, 0x77, 0x77, 0x7c, 0xf9,
    0x77, 0x77, 0x77, 0x78, 0x70, 0x0, 0x0, 0x0,
    0x0, 0x0, 0xcf, 0x10, 0x0, 0x0, 0x0, 0x0,
    0x0, 0x0, 0x1, 0x11, 0x11, 0x1f, 0xe1, 0x11,
    0x11, 0x11, 0x11, 0x0, 0x0, 0x5, 0xff, 0xff,
    0xff, 0xff, 0xff, 0xff, 0xff, 0xff, 0xb0, 0x0,
    0x0, 0x28, 0x77, 0x77, 0xcf, 0xa7, 0x77, 0x77,
    0x77, 0x75, 0x0, 0x0, 0x0, 0x0, 0x0, 0xd,
    0xf1, 0x0, 0x0, 0x0, 0x0, 0x0, 0x0, 0x89,
    0x88, 0x88, 0x8a, 0xfe, 0x88, 0x88, 0x88, 0x88,
    0x89, 0x93, 0xd, 0xff, 0xff, 0xff, 0xff, 0xff,
    0xff, 0xff, 0xff, 0xff, 0xff, 0x60, 0x0, 0x0,
    0x0, 0x8f, 0x90, 0x0, 0x0, 0x0, 0x0, 0x0,
    0x0, 0x0, 0x0, 0x0, 0x4f, 0xe1, 0x0, 0x0,
    0x0, 0x0, 0x0, 0x0, 0x0, 0x0, 0x0, 0x3f,
    0xfd, 0xba, 0xaa, 0xaa, 0xaa, 0xaa, 0xb0, 0x0,
    0x0, 0x0, 0x3f, 0xf6, 0xce, 0xed, 0xef, 0xfd,
    0xdd, 0xef, 0x0, 0x0, 0x0, 0x6f, 0xf6, 0x0,
    0x0, 0x2, 0xfb, 0x0, 0x0, 0x0, 0x0, 0x1,
    0xbf, 0xf5, 0x0, 0x0, 0x0, 0x2f, 0xb0, 0x0,
    0x0, 0x0, 0x2, 0xff, 0xe3, 0x0, 0x0, 0x0,
    0x2, 0xfb, 0x0, 0x0, 0x0, 0x0, 0x7, 0xc1,
    0x9, 0xbb, 0xbb, 0xbb, 0xbf, 0xeb, 0xbb, 0xbb,
    0xbc, 0x10, 0x0, 0x0, 0xbe, 0xee, 0xee, 0xee,
    0xee, 0xee, 0xee, 0xef, 0xf1,

    /* U+5DF2 "已" */
    0x7c, 0xcc, 0xbb, 0xbb, 0xbb, 0xbb, 0xbb, 0xbb,
    0xb9, 0x0, 0x8, 0xff, 0xff, 0xff, 0xff, 0xff,
    0xff, 0xff, 0xff, 0xc0, 0x0, 0x0, 0x0, 0x0,
    0x0, 0x0, 0x0, 0x0, 0x4, 0xfb, 0x0, 0x0,
    0x0, 0x0, 0x0, 0x0, 0x0, 0x0, 0x0, 0x4f,
    0xb0, 0x0, 0x0, 0x0, 0x0, 0x0, 0x0, 0x0,
    0x0, 0x4, 0xfb, 0x0, 0x0, 0x9a, 0x30, 0x0,
    0x0, 0x0, 0x0, 0x0, 0x4f, 0xb0, 0x0, 0xe,
    0xf4, 0x0, 0x0, 0x0, 0x0, 0x0, 0x4, 0xfb,
    0x0, 0x0, 0xdf, 0x40, 0x0, 0x0, 0x0, 0x0,
    0x0, 0x4f, 0xb0, 0x0, 0xd, 0xff, 0xff, 0xff,
    0xff, 0xff, 0xff, 0xff, 0xfb, 0x0, 0x0, 0xdf,
    0x98, 0x88, 0x88, 0x88, 0x88, 0x88, 0xaf, 0xc0,
    0x0, 0xd, 0xf2, 0x0, 0x0, 0x0, 0x0, 0x0,
    0x3, 0xda, 0x0, 0x0, 0xdf, 0x20, 0x0, 0x0,
    0x0, 0x0, 0x0, 0x0, 0x0, 0x0, 0xd, 0xf2,
    0x0, 0x0, 0x0, 0x0, 0x0, 0x0, 0x0, 0x0,
    0x0, 0xdf, 0x20, 0x0, 0x0, 0x0, 0x0, 0x0,
    0x0, 0x0, 0x0, 0xd, 0xf2, 0x0, 0x0, 0x0,
    0x0, 0x0, 0x0, 0x0, 0x60, 0x0, 0xdf, 0x20,
    0x0, 0x0, 0x0, 0x0, 0x0, 0x0, 0x1f, 0xe3,
    0xd, 0xf3, 0x0, 0x0, 0x0, 0x0, 0x0, 0x0,
    0x4, 0xff, 0x20, 0xcf, 0xa0, 0x0, 0x0, 0x0,
    0x0, 0x0, 0x0, 0xbf, 0xd0, 0x8, 0xff, 0xfe,
    0xee, 0xee, 0xee, 0xee, 0xdd, 0xff, 0xf6, 0x0,
    0x8, 0xde, 0xee, 0xee, 0xee, 0xee, 0xee, 0xee,
    0xc6, 0x0,

    /* U+5E08 "师" */
    0x0, 0x0, 0x1, 0x0, 0x0, 0x0, 0x0, 0x0,
    0x0, 0x0, 0x0, 0x0, 0x0, 0xc, 0xf4, 0x0,
    0x0, 0x0, 0x0, 0x0, 0x0, 0x0, 0x0, 0x0,
    0xb, 0xf3, 0x5e, 0xed, 0xdd, 0xdd, 0xdd, 0xdd,
    0xec, 0xa, 0x90, 0xb, 0xf1, 0x4b, 0xaa, 0xaa,
    0xef, 0xaa, 0xaa, 0xa9, 0xf, 0xe0, 0xb, 0xf1,
    0x0, 0x0, 0x0, 0xcf, 0x0, 0x0, 0x0, 0xf,
    0xc0, 0xb, 0xf1, 0x0, 0x0, 0x0, 0xcf, 0x0,
    0x0, 0x0, 0xf, 0xc0, 0xb, 0xf1, 0x0, 0x0,
    0x0, 0xcf, 0x0, 0x0, 0x0, 0xf, 0xc0, 0xb,
    0xf1, 0xa, 0xcc, 0xcc, 0xff, 0xcc, 0xcc, 0xc2,
    0xf, 0xc0, 0xb, 0xf1, 0xc, 0xfb, 0xbb, 0xef,
    0xbb, 0xbe, 0xf2, 0xf, 0xc0, 0xb, 0xf1, 0xb,
    0xf1, 0x0, 0xcf, 0x0, 0xb, 0xf1, 0xf, 0xc0,
    0xb, 0xf1, 0xb, 0xf1, 0x0, 0xcf, 0x0, 0xb,
    0xf1, 0xf, 0xc0, 0xb, 0xf1, 0xb, 0xf1, 0x0,
    0xcf, 0x0, 0xb, 0xf1, 0xf, 0xc0, 0xb, 0xf1,
    0xb, 0xf1, 0x0, 0xcf, 0x0, 0xb, 0xf1, 0xf,
    0xc0, 0xc, 0xf0, 0xb, 0xf1, 0x0, 0xcf, 0x0,
    0xb, 0xf1, 0xf, 0xc0, 0xe, 0xe0, 0xb, 0xf1,
    0x0, 0xcf, 0x0, 0xb, 0xf1, 0xf, 0xd0, 0x2f,
    0xc0, 0xb, 0xf1, 0x0, 0xcf, 0x0, 0xb, 0xf1,
    0xf, 0xd0, 0x7f, 0x70, 0xb, 0xf1, 0x0, 0xcf,
    0x2, 0x4d, 0xf0, 0x0, 0x1, 0xff, 0x20, 0xb,
    0xf1, 0x0, 0xcf, 0x7, 0xff, 0xc0, 0x0, 0xc,
    0xf8, 0x0, 0xc, 0xf1, 0x0, 0xcf, 0x2, 0x95,
    0x0, 0x1, 0xcf, 0xc0, 0x0, 0x0, 0x10, 0x0,
    0xcf, 0x0, 0x0, 0x0, 0x5e, 0xfc, 0x0, 0x0,
    0x0, 0x0, 0x0, 0xdf, 0x0, 0x0, 0x0, 0x2c,
    0xa0, 0x0, 0x0, 0x0, 0x0, 0x0, 0xdf, 0x10,
    0x0, 0x0, 0x0, 0x0, 0x0, 0x0, 0x0, 0x0,
    0x0, 0x0, 0x0, 0x0, 0x0,

    /* U+5E38 "常" */
    0x0, 0x0, 0x10, 0x0, 0x0, 0x9a, 0x0, 0x0,
    0x20, 0x0, 0x0, 0x0, 0x1, 0xc9, 0x0, 0x0,
    0xef, 0x0, 0x0, 0xdc, 0x10, 0x0, 0x0, 0x0,
    0xcf, 0x60, 0x0, 0xdf, 0x0, 0x5, 0xfb, 0x0,
    0x0, 0x0, 0x0, 0x2f, 0xd0, 0x0, 0xdf, 0x0,
    0xd, 0xe1, 0x0, 0x0, 0x7, 0x77, 0x7c, 0x87,
    0x77, 0xef, 0x77, 0x9f, 0xb7, 0x77, 0x71, 0x1f,
    0xff, 0xff, 0xff, 0xff, 0xff, 0xff, 0xff, 0xff,
    0xff, 0xf1, 0xf, 0xc0, 0x0, 0x0, 0x0, 0x0,
    0x0, 0x0, 0x0, 0xb, 0xf1, 0xf, 0xc0, 0x11,
    0x11, 0x11, 0x11, 0x11, 0x11, 0x11, 0xb, 0xf1,
    0x1f, 0xc0, 0xbf, 0xff, 0xff, 0xff, 0xff, 0xff,
    0xfb, 0xb, 0xf2, 0x5, 0x30, 0xbf, 0x66, 0x66,
    0x66, 0x66, 0x66, 0xfb, 0x2, 0x30, 0x0, 0x0,
    0xaf, 0x0, 0x0, 0x0, 0x0, 0x0, 0xfa, 0x0,
    0x0, 0x0, 0x0, 0xbf, 0x88, 0x88, 0x88, 0x88,
    0x88, 0xfb, 0x0, 0x0, 0x0, 0x0, 0xbf, 0xff,
    0xff, 0xff, 0xff, 0xff, 0xfb, 0x0, 0x0, 0x0,
    0x0, 0x0, 0x0, 0x0, 0xdf, 0x0, 0x0, 0x0,
    0x0, 0x0, 0x0, 0x47, 0x77, 0x77, 0x77, 0xef,
    0x77, 0x77, 0x77, 0x75, 0x0, 0x0, 0x9f, 0xff,
    0xff, 0xff, 0xff, 0xff, 0xff, 0xff, 0xfb, 0x0,
    0x0, 0x8f, 0x40, 0x0, 0x0, 0xdf, 0x0, 0x0,
    0x1, 0xfa, 0x0, 0x0, 0x8f, 0x40, 0x0, 0x0,
    0xdf, 0x0, 0x0, 0x1, 0xfa, 0x0, 0x0, 0x8f,
    0x40, 0x0, 0x0, 0xdf, 0x0, 0x0, 0x2, 0xfa,
    0x0, 0x0, 0x9f, 0x40, 0x0, 0x0, 0xdf, 0x0,
    0x2b, 0xbe, 0xf8, 0x0, 0x0, 0x7b, 0x20, 0x0,
    0x0, 0xef, 0x0, 0xd, 0xfe, 0x90, 0x0, 0x0,
    0x0, 0x0, 0x0, 0x0, 0xef, 0x0, 0x1, 0x10,
    0x0, 0x0,

    /* U+5E74 "年" */
    0x0, 0x0, 0x0, 0x6, 0x10, 0x0, 0x0, 0x0,
    0x0, 0x0, 0x0, 0x0, 0x0, 0x0, 0x6, 0xff,
    0x40, 0x0, 0x0, 0x0, 0x0, 0x0, 0x0, 0x0,
    0x0, 0x0, 0xdf, 0x90, 0x0, 0x0, 0x0, 0x0,
    0x0, 0x0, 0x0, 0x0, 0x0, 0x7f, 0xf1, 0x0,
    0x0, 0x0, 0x0, 0x1, 0x11, 0x0, 0x0, 0x0,
    0x2f, 0xff, 0xff, 0xff, 0xff, 0xff, 0xff, 0xff,
    0xf6, 0x0, 0x0, 0xc, 0xfc, 0x55, 0x55, 0x5d,
    0xf6, 0x55, 0x56, 0x66, 0x20, 0x0, 0x8, 0xff,
    0x20, 0x0, 0x0, 0xcf, 0x10, 0x0, 0x0, 0x0,
    0x0, 0x6, 0xff, 0x50, 0x0, 0x0, 0xc, 0xf1,
    0x0, 0x0, 0x0, 0x0, 0x5, 0xff, 0x90, 0x0,
    0x0, 0x0, 0xcf, 0x10, 0x0, 0x0, 0x0, 0x0,
    0x28, 0xc0, 0xcf, 0xff, 0xff, 0xff, 0xff, 0xff,
    0xff, 0xf5, 0x0, 0x0, 0x0, 0xc, 0xf7, 0x77,
    0x77, 0xef, 0x77, 0x77, 0x78, 0x30, 0x0, 0x0,
    0x0, 0xbf, 0x10, 0x0, 0xc, 0xf1, 0x0, 0x0,
    0x0, 0x0, 0x0, 0x0, 0xb, 0xf1, 0x0, 0x0,
    0xcf, 0x10, 0x0, 0x0, 0x0, 0x0, 0x0, 0x0,
    0xbf, 0x10, 0x0, 0xc, 0xf1, 0x0, 0x0, 0x0,
    0x0, 0x2, 0x11, 0x1b, 0xf1, 0x0, 0x0, 0xcf,
    0x10, 0x0, 0x0, 0x11, 0x11, 0xff, 0xff, 0xff,
    0xff, 0xff, 0xff, 0xff, 0xff, 0xff, 0xff, 0xfb,
    0x7, 0x66, 0x55, 0x55, 0x55, 0x55, 0xdf, 0x65,
    0x55, 0x55, 0x66, 0x40, 0x0, 0x0, 0x0, 0x0,
    0x0, 0xc, 0xf1, 0x0, 0x0, 0x0, 0x0, 0x0,
    0x0, 0x0, 0x0, 0x0, 0x0, 0xcf, 0x10, 0x0,
    0x0, 0x0, 0x0, 0x0, 0x0, 0x0, 0x0, 0x0,
    0xd, 0xf1, 0x0, 0x0, 0x0, 0x0, 0x0, 0x0,
    0x0, 0x0, 0x0, 0x0, 0xdf, 0x10, 0x0, 0x0,
    0x0, 0x0, 0x0, 0x0, 0x0, 0x0, 0x0, 0xe,
    0xf2, 0x0, 0x0, 0x0, 0x0,

    /* U+5E76 "并" */
    0x0, 0x0, 0x0, 0x20, 0x0, 0x0, 0x0, 0x83,
    0x0, 0x0, 0x0, 0x0, 0x0, 0x3e, 0xd0, 0x0,
    0x0, 0x2, 0xff, 0x60, 0x0, 0x0, 0x0, 0x0,
    0x1e, 0xf9, 0x0, 0x0, 0x6, 0xfe, 0x0, 0x0,
    0x0, 0x0, 0x0, 0x4, 0xff, 0x30, 0x0, 0xb,
    0xf7, 0x0, 0x0, 0x0, 0x0, 0x0, 0x0, 0xbf,
    0x50, 0x0, 0x1f, 0xf1, 0x0, 0x0, 0x0, 0x6,
    0xcc, 0xbb, 0xdd, 0xbb, 0xbb, 0xdf, 0xeb, 0xbc,
    0xc8, 0x0, 0x7, 0xff, 0xff, 0xff, 0xff, 0xff,
    0xff, 0xff, 0xff, 0xfa, 0x0, 0x0, 0x0, 0x0,
    0xbf, 0x10, 0x0, 0xb, 0xf1, 0x0, 0x0, 0x0,
    0x0, 0x0, 0x0, 0xbf, 0x10, 0x0, 0xb, 0xf1,
    0x0, 0x0, 0x0, 0x0, 0x0, 0x0, 0xbf, 0x10,
    0x0, 0xb, 0xf1, 0x0, 0x0, 0x0, 0x0, 0x0,
    0x0, 0xbf, 0x10, 0x0, 0xb, 0xf1, 0x0, 0x0,
    0x0, 0x0, 0x0, 0x0, 0xbf, 0x10, 0x0, 0xb,
    0xf1, 0x0, 0x0, 0x0, 0xff, 0xff, 0xff, 0xff,
    0xff, 0xff, 0xff, 0xff, 0xff, 0xff, 0xf5, 0xcc,
    0xbb, 0xbb, 0xff, 0xbb, 0xbb, 0xbe, 0xfb, 0xbb,
    0xbc, 0xc4, 0x0, 0x0, 0x0, 0xfd, 0x0, 0x0,
    0xb, 0xf1, 0x0, 0x0, 0x0, 0x0, 0x0, 0x4,
    0xfb, 0x0, 0x0, 0xb, 0xf1, 0x0, 0x0, 0x0,
    0x0, 0x0, 0xa, 0xf6, 0x0, 0x0, 0xb, 0xf1,
    0x0, 0x0, 0x0, 0x0, 0x0, 0x4f, 0xf1, 0x0,
    0x0, 0xb, 0xf1, 0x0, 0x0, 0x0, 0x0, 0x3,
    0xef, 0x70, 0x0, 0x0, 0xb, 0xf1, 0x0, 0x0,
    0x0, 0x0, 0x6f, 0xfb, 0x0, 0x0, 0x0, 0xb,
    0xf1, 0x0, 0x0, 0x0, 0x1c, 0xff, 0xb0, 0x0,
    0x0, 0x0, 0xb, 0xf1, 0x0, 0x0, 0x0, 0x7,
    0xf8, 0x0, 0x0, 0x0, 0x0, 0xc, 0xf2, 0x0,
    0x0, 0x0, 0x0, 0x20, 0x0, 0x0, 0x0, 0x0,
    0x0, 0x0, 0x0, 0x0, 0x0,

    /* U+5E86 "庆" */
    0x0, 0x0, 0x0, 0x0, 0x0, 0x2, 0x96, 0x0,
    0x0, 0x0, 0x0, 0x0, 0x0, 0x0, 0x0, 0x0,
    0x0, 0x5, 0xfd, 0x0, 0x0, 0x0, 0x0, 0x0,
    0x0, 0x0, 0x0, 0x0, 0x0, 0x0, 0xef, 0x40,
    0x0, 0x0, 0x0, 0x0, 0x0, 0x2, 0x99, 0x99,
    0x99, 0x99, 0xdf, 0xd9, 0x99, 0x99, 0xaa, 0x0,
    0x0, 0x3, 0xff, 0xee, 0xee, 0xee, 0xee, 0xee,
    0xee, 0xee, 0xff, 0x0, 0x0, 0x3, 0xfa, 0x0,
    0x0, 0x0, 0x0, 0x0, 0x0, 0x0, 0x0, 0x0,
    0x0, 0x3, 0xfa, 0x0, 0x0, 0x0, 0x4f, 0xc0,
    0x0, 0x0, 0x0, 0x0, 0x0, 0x2, 0xf9, 0x0,
    0x0, 0x0, 0x3f, 0xa0, 0x0, 0x0, 0x0, 0x0,
    0x0, 0x2, 0xf9, 0x0, 0x0, 0x0, 0x3f, 0x90,
    0x0, 0x0, 0x0, 0x0, 0x0, 0x2, 0xf9, 0x0,
    0x0, 0x0, 0x3f, 0x90, 0x0, 0x0, 0x0, 0x0,
    0x0, 0x3, 0xf8, 0x6f, 0xff, 0xff, 0xff, 0xff,
    0xff, 0xff, 0xf9, 0x0, 0x0, 0x4, 0xf8, 0x49,
    0x99, 0x88, 0xcf, 0xfa, 0x88, 0x89, 0x95, 0x0,
    0x0, 0x5, 0xf7, 0x0, 0x0, 0x0, 0xaf, 0xf8,
    0x0, 0x0, 0x0, 0x0, 0x0, 0x7, 0xf5, 0x0,
    0x0, 0x0, 0xfd, 0xee, 0x0, 0x0, 0x0, 0x0,
    0x0, 0x9, 0xf3, 0x0, 0x0, 0x6, 0xf7, 0x9f,
    0x70, 0x0, 0x0, 0x0, 0x0, 0xc, 0xf1, 0x0,
    0x0, 0xe, 0xf1, 0x2f, 0xf1, 0x0, 0x0, 0x0,
    0x0, 0xf, 0xd0, 0x0, 0x0, 0xaf, 0x70, 0x9,
    0xfb, 0x0, 0x0, 0x0, 0x0, 0x5f, 0xa0, 0x0,
    0x7, 0xfd, 0x0, 0x0, 0xdf, 0x90, 0x0, 0x0,
    0x0, 0xbf, 0x50, 0x0, 0x8f, 0xf3, 0x0, 0x0,
    0x2e, 0xfa, 0x0, 0x0, 0x4, 0xfe, 0x0, 0x9,
    0xff, 0x40, 0x0, 0x0, 0x3, 0xef, 0xd4, 0x0,
    0xd, 0xf6, 0x4, 0xef, 0xf4, 0x0, 0x0, 0x0,
    0x0, 0x2c, 0xff, 0xa0, 0x4, 0xb0, 0x4, 0xed,
    0x20, 0x0, 0x0, 0x0, 0x0, 0x0, 0x7e, 0x10,
    0x0, 0x0, 0x0, 0x20, 0x0, 0x0, 0x0, 0x0,
    0x0, 0x0, 0x0, 0x0,

    /* U+5EA6 "度" */
    0x0, 0x0, 0x0, 0x0, 0x0, 0x2, 0x82, 0x0,
    0x0, 0x0, 0x0, 0x0, 0x0, 0x0, 0x0, 0x0,
    0x0, 0x9f, 0x90, 0x0, 0x0, 0x0, 0x0, 0x0,
    0x0, 0x0, 0x0, 0x0, 0x3, 0xfe, 0x0, 0x0,
    0x0, 0x0, 0x0, 0x0, 0xaf, 0xff, 0xff, 0xff,
    0xff, 0xff, 0xff, 0xff, 0xff, 0x60, 0x0, 0xa,
    0xf9, 0x88, 0x88, 0x88, 0x88, 0x88, 0x88, 0x89,
    0x93, 0x0, 0x0, 0xaf, 0x20, 0x0, 0xac, 0x10,
    0x0, 0xd, 0xe0, 0x0, 0x0, 0x0, 0xa, 0xf2,
    0x0, 0xb, 0xf1, 0x0, 0x0, 0xef, 0x0, 0x0,
    0x0, 0x0, 0xaf, 0x28, 0x77, 0xdf, 0x77, 0x77,
    0x7e, 0xf7, 0x78, 0x40, 0x0, 0xa, 0xf2, 0xff,
    0xff, 0xff, 0xff, 0xff, 0xff, 0xff, 0xf7, 0x0,
    0x0, 0xaf, 0x10, 0x0, 0xbf, 0x10, 0x0, 0xe,
    0xe0, 0x0, 0x0, 0x0, 0xb, 0xf1, 0x0, 0xb,
    0xf1, 0x0, 0x0, 0xee, 0x0, 0x0, 0x0, 0x0,
    0xbf, 0x0, 0x0, 0xcf, 0xff, 0xff, 0xff, 0xf0,
    0x0, 0x0, 0x0, 0xc, 0xf0, 0x0, 0x7, 0x88,
    0x88, 0x88, 0x88, 0x0, 0x0, 0x0, 0x0, 0xde,
    0x0, 0x11, 0x0, 0x0, 0x0, 0x0, 0x0, 0x0,
    0x0, 0x0, 0xe, 0xd0, 0x7f, 0xff, 0xff, 0xff,
    0xff, 0xff, 0xf2, 0x0, 0x0, 0x1, 0xfa, 0x3,
    0x66, 0xdf, 0x65, 0x55, 0x5c, 0xf8, 0x0, 0x0,
    0x0, 0x3f, 0x80, 0x0, 0x4, 0xfa, 0x0, 0x4,
    0xfc, 0x0, 0x0, 0x0, 0x7, 0xf4, 0x0, 0x0,
    0x9, 0xf8, 0x3, 0xfd, 0x10, 0x0, 0x0, 0x0,
    0xcf, 0x10, 0x0, 0x0, 0xb, 0xfb, 0xfe, 0x20,
    0x0, 0x0, 0x0, 0x3f, 0xc0, 0x0, 0x0, 0x0,
    0x5f, 0xff, 0x91, 0x0, 0x0, 0x0, 0xa, 0xf5,
    0x0, 0x13, 0x6a, 0xef, 0xe9, 0xdf, 0xfe, 0xb8,
    0x65, 0x30, 0x7d, 0x1, 0xef, 0xff, 0xea, 0x50,
    0x0, 0x38, 0xcf, 0xff, 0xf5, 0x0, 0x0, 0x4,
    0x85, 0x10, 0x0, 0x0, 0x0, 0x0, 0x3, 0x57,
    0x0,

    /* U+5EFA "建" */
    0x0, 0x0, 0x0, 0x0, 0x0, 0x0, 0x1b, 0x70,
    0x0, 0x0, 0x0, 0x0, 0x0, 0x0, 0x0, 0x0,
    0x0, 0x1, 0xf9, 0x0, 0x0, 0x0, 0x0, 0x6,
    0x77, 0x77, 0x50, 0x4c, 0xbb, 0xbf, 0xeb, 0xbb,
    0xb7, 0x0, 0x0, 0xdf, 0xff, 0xf8, 0x3, 0xbb,
    0xbb, 0xfd, 0xaa, 0xbf, 0xa0, 0x0, 0x0, 0x0,
    0x8f, 0x20, 0x0, 0x0, 0x1f, 0x90, 0x1, 0xf9,
    0x0, 0x0, 0x0, 0xe, 0xb0, 0x47, 0x77, 0x77,
    0xfc, 0x77, 0x7f, 0xc7, 0x70, 0x0, 0x5, 0xf4,
    0x8, 0xff, 0xff, 0xff, 0xff, 0xff, 0xff, 0xff,
    0x0, 0x0, 0xbe, 0x0, 0x0, 0x0, 0x1, 0xf9,
    0x0, 0x1f, 0x90, 0x0, 0x0, 0x4f, 0x70, 0x0,
    0x3, 0x22, 0x3f, 0xa2, 0x23, 0xfa, 0x0, 0x0,
    0x3e, 0xfa, 0x88, 0x13, 0xff, 0xff, 0xff, 0xff,
    0xff, 0xa0, 0x0, 0x4, 0xff, 0xff, 0xf0, 0x15,
    0x55, 0x5f, 0xb4, 0x44, 0x43, 0x0, 0x0, 0x4,
    0x10, 0xde, 0x0, 0x0, 0x1, 0xf9, 0x0, 0x0,
    0x0, 0x0, 0x0, 0x40, 0xf, 0xb0, 0xbf, 0xff,
    0xff, 0xff, 0xff, 0xf8, 0x0, 0x0, 0xde, 0x3,
    0xf8, 0x5, 0x77, 0x77, 0xfc, 0x77, 0x77, 0x40,
    0x0, 0x6, 0xf7, 0x7f, 0x40, 0x0, 0x0, 0x1f,
    0x90, 0x0, 0x0, 0x0, 0x0, 0xe, 0xec, 0xf0,
    0x4b, 0xaa, 0xaa, 0xfd, 0xaa, 0xaa, 0xa7, 0x0,
    0x0, 0x4f, 0xfa, 0x5, 0xee, 0xdd, 0xdf, 0xfd,
    0xdd, 0xee, 0xa0, 0x0, 0x0, 0xdf, 0xb0, 0x0,
    0x0, 0x1, 0xf9, 0x0, 0x0, 0x0, 0x0, 0x0,
    0x7f, 0xdf, 0xd4, 0x0, 0x0, 0x2f, 0xa0, 0x0,
    0x0, 0x0, 0x0, 0x4f, 0xe1, 0x5e, 0xfd, 0x83,
    0x11, 0x96, 0x0, 0x0, 0x0, 0x10, 0x5f, 0xf3,
    0x0, 0x19, 0xff, 0xff, 0xed, 0xcc, 0xbc, 0xcd,
    0xfd, 0x4, 0xf5, 0x0, 0x0, 0x0, 0x48, 0xac,
    0xef, 0xff, 0xff, 0xff, 0x90, 0x1, 0x0, 0x0,
    0x0, 0x0, 0x0, 0x0, 0x0, 0x0, 0x0, 0x0,
    0x0,

    /* U+5F00 "开" */
    0x0, 0x33, 0x22, 0x22, 0x22, 0x22, 0x22, 0x22,
    0x22, 0x23, 0x10, 0x0, 0xff, 0xff, 0xff, 0xff,
    0xff, 0xff, 0xff, 0xff, 0xff, 0x80, 0x0, 0x99,
    0x88, 0x8e, 0xfa, 0x88, 0x88, 0xff, 0x88, 0x89,
    0x50, 0x0, 0x0, 0x0, 0xc, 0xf3, 0x0, 0x0,
    0xfe, 0x0, 0x0, 0x0, 0x0, 0x0, 0x0, 0xc,
    0xf3, 0x0, 0x0, 0xfe, 0x0, 0x0, 0x0, 0x0,
    0x0, 0x0, 0xc, 0xf3, 0x0, 0x0, 0xfe, 0x0,
    0x0, 0x0, 0x0, 0x0, 0x0, 0xc, 0xf3, 0x0,
    0x0, 0xfe, 0x0, 0x0, 0x0, 0x0, 0x0, 0x0,
    0xc, 0xf3, 0x0, 0x0, 0xfe, 0x0, 0x0, 0x0,
    0x0, 0x0, 0x0, 0xc, 0xf3, 0x0, 0x0, 0xfe,
    0x0, 0x0, 0x0, 0x7b, 0xba, 0xaa, 0xae, 0xfb,
    0xaa, 0xaa, 0xff, 0xaa, 0xaa, 0xb8, 0xbf, 0xff,
    0xff, 0xff, 0xff, 0xff, 0xff, 0xff, 0xff, 0xff,
    0xfb, 0x22, 0x0, 0x0, 0xe, 0xf1, 0x0, 0x0,
    0xfe, 0x0, 0x0, 0x1, 0x0, 0x0, 0x0, 0x1f,
    0xd0, 0x0, 0x0, 0xfe, 0x0, 0x0, 0x0, 0x0,
    0x0, 0x0, 0x7f, 0xa0, 0x0, 0x0, 0xfe, 0x0,
    0x0, 0x0, 0x0, 0x0, 0x0, 0xdf, 0x50, 0x0,
    0x0, 0xfe, 0x0, 0x0, 0x0, 0x0, 0x0, 0x6,
    0xfe, 0x0, 0x0, 0x0, 0xfe, 0x0, 0x0, 0x0,
    0x0, 0x0, 0x2f, 0xf6, 0x0, 0x0, 0x0, 0xfe,
    0x0, 0x0, 0x0, 0x0, 0x2, 0xef, 0xc0, 0x0,
    0x0, 0x1, 0xfe, 0x0, 0x0, 0x0, 0x0, 0x6f,
    0xfd, 0x10, 0x0, 0x0, 0x1, 0xff, 0x0, 0x0,
    0x0, 0xa, 0xff, 0xd1, 0x0, 0x0, 0x0, 0x1,
    0xff, 0x0, 0x0, 0x0, 0x0, 0x7a, 0x0, 0x0,
    0x0, 0x0, 0x2, 0xff, 0x0, 0x0, 0x0,

    /* U+5F53 "当" */
    0x0, 0x0, 0x0, 0x0, 0x3, 0x30, 0x0, 0x0,
    0x0, 0x0, 0x0, 0x0, 0x0, 0x0, 0xe, 0xf3,
    0x0, 0x0, 0x0, 0x0, 0x0, 0xa5, 0x0, 0x0,
    0xd, 0xf2, 0x0, 0x0, 0x1e, 0x60, 0x8, 0xff,
    0x30, 0x0, 0xd, 0xf2, 0x0, 0x0, 0xbf, 0xe1,
    0x0, 0xcf, 0xe1, 0x0, 0xd, 0xf2, 0x0, 0x6,
    0xff, 0x30, 0x0, 0x1e, 0xfb, 0x0, 0xd, 0xf2,
    0x0, 0x3f, 0xf5, 0x0, 0x0, 0x4, 0xff, 0x30,
    0xd, 0xf2, 0x0, 0xef, 0x80, 0x0, 0x0, 0x0,
    0x83, 0x0, 0xd, 0xf2, 0x0, 0x39, 0x0, 0x0,
    0x0, 0x0, 0x0, 0x0, 0xd, 0xf2, 0x0, 0x0,
    0x0, 0x0, 0x4f, 0xff, 0xff, 0xff, 0xff, 0xff,
    0xff, 0xff, 0xff, 0xf0, 0x3b, 0xaa, 0xaa, 0xaa,
    0xaa, 0xaa, 0xaa, 0xaa, 0xaf, 0xf0, 0x0, 0x0,
    0x0, 0x0, 0x0, 0x0, 0x0, 0x0, 0xf, 0xe0,
    0x0, 0x0, 0x0, 0x0, 0x0, 0x0, 0x0, 0x0,
    0xf, 0xe0, 0x1, 0x11, 0x10, 0x0, 0x0, 0x0,
    0x0, 0x0, 0x1f, 0xe0, 0xb, 0xff, 0xff, 0xff,
    0xff, 0xff, 0xff, 0xff, 0xff, 0xe0, 0x8, 0xbb,
    0xaa, 0xaa, 0xaa, 0xaa, 0xaa, 0xaa, 0xaf, 0xe0,
    0x0, 0x0, 0x0, 0x0, 0x0, 0x0, 0x0, 0x0,
    0xf, 0xe0, 0x0, 0x0, 0x0, 0x0, 0x0, 0x0,
    0x0, 0x0, 0xf, 0xe0, 0x11, 0x11, 0x0, 0x0,
    0x0, 0x0, 0x0, 0x0, 0x1f, 0xe0, 0x8f, 0xff,
    0xff, 0xff, 0xff, 0xff, 0xff, 0xff, 0xff, 0xe0,
    0x59, 0x99, 0x88, 0x88, 0x88, 0x88, 0x88, 0x88,
    0x9f, 0xf0, 0x0, 0x0, 0x0, 0x0, 0x0, 0x0,
    0x0, 0x0, 0xf, 0xf0,

    /* U+5F85 "待" */
    0x0, 0x0, 0x3, 0x20, 0x0, 0x0, 0x8, 0x90,
    0x0, 0x0, 0x0, 0x0, 0x0, 0xd, 0xf4, 0x0,
    0x0, 0xd, 0xf0, 0x0, 0x0, 0x0, 0x0, 0x0,
    0x9f, 0xb0, 0x0, 0x0, 0xd, 0xf0, 0x0, 0x0,
    0x0, 0x0, 0x6, 0xfd, 0x0, 0x1, 0x10, 0xd,
    0xf0, 0x0, 0x12, 0x0, 0x0, 0x4f, 0xe2, 0x0,
    0x6f, 0xff, 0xff, 0xff, 0xff, 0xff, 0x0, 0x4,
    0xff, 0x30, 0x0, 0x38, 0x88, 0x7e, 0xf7, 0x77,
    0x77, 0x0, 0x2f, 0xf4, 0x1, 0xe4, 0x0, 0x0,
    0xd, 0xf0, 0x0, 0x0, 0x0, 0x5, 0x40, 0x9,
    0xfa, 0x0, 0x0, 0xd, 0xf0, 0x0, 0x0, 0x0,
    0x0, 0x0, 0x4f, 0xc3, 0x99, 0x98, 0x8e, 0xf8,
    0x88, 0x88, 0x97, 0x0, 0x1, 0xef, 0x25, 0xff,
    0xff, 0xff, 0xff, 0xff, 0xff, 0xfc, 0x0, 0xa,
    0xfb, 0x0, 0x10, 0x0, 0x0, 0x0, 0xaf, 0x20,
    0x0, 0x0, 0x7f, 0xfb, 0x0, 0x0, 0x0, 0x0,
    0x0, 0xaf, 0x20, 0x0, 0x6, 0xfd, 0xfb, 0x1,
    0x21, 0x11, 0x11, 0x11, 0xbf, 0x31, 0x21, 0x6f,
    0xd2, 0xfb, 0x8, 0xff, 0xff, 0xff, 0xff, 0xff,
    0xff, 0xf8, 0x4e, 0x21, 0xfb, 0x4, 0x88, 0x88,
    0x88, 0x88, 0xdf, 0x98, 0x84, 0x0, 0x1, 0xfb,
    0x0, 0x1, 0xa4, 0x0, 0x0, 0xaf, 0x20, 0x0,
    0x0, 0x1, 0xfb, 0x0, 0x7, 0xff, 0x20, 0x0,
    0xaf, 0x20, 0x0, 0x0, 0x1, 0xfb, 0x0, 0x0,
    0xaf, 0xd0, 0x0, 0xaf, 0x20, 0x0, 0x0, 0x1,
    0xfb, 0x0, 0x0, 0xd, 0x70, 0x0, 0xaf, 0x20,
    0x0, 0x0, 0x1, 0xfb, 0x0, 0x0, 0x0, 0x0,
    0x45, 0xef, 0x10, 0x0, 0x0, 0x2, 0xfb, 0x0,
    0x0, 0x0, 0x0, 0xdf, 0xfd, 0x0, 0x0, 0x0,
    0x2, 0xfc, 0x0, 0x0, 0x0, 0x0, 0x69, 0x50,
    0x0, 0x0,

    /* U+5FD9 "忙" */
    0x0, 0x0, 0x43, 0x0, 0x0, 0x0, 0x0, 0x40,
    0x0, 0x0, 0x0, 0x0, 0x2, 0xfc, 0x0, 0x0,
    0x0, 0x9, 0xf9, 0x0, 0x0, 0x0, 0x0, 0x2,
    0xfb, 0x0, 0x0, 0x0, 0x1, 0xef, 0x50, 0x0,
    0x0, 0x0, 0x1, 0xfb, 0x0, 0x0, 0x0, 0x0,
    0x6f, 0xe1, 0x0, 0x0, 0x0, 0x1, 0xfb, 0x1,
    0x0, 0x0, 0x0, 0x9, 0x40, 0x0, 0x0, 0x3,
    0x63, 0xfb, 0xcc, 0x2a, 0x99, 0x99, 0x99, 0x99,
    0x99, 0x99, 0x9, 0xf5, 0xfb, 0x9f, 0x7f, 0xff,
    0xff, 0xff, 0xff, 0xff, 0xfe, 0xc, 0xf2, 0xfb,
    0x2f, 0xb2, 0x2f, 0xe2, 0x22, 0x22, 0x22, 0x22,
    0xf, 0xc1, 0xfb, 0xd, 0xf1, 0xf, 0xe0, 0x0,
    0x0, 0x0, 0x0, 0x4f, 0x81, 0xfb, 0x7, 0x91,
    0xf, 0xe0, 0x0, 0x0, 0x0, 0x0, 0x8f, 0x41,
    0xfb, 0x0, 0x0, 0xf, 0xe0, 0x0, 0x0, 0x0,
    0x0, 0xcf, 0x1, 0xfb, 0x0, 0x0, 0xf, 0xe0,
    0x0, 0x0, 0x0, 0x0, 0x4, 0x1, 0xfb, 0x0,
    0x0, 0xf, 0xe0, 0x0, 0x0, 0x0, 0x0, 0x0,
    0x1, 0xfb, 0x0, 0x0, 0xf, 0xe0, 0x0, 0x0,
    0x0, 0x0, 0x0, 0x1, 0xfb, 0x0, 0x0, 0xf,
    0xe0, 0x0, 0x0, 0x0, 0x0, 0x0, 0x1, 0xfb,
    0x0, 0x0, 0xf, 0xe0, 0x0, 0x0, 0x0, 0x0,
    0x0, 0x1, 0xfb, 0x0, 0x0, 0xf, 0xe0, 0x0,
    0x0, 0x0, 0x0, 0x0, 0x1, 0xfb, 0x0, 0x0,
    0xf, 0xe0, 0x0, 0x0, 0x0, 0x0, 0x0, 0x1,
    0xfb, 0x0, 0x0, 0xf, 0xe0, 0x0, 0x0, 0x11,
    0x10, 0x0, 0x1, 0xfb, 0x0, 0x0, 0xf, 0xff,
    0xff, 0xff, 0xff, 0xf2, 0x0, 0x2, 0xfb, 0x0,
    0x0, 0xa, 0xaa, 0xaa, 0xaa, 0xaa, 0xb1, 0x0,
    0x2, 0xfc, 0x0, 0x0, 0x0, 0x0, 0x0, 0x0,
    0x0, 0x0,

    /* U+5FF5 "念" */
    0x0, 0x0, 0x0, 0x0, 0x0, 0xb7, 0x10, 0x0,
    0x0, 0x0, 0x0, 0x0, 0x0, 0x0, 0x0, 0x0,
    0x7f, 0xf5, 0x0, 0x0, 0x0, 0x0, 0x0, 0x0,
    0x0, 0x0, 0x0, 0x4f, 0xff, 0xe2, 0x0, 0x0,
    0x0, 0x0, 0x0, 0x0, 0x0, 0x0, 0x3f, 0xf4,
    0x4f, 0xe1, 0x0, 0x0, 0x0, 0x0, 0x0, 0x0,
    0x0, 0x3f, 0xf4, 0x0, 0x4f, 0xe3, 0x0, 0x0,
    0x0, 0x0, 0x0, 0x0, 0x5f, 0xf4, 0x2b, 0x30,
    0x4f, 0xf6, 0x0, 0x0, 0x0, 0x0, 0x0, 0x9f,
    0xe3, 0x2, 0xfd, 0x0, 0x3e, 0xfb, 0x10, 0x0,
    0x0, 0x3, 0xdf, 0xd2, 0x0, 0x6, 0xf6, 0x0,
    0x1b, 0xff, 0x81, 0x0, 0x3a, 0xff, 0xa0, 0x0,
    0x0, 0x3, 0x0, 0x0, 0x7, 0xff, 0xf8, 0x5,
    0xff, 0x50, 0xaf, 0xff, 0xff, 0xff, 0xff, 0xfe,
    0x12, 0xbc, 0x10, 0x5, 0x10, 0x6, 0x87, 0x77,
    0x77, 0x77, 0xef, 0x50, 0x0, 0x0, 0x0, 0x0,
    0x0, 0x0, 0x0, 0x0, 0x0, 0x5f, 0xb0, 0x0,
    0x0, 0x0, 0x0, 0x0, 0x0, 0x0, 0x0, 0x0,
    0x1e, 0xf1, 0x0, 0x0, 0x0, 0x0, 0x0, 0x0,
    0x0, 0x0, 0xa7, 0xb, 0xf6, 0x0, 0x0, 0x0,
    0x0, 0x0, 0xa, 0xc0, 0x12, 0x1c, 0xf7, 0x6a,
    0x0, 0x8, 0x10, 0x0, 0x0, 0x0, 0xfc, 0xa,
    0xf2, 0x1d, 0xf5, 0x0, 0x4, 0xfd, 0x10, 0x0,
    0x0, 0x7f, 0x50, 0x9f, 0x10, 0x2f, 0xf1, 0x0,
    0x7, 0xfc, 0x0, 0x0, 0xe, 0xd0, 0x9, 0xf1,
    0x0, 0x65, 0x0, 0x10, 0x9, 0xf9, 0x0, 0x9,
    0xf5, 0x0, 0x9f, 0x10, 0x0, 0x0, 0xc, 0xc2,
    0xd, 0xf3, 0x0, 0xcc, 0x0, 0x8, 0xf2, 0x0,
    0x0, 0x0, 0xff, 0x10, 0x34, 0x0, 0x0, 0x10,
    0x0, 0x7f, 0xc6, 0x66, 0x66, 0xbf, 0xb0, 0x0,
    0x0, 0x0, 0x0, 0x0, 0x2, 0xdf, 0xff, 0xff,
    0xff, 0xc1, 0x0, 0x0, 0x0, 0x0, 0x0, 0x0,
    0x0, 0x0, 0x0, 0x0, 0x0, 0x0, 0x0, 0x0,
    0x0,

    /* U+6001 "态" */
    0x0, 0x0, 0x0, 0x0, 0x4, 0x20, 0x0, 0x0,
    0x0, 0x0, 0x0, 0x0, 0x0, 0x0, 0x0, 0xd,
    0xf6, 0x0, 0x0, 0x0, 0x0, 0x0, 0x0, 0x0,
    0x0, 0x0, 0xf, 0xf1, 0x0, 0x0, 0x0, 0x0,
    0x0, 0x3, 0x21, 0x0, 0x0, 0x3f, 0xd0, 0x0,
    0x0, 0x0, 0x11, 0x20, 0x3f, 0xff, 0xff, 0xff,
    0xff, 0xff, 0xff, 0xff, 0xff, 0xff, 0xe0, 0x2b,
    0xaa, 0xaa, 0xaa, 0xff, 0xba, 0xef, 0xaa, 0xaa,
    0xaa, 0xa0, 0x0, 0x0, 0x0, 0x4, 0xfc, 0x0,
    0x7f, 0x70, 0x0, 0x0, 0x0, 0x0, 0x0, 0x0,
    0xe, 0xf3, 0x0, 0xe, 0xe1, 0x0, 0x0, 0x0,
    0x0, 0x0, 0x0, 0xbf, 0x91, 0x0, 0x6, 0xfc,
    0x0, 0x0, 0x0, 0x0, 0x0, 0x1b, 0xfc, 0x9e,
    0x30, 0x0, 0x9f, 0xc1, 0x0, 0x0, 0x0, 0x3,
    0xdf, 0xc1, 0x9f, 0xf3, 0x0, 0xa, 0xfe, 0x60,
    0x0, 0x1, 0x9f, 0xfa, 0x0, 0x7, 0xfe, 0x0,
    0x0, 0x7f, 0xff, 0xa5, 0x5f, 0xff, 0x60, 0x0,
    0x0, 0x72, 0x0, 0x0, 0x2, 0xbf, 0xe2, 0x9,
    0xb2, 0x0, 0x0, 0x0, 0x1, 0x0, 0x0, 0x0,
    0x2, 0x40, 0x0, 0x0, 0x0, 0x0, 0x0, 0x8f,
    0x30, 0x0, 0x0, 0x30, 0x0, 0x0, 0x98, 0x10,
    0x8d, 0x70, 0x4f, 0xb0, 0x0, 0xb, 0xf3, 0x0,
    0x0, 0xef, 0x20, 0x9f, 0x70, 0xc, 0xf3, 0x0,
    0x5, 0xfe, 0x10, 0x3, 0xfc, 0x0, 0x8f, 0x70,
    0x4, 0x40, 0x0, 0x0, 0x9f, 0xb0, 0x9, 0xf6,
    0x0, 0x8f, 0x70, 0x0, 0x0, 0x8, 0xa3, 0xe,
    0xf7, 0x1f, 0xf0, 0x0, 0x7f, 0x80, 0x0, 0x0,
    0xd, 0xf7, 0x5, 0xd2, 0x6f, 0x90, 0x0, 0x6f,
    0xfc, 0xcc, 0xcc, 0xef, 0xe0, 0x0, 0x0, 0x1,
    0x10, 0x0, 0x1a, 0xee, 0xee, 0xee, 0xec, 0x40,
    0x0, 0x0,

    /* U+6062 "恢" */
    0x0, 0x0, 0x0, 0x0, 0x0, 0x0, 0x32, 0x0,
    0x0, 0x0, 0x0, 0x0, 0x0, 0x7, 0xd2, 0x0,
    0x0, 0xb, 0xf3, 0x0, 0x0, 0x0, 0x0, 0x0,
    0x0, 0x8f, 0x20, 0x0, 0x0, 0xde, 0x0, 0x0,
    0x0, 0x0, 0x0, 0x0, 0x8, 0xf2, 0x0, 0x0,
    0xf, 0x90, 0x0, 0x0, 0x0, 0x0, 0x0, 0x0,
    0x8f, 0x20, 0x7f, 0xff, 0xff, 0xff, 0xff, 0xff,
    0xfe, 0x0, 0x12, 0x8, 0xf2, 0x15, 0x99, 0xcf,
    0x98, 0x88, 0x88, 0x9a, 0xa0, 0x5, 0xf8, 0x8f,
    0x6f, 0x60, 0xb, 0xe0, 0x0, 0x0, 0x0, 0x0,
    0x0, 0x7f, 0x68, 0xf3, 0xed, 0x0, 0xfa, 0x0,
    0x8c, 0x50, 0x0, 0x0, 0x9, 0xf3, 0x8f, 0x29,
    0xf4, 0x5f, 0x50, 0x8, 0xf5, 0x0, 0x0, 0x0,
    0xbf, 0x8, 0xf2, 0x3b, 0x3b, 0xf2, 0x10, 0x9f,
    0x40, 0x2a, 0x40, 0xe, 0xd0, 0x8f, 0x20, 0x1,
    0xfa, 0x7f, 0x59, 0xf3, 0x8, 0xf8, 0x1, 0xfb,
    0x8, 0xf2, 0x0, 0x9f, 0x3c, 0xf1, 0xbf, 0x20,
    0xdf, 0x10, 0x17, 0x40, 0x8f, 0x20, 0x2f, 0xc1,
    0xfc, 0xd, 0xf3, 0x4f, 0x90, 0x0, 0x0, 0x8,
    0xf2, 0xb, 0xf3, 0x7f, 0x71, 0xff, 0x4c, 0xf3,
    0x0, 0x0, 0x0, 0x8f, 0x26, 0xfb, 0x4, 0xa2,
    0x6f, 0xf9, 0x26, 0x0, 0x0, 0x0, 0x8, 0xf6,
    0xff, 0x20, 0x0, 0xd, 0xfc, 0xe0, 0x0, 0x0,
    0x0, 0x0, 0x8f, 0xcf, 0x60, 0x0, 0x6, 0xf9,
    0x4f, 0x80, 0x0, 0x0, 0x0, 0x8, 0xf2, 0x50,
    0x0, 0x3, 0xfe, 0x10, 0xbf, 0x40, 0x0, 0x0,
    0x0, 0x8f, 0x20, 0x0, 0x4, 0xef, 0x40, 0x2,
    0xff, 0x50, 0x0, 0x0, 0x8, 0xf3, 0x0, 0x2a,
    0xff, 0x50, 0x0, 0x4, 0xff, 0xa1, 0x0, 0x0,
    0x9f, 0x30, 0xaf, 0xfd, 0x30, 0x0, 0x0, 0x4,
    0xff, 0x70, 0x0, 0x9, 0xf3, 0x3, 0xf8, 0x0,
    0x0, 0x0, 0x0, 0x2, 0x70, 0x0, 0x0, 0x0,
    0x0, 0x0, 0x0, 0x0, 0x0, 0x0, 0x0, 0x0,
    0x0,

    /* U+606F "息" */
    0x0, 0x0, 0x0, 0x0, 0x85, 0x10, 0x0, 0x0,
    0x0, 0x0, 0x0, 0x0, 0x0, 0x0, 0x0, 0xff,
    0x20, 0x0, 0x0, 0x0, 0x0, 0x0, 0x0, 0x0,
    0x0, 0x3, 0xf8, 0x0, 0x0, 0x0, 0x0, 0x0,
    0x0, 0x0, 0xc, 0xff, 0xff, 0xff, 0xff, 0xff,
    0xff, 0xff, 0xc0, 0x0, 0x0, 0xb, 0xf6, 0x55,
    0x55, 0x55, 0x55, 0x55, 0x6f, 0xb0, 0x0, 0x0,
    0xb, 0xf1, 0x0, 0x0, 0x0, 0x0, 0x0, 0x1f,
    0xb0, 0x0, 0x0, 0xb, 0xff, 0xff, 0xff, 0xff,
    0xff, 0xff, 0xff, 0xb0, 0x0, 0x0, 0xb, 0xf6,
    0x55, 0x55, 0x55, 0x55, 0x55, 0x6f, 0xb0, 0x0,
    0x0, 0xb, 0xf1, 0x0, 0x0, 0x0, 0x0, 0x0,
    0x1f, 0xb0, 0x0, 0x0, 0xb, 0xff, 0xff, 0xff,
    0xff, 0xff, 0xff, 0xff, 0xb0, 0x0, 0x0, 0xb,
    0xf6, 0x55, 0x55, 0x55, 0x55, 0x55, 0x6f, 0xb0,
    0x0, 0x0, 0xb, 0xf1, 0x0, 0x0, 0x0, 0x0,
    0x0, 0x1f, 0xb0, 0x0, 0x0, 0xc, 0xff, 0xff,
    0xff, 0xff, 0xff, 0xff, 0xff, 0xc0, 0x0, 0x0,
    0x4, 0x55, 0x55, 0x55, 0x55, 0x55, 0x55, 0x55,
    0x40, 0x0, 0x0, 0x0, 0x0, 0x0, 0x0, 0x2,
    0x0, 0x0, 0x0, 0x0, 0x0, 0x0, 0x0, 0x2,
    0xa7, 0x0, 0xbe, 0x10, 0x0, 0x2, 0xb1, 0x0,
    0x4, 0xe6, 0x3, 0xfa, 0x0, 0x9f, 0x90, 0x0,
    0xb, 0xfb, 0x0, 0x9, 0xf4, 0x3, 0xfa, 0x0,
    0x1f, 0xd0, 0x0, 0x0, 0xdf, 0x80, 0xe, 0xe0,
    0x3, 0xf9, 0x0, 0x4, 0x0, 0x6, 0x10, 0x2f,
    0xf5, 0x5f, 0x90, 0x3, 0xfa, 0x0, 0x0, 0x0,
    0xe, 0xf1, 0x6, 0xf7, 0xaf, 0x30, 0x2, 0xfe,
    0x76, 0x66, 0x66, 0x8f, 0xc0, 0x0, 0x30, 0x1,
    0x0, 0x0, 0xbf, 0xff, 0xff, 0xff, 0xfd, 0x40,
    0x0, 0x0,

    /* U+60C5 "情" */
    0x0, 0x0, 0xbf, 0x20, 0x0, 0x0, 0x0, 0x2f,
    0xb0, 0x0, 0x0, 0x0, 0x0, 0x0, 0xaf, 0x20,
    0x0, 0x0, 0x0, 0x1f, 0xb0, 0x0, 0x0, 0x0,
    0x0, 0x0, 0xaf, 0x10, 0x7, 0x99, 0x88, 0x9f,
    0xd8, 0x88, 0x99, 0x20, 0x0, 0x0, 0x9f, 0x10,
    0xa, 0xee, 0xdd, 0xdf, 0xfd, 0xdd, 0xee, 0x30,
    0x0, 0x0, 0x9f, 0x11, 0x0, 0x10, 0x0, 0x1f,
    0xb0, 0x0, 0x0, 0x0, 0x0, 0xd8, 0x9f, 0x6f,
    0x72, 0xff, 0xff, 0xff, 0xff, 0xff, 0xf9, 0x0,
    0x2, 0xf9, 0x9f, 0x2f, 0xc1, 0x77, 0x66, 0x7f,
    0xd6, 0x66, 0x74, 0x0, 0x4, 0xf6, 0x9f, 0x1d,
    0xf2, 0x11, 0x0, 0x1f, 0xb0, 0x0, 0x1, 0x10,
    0x7, 0xf3, 0x9f, 0x12, 0x1f, 0xff, 0xff, 0xff,
    0xff, 0xff, 0xff, 0xf1, 0xa, 0xf0, 0x9f, 0x10,
    0x6, 0x66, 0x55, 0x55, 0x55, 0x55, 0x56, 0x60,
    0xe, 0xc0, 0x9f, 0x10, 0x0, 0x57, 0x77, 0x77,
    0x77, 0x77, 0x50, 0x0, 0x4, 0x40, 0x9f, 0x10,
    0x0, 0xcf, 0xff, 0xff, 0xff, 0xff, 0xb0, 0x0,
    0x0, 0x0, 0x9f, 0x10, 0x0, 0xbf, 0x0, 0x0,
    0x0, 0xf, 0xb0, 0x0, 0x0, 0x0, 0x9f, 0x10,
    0x0, 0xbf, 0x66, 0x66, 0x66, 0x6f, 0xa0, 0x0,
    0x0, 0x0, 0x9f, 0x10, 0x0, 0xbf, 0xff, 0xff,
    0xff, 0xff, 0xa0, 0x0, 0x0, 0x0, 0x9f, 0x10,
    0x0, 0xbf, 0x0, 0x0, 0x0, 0xf, 0xa0, 0x0,
    0x0, 0x0, 0x9f, 0x10, 0x0, 0xbf, 0x33, 0x33,
    0x33, 0x3f, 0xa0, 0x0, 0x0, 0x0, 0x9f, 0x10,
    0x0, 0xbf, 0xff, 0xff, 0xff, 0xff, 0xa0, 0x0,
    0x0, 0x0, 0xaf, 0x10, 0x0, 0xbf, 0x33, 0x33,
    0x33, 0x3f, 0xa0, 0x0, 0x0, 0x0, 0xaf, 0x10,
    0x0, 0xbf, 0x0, 0x0, 0x0, 0xf, 0xa0, 0x0,
    0x0, 0x0, 0xbf, 0x20, 0x0, 0xbf, 0x0, 0x0,
    0x3, 0xbf, 0x90, 0x0, 0x0, 0x0, 0xbe, 0x20,
    0x0, 0xcf, 0x0, 0x0, 0x0, 0xea, 0x20, 0x0,

    /* U+6210 "成" */
    0x0, 0x0, 0x0, 0x0, 0x0, 0x0, 0x8, 0x70,
    0x4, 0x10, 0x0, 0x0, 0x0, 0x0, 0x0, 0x0,
    0x0, 0x0, 0xf, 0xf0, 0x2f, 0xe2, 0x0, 0x0,
    0x0, 0x0, 0x0, 0x0, 0x0, 0x0, 0xf, 0xf0,
    0x7, 0xff, 0x30, 0x0, 0x0, 0x0, 0x0, 0x0,
    0x0, 0x0, 0xf, 0xf0, 0x0, 0x7f, 0xc0, 0x0,
    0x0, 0x0, 0x0, 0x0, 0x0, 0x0, 0xe, 0xf0,
    0x0, 0x7, 0x11, 0x0, 0x0, 0xa, 0xff, 0xff,
    0xff, 0xff, 0xff, 0xff, 0xff, 0xff, 0xff, 0x0,
    0x0, 0xa, 0xfb, 0x99, 0x99, 0x99, 0x9d, 0xfa,
    0x99, 0x99, 0xaa, 0x0, 0x0, 0x9, 0xf3, 0x0,
    0x0, 0x0, 0xa, 0xf2, 0x0, 0x0, 0x0, 0x0,
    0x0, 0x9, 0xf3, 0x0, 0x0, 0x0, 0x9, 0xf3,
    0x0, 0x9, 0x0, 0x0, 0x0, 0x9, 0xf4, 0x0,
    0x0, 0x0, 0x7, 0xf5, 0x0, 0x6f, 0xe1, 0x0,
    0x0, 0x9, 0xff, 0xff, 0xff, 0xf4, 0x5, 0xf7,
    0x0, 0xcf, 0x80, 0x0, 0x0, 0x9, 0xfb, 0xaa,
    0xad, 0xf3, 0x2, 0xfa, 0x2, 0xfe, 0x0, 0x0,
    0x0, 0xa, 0xf3, 0x0, 0xa, 0xf1, 0x0, 0xfd,
    0xa, 0xf7, 0x0, 0x0, 0x0, 0xb, 0xf3, 0x0,
    0xb, 0xf0, 0x0, 0xcf, 0x4f, 0xe0, 0x0, 0x0,
    0x0, 0xc, 0xf1, 0x0, 0xc, 0xf0, 0x0, 0x8f,
    0xef, 0x50, 0x0, 0x0, 0x0, 0xe, 0xf0, 0x0,
    0xd, 0xe0, 0x0, 0x3f, 0xfb, 0x0, 0x0, 0x0,
    0x0, 0x2f, 0xe0, 0x0, 0xf, 0xd0, 0x0, 0x5f,
    0xf4, 0x0, 0x1, 0x0, 0x0, 0x6f, 0xb0, 0x22,
    0x6f, 0xb0, 0x3, 0xff, 0xfc, 0x0, 0xe, 0x60,
    0x0, 0xaf, 0x60, 0xbf, 0xff, 0x70, 0x5f, 0xf5,
    0xcf, 0x70, 0x3f, 0xe0, 0x2, 0xff, 0x10, 0x5c,
    0xa6, 0x9, 0xff, 0x50, 0x3f, 0xf7, 0x7f, 0xb0,
    0xc, 0xfa, 0x0, 0x0, 0x5, 0xdf, 0xd3, 0x0,
    0x6, 0xff, 0xff, 0x70, 0x8, 0xe1, 0x0, 0x0,
    0xa, 0xfa, 0x10, 0x0, 0x0, 0x5e, 0xff, 0x10,
    0x0, 0x0, 0x0, 0x0, 0x0, 0x40, 0x0, 0x0,
    0x0, 0x0, 0x31, 0x0,

    /* U+622A "截" */
    0x0, 0x0, 0x0, 0x7, 0x70, 0x0, 0x0, 0x55,
    0x10, 0x1, 0x0, 0x0, 0x0, 0x0, 0x0, 0xe,
    0xd0, 0x0, 0x0, 0xbf, 0x30, 0x9f, 0x20, 0x0,
    0x0, 0x9, 0x87, 0x7e, 0xe7, 0x77, 0x60, 0xbf,
    0x20, 0x7f, 0xc0, 0x0, 0x0, 0xf, 0xff, 0xff,
    0xff, 0xff, 0xc0, 0xaf, 0x10, 0xc, 0xe3, 0x0,
    0x0, 0x0, 0x0, 0xe, 0xd0, 0x0, 0x0, 0x9f,
    0x10, 0x2, 0x10, 0x0, 0x5, 0x87, 0x77, 0x7e,
    0xe7, 0x77, 0x77, 0xcf, 0x87, 0x77, 0x78, 0x50,
    0x9, 0xff, 0xff, 0xff, 0xff, 0xff, 0xff, 0xff,
    0xff, 0xff, 0xff, 0xb0, 0x0, 0x0, 0x54, 0x0,
    0x45, 0x0, 0x0, 0x6f, 0x40, 0x0, 0x0, 0x0,
    0x0, 0x1, 0xff, 0x21, 0xfe, 0x0, 0x0, 0x5f,
    0x50, 0x2, 0x30, 0x0, 0x0, 0xa, 0xfb, 0x77,
    0xdf, 0xa9, 0x94, 0x4f, 0x70, 0x6, 0xfa, 0x0,
    0x0, 0x6f, 0xff, 0xff, 0xff, 0xff, 0xf6, 0x2f,
    0x90, 0xa, 0xf5, 0x0, 0x3, 0xff, 0xc0, 0x0,
    0xfa, 0x0, 0x0, 0xf, 0xb0, 0xe, 0xe0, 0x0,
    0x1e, 0xff, 0xe7, 0x77, 0xfd, 0x77, 0x80, 0xd,
    0xe0, 0x3f, 0x90, 0x0, 0x8, 0x6d, 0xff, 0xff,
    0xff, 0xff, 0xf0, 0xa, 0xf1, 0x9f, 0x30, 0x0,
    0x0, 0xd, 0xc0, 0x0, 0xfa, 0x0, 0x0, 0x6,
    0xf6, 0xfc, 0x0, 0x0, 0x0, 0xd, 0xe7, 0x77,
    0xfd, 0x78, 0x70, 0x2, 0xfe, 0xf6, 0x0, 0x0,
    0x0, 0xd, 0xff, 0xff, 0xff, 0xff, 0xf0, 0x0,
    0xdf, 0xe0, 0x0, 0x0, 0x0, 0xd, 0xc0, 0x0,
    0xfa, 0x0, 0x0, 0x0, 0xcf, 0xa0, 0x0, 0x0,
    0x0, 0xd, 0xe8, 0x88, 0xfd, 0x88, 0x90, 0x1c,
    0xfe, 0xf5, 0xa, 0x81, 0x0, 0xd, 0xff, 0xff,
    0xff, 0xff, 0xf5, 0xef, 0x91, 0xef, 0x4d, 0xf1,
    0x0, 0xe, 0xc0, 0x0, 0x0, 0x1, 0xbf, 0xf8,
    0x0, 0x3e, 0xff, 0xd0, 0x0, 0xf, 0xc0, 0x0,
    0x0, 0x2, 0xef, 0x60, 0x0, 0x2, 0xcf, 0x80,
    0x0, 0x0, 0x0, 0x0, 0x0, 0x0, 0x32, 0x0,
    0x0, 0x0, 0x2, 0x0,

    /* U+6253 "打" */
    0x0, 0x0, 0x9, 0xb1, 0x0, 0x0, 0x0, 0x0,
    0x0, 0x0, 0x0, 0x0, 0x0, 0x0, 0xdf, 0x20,
    0x0, 0x0, 0x0, 0x0, 0x0, 0x0, 0x0, 0x0,
    0x0, 0xd, 0xf1, 0x0, 0x14, 0x32, 0x22, 0x22,
    0x22, 0x33, 0x40, 0x0, 0x0, 0xdf, 0x10, 0x4,
    0xff, 0xff, 0xff, 0xff, 0xff, 0xfd, 0x0, 0x0,
    0xc, 0xf1, 0x0, 0x28, 0x88, 0x88, 0xef, 0x98,
    0x88, 0x70, 0x59, 0x98, 0xef, 0x98, 0x97, 0x0,
    0x0, 0xd, 0xf2, 0x0, 0x0, 0x8, 0xff, 0xff,
    0xff, 0xff, 0xb0, 0x0, 0x0, 0xdf, 0x20, 0x0,
    0x0, 0x12, 0x11, 0xcf, 0x21, 0x11, 0x0, 0x0,
    0xd, 0xf2, 0x0, 0x0, 0x0, 0x0, 0xc, 0xf1,
    0x0, 0x0, 0x0, 0x0, 0xdf, 0x20, 0x0, 0x0,
    0x0, 0x0, 0xcf, 0x10, 0x0, 0x0, 0x0, 0xd,
    0xf2, 0x0, 0x0, 0x0, 0x0, 0xc, 0xf1, 0x4a,
    0x50, 0x0, 0x0, 0xdf, 0x20, 0x0, 0x0, 0x0,
    0x0, 0xdf, 0xff, 0xf5, 0x0, 0x0, 0xd, 0xf2,
    0x0, 0x0, 0x2, 0x6a, 0xff, 0xfb, 0x61, 0x0,
    0x0, 0x0, 0xdf, 0x20, 0x0, 0x0, 0xcf, 0xfc,
    0xef, 0x10, 0x0, 0x0, 0x0, 0xd, 0xf2, 0x0,
    0x0, 0x6, 0x82, 0xc, 0xf1, 0x0, 0x0, 0x0,
    0x0, 0xdf, 0x20, 0x0, 0x0, 0x0, 0x0, 0xcf,
    0x10, 0x0, 0x0, 0x0, 0xd, 0xf2, 0x0, 0x0,
    0x0, 0x0, 0xc, 0xf1, 0x0, 0x0, 0x0, 0x0,
    0xdf, 0x20, 0x0, 0x0, 0x0, 0x0, 0xcf, 0x10,
    0x0, 0x0, 0x0, 0xd, 0xf2, 0x0, 0x0, 0x0,
    0x0, 0xc, 0xf1, 0x0, 0x0, 0x0, 0x0, 0xdf,
    0x20, 0x0, 0x0, 0x1, 0x23, 0xff, 0x0, 0x0,
    0x0, 0x0, 0x2f, 0xf2, 0x0, 0x0, 0x0, 0x3f,
    0xff, 0xd0, 0x0, 0x0, 0xb, 0xff, 0xfe, 0x0,
    0x0, 0x0, 0x0, 0xec, 0x82, 0x0, 0x0, 0x0,
    0x4f, 0xea, 0x30, 0x0, 0x0, 0x0, 0x0, 0x0,
    0x0, 0x0, 0x0, 0x0, 0x20, 0x0, 0x0, 0x0,
    0x0,

    /* U+626B "扫" */
    0x0, 0x0, 0x4, 0x51, 0x0, 0x0, 0x0, 0x0,
    0x0, 0x0, 0x0, 0x0, 0x0, 0x0, 0xef, 0x20,
    0x0, 0x0, 0x0, 0x0, 0x0, 0x0, 0x0, 0x0,
    0x0, 0xe, 0xf2, 0x0, 0x1e, 0xdd, 0xdd, 0xdd,
    0xdd, 0xdd, 0x10, 0x0, 0x0, 0xdf, 0x20, 0x1,
    0xfe, 0xee, 0xee, 0xee, 0xef, 0xf1, 0x0, 0x0,
    0xd, 0xf2, 0x0, 0x0, 0x0, 0x0, 0x0, 0x0,
    0xdf, 0x0, 0xac, 0xcb, 0xff, 0xcc, 0xc7, 0x0,
    0x0, 0x0, 0x0, 0xd, 0xf0, 0xc, 0xff, 0xff,
    0xff, 0xff, 0x80, 0x0, 0x0, 0x0, 0x0, 0xdf,
    0x0, 0x0, 0x0, 0xdf, 0x20, 0x0, 0x0, 0x0,
    0x0, 0x0, 0xd, 0xf0, 0x0, 0x0, 0xd, 0xf2,
    0x0, 0x0, 0x0, 0x0, 0x0, 0x0, 0xdf, 0x0,
    0x0, 0x0, 0xdf, 0x20, 0x40, 0x2, 0x21, 0x11,
    0x11, 0x1d, 0xf0, 0x0, 0x0, 0xd, 0xf4, 0xbf,
    0x10, 0xff, 0xff, 0xff, 0xff, 0xff, 0x0, 0x0,
    0x0, 0xdf, 0xff, 0x80, 0x9, 0x88, 0x88, 0x88,
    0x8e, 0xf0, 0x0, 0x6, 0xef, 0xf8, 0x10, 0x0,
    0x0, 0x0, 0x0, 0x0, 0xdf, 0x0, 0x9f, 0xfd,
    0xef, 0x20, 0x0, 0x0, 0x0, 0x0, 0x0, 0xd,
    0xf0, 0x7, 0xe6, 0xd, 0xf2, 0x0, 0x0, 0x0,
    0x0, 0x0, 0x0, 0xdf, 0x0, 0x1, 0x0, 0xdf,
    0x20, 0x0, 0x0, 0x0, 0x0, 0x0, 0xd, 0xf0,
    0x0, 0x0, 0xd, 0xf2, 0x0, 0x0, 0x0, 0x0,
    0x0, 0x0, 0xdf, 0x0, 0x0, 0x0, 0xdf, 0x20,
    0x1, 0x11, 0x0, 0x0, 0x0, 0xd, 0xf0, 0x0,
    0x0, 0xd, 0xf2, 0x0, 0xcf, 0xff, 0xff, 0xff,
    0xff, 0xff, 0x0, 0x0, 0x0, 0xdf, 0x20, 0x9,
    0xba, 0xaa, 0xaa, 0xaa, 0xaf, 0xf1, 0x0, 0x59,
    0xaf, 0xf0, 0x0, 0x0, 0x0, 0x0, 0x0, 0x0,
    0xdf, 0x10, 0x4, 0xff, 0xd5, 0x0, 0x0, 0x0,
    0x0, 0x0, 0x0, 0xd, 0xf1, 0x0, 0x4, 0x20,
    0x0, 0x0, 0x0, 0x0, 0x0, 0x0, 0x0, 0x0,
    0x0,

    /* U+62E9 "择" */
    0x0, 0x0, 0x9b, 0x10, 0x0, 0x0, 0x0, 0x0,
    0x0, 0x0, 0x0, 0x0, 0x0, 0x0, 0xdf, 0x20,
    0x0, 0xff, 0xff, 0xff, 0xff, 0xff, 0xe1, 0x0,
    0x0, 0x0, 0xdf, 0x20, 0x0, 0x8e, 0xf8, 0x88,
    0x88, 0xcf, 0x80, 0x0, 0x0, 0x0, 0xdf, 0x10,
    0x0, 0x8, 0xf3, 0x0, 0x1, 0xee, 0x0, 0x0,
    0x1, 0x11, 0xdf, 0x22, 0x20, 0x1, 0xfc, 0x0,
    0xa, 0xf5, 0x0, 0x0, 0xb, 0xff, 0xff, 0xff,
    0xc0, 0x0, 0x7f, 0x70, 0x8f, 0x90, 0x0, 0x0,
    0x6, 0x88, 0xef, 0x88, 0x70, 0x0, 0xb, 0xfc,
    0xfa, 0x0, 0x0, 0x0, 0x0, 0x0, 0xcf, 0x10,
    0x0, 0x0, 0x7, 0xff, 0xf5, 0x0, 0x0, 0x0,
    0x0, 0x0, 0xcf, 0x10, 0x0, 0x38, 0xdf, 0xe8,
    0xef, 0xea, 0x75, 0x30, 0x0, 0x0, 0xcf, 0x15,
    0x4f, 0xff, 0xd6, 0x0, 0x18, 0xef, 0xff, 0x80,
    0x0, 0x0, 0xcf, 0xef, 0x7, 0x83, 0x0, 0xcf,
    0x40, 0x3, 0x7b, 0x10, 0x2, 0x7c, 0xff, 0xd6,
    0x0, 0x0, 0x0, 0xbf, 0x30, 0x0, 0x0, 0x0,
    0x1f, 0xff, 0xff, 0x10, 0x3, 0xa9, 0x99, 0xdf,
    0xa9, 0xaa, 0x70, 0x0, 0xa, 0xb2, 0xcf, 0x10,
    0x5, 0xfe, 0xee, 0xff, 0xee, 0xff, 0xb0, 0x0,
    0x0, 0x0, 0xcf, 0x10, 0x0, 0x0, 0x0, 0xaf,
    0x30, 0x0, 0x0, 0x0, 0x0, 0x0, 0xcf, 0x10,
    0x0, 0x0, 0x0, 0xaf, 0x30, 0x0, 0x0, 0x0,
    0x0, 0x0, 0xcf, 0x10, 0x11, 0x11, 0x11, 0xbf,
    0x41, 0x11, 0x12, 0x10, 0x0, 0x0, 0xcf, 0x13,
    0xff, 0xff, 0xff, 0xff, 0xff, 0xff, 0xff, 0x70,
    0x0, 0x0, 0xcf, 0x11, 0x87, 0x77, 0x77, 0xdf,
    0x87, 0x77, 0x78, 0x40, 0x0, 0x99, 0xff, 0x0,
    0x0, 0x0, 0x0, 0xaf, 0x30, 0x0, 0x0, 0x0,
    0x0, 0xdf, 0xf9, 0x0, 0x0, 0x0, 0x0, 0xbf,
    0x30, 0x0, 0x0, 0x0, 0x0, 0x44, 0x10, 0x0,
    0x0, 0x0, 0x0, 0xcf, 0x40, 0x0, 0x0, 0x0,

    /* U+62FC "拼" */
    0x0, 0x0, 0x79, 0x10, 0x0, 0x0, 0x20, 0x0,
    0x0, 0x61, 0x0, 0x0, 0x0, 0xc, 0xf2, 0x0,
    0x0, 0xdf, 0x20, 0x0, 0x2f, 0xf3, 0x0, 0x0,
    0x0, 0xbf, 0x10, 0x0, 0x8, 0xfc, 0x0, 0x7,
    0xfa, 0x0, 0x0, 0x0, 0xb, 0xf1, 0x0, 0x0,
    0xc, 0xe2, 0x0, 0xdf, 0x20, 0x0, 0x0, 0x0,
    0xbf, 0x10, 0x0, 0x0, 0x20, 0x0, 0x5f, 0xa0,
    0x0, 0x0, 0x23, 0x2c, 0xf3, 0x32, 0x1c, 0xcb,
    0xbb, 0xbe, 0xfc, 0xbb, 0xc3, 0xc, 0xff, 0xff,
    0xff, 0xb0, 0xcb, 0xdf, 0xcb, 0xbe, 0xfb, 0xbb,
    0x30, 0x44, 0x4c, 0xf5, 0x43, 0x0, 0x8, 0xf3,
    0x0, 0x9f, 0x20, 0x0, 0x0, 0x0, 0xbf, 0x10,
    0x0, 0x0, 0x8f, 0x30, 0x9, 0xf2, 0x0, 0x0,
    0x0, 0xb, 0xf1, 0x0, 0x0, 0x8, 0xf3, 0x0,
    0x9f, 0x20, 0x0, 0x0, 0x0, 0xbf, 0x5a, 0x60,
    0x0, 0x8f, 0x30, 0x9, 0xf2, 0x0, 0x0, 0x0,
    0x2d, 0xff, 0xe5, 0x65, 0x5b, 0xf7, 0x55, 0xbf,
    0x75, 0x66, 0x19, 0xdf, 0xff, 0x50, 0xe, 0xff,
    0xff, 0xff, 0xff, 0xff, 0xff, 0xe0, 0xcf, 0x9c,
    0xf1, 0x0, 0x11, 0x19, 0xf4, 0x11, 0xaf, 0x31,
    0x12, 0x3, 0x10, 0xbf, 0x10, 0x0, 0x0, 0xbf,
    0x20, 0x9, 0xf2, 0x0, 0x0, 0x0, 0xb, 0xf1,
    0x0, 0x0, 0xe, 0xf0, 0x0, 0x9f, 0x20, 0x0,
    0x0, 0x0, 0xbf, 0x10, 0x0, 0x3, 0xfa, 0x0,
    0x9, 0xf2, 0x0, 0x0, 0x0, 0xb, 0xf1, 0x0,
    0x0, 0xbf, 0x40, 0x0, 0x9f, 0x20, 0x0, 0x0,
    0x0, 0xbf, 0x10, 0x0, 0x7f, 0xc0, 0x0, 0x9,
    0xf2, 0x0, 0x0, 0x7, 0x9e, 0xf0, 0x0, 0x8f,
    0xf2, 0x0, 0x0, 0x9f, 0x30, 0x0, 0x0, 0x6f,
    0xf8, 0x1, 0xbf, 0xf4, 0x0, 0x0, 0xa, 0xf3,
    0x0, 0x0, 0x1, 0x51, 0x0, 0x3, 0xc4, 0x0,
    0x0, 0x0, 0xaf, 0x40, 0x0,

    /* U+6301 "持" */
    0x0, 0x0, 0x1d, 0xa0, 0x0, 0x0, 0x0, 0x4f,
    0x90, 0x0, 0x0, 0x0, 0x0, 0x1, 0xfc, 0x0,
    0x0, 0x0, 0x4, 0xf9, 0x0, 0x0, 0x0, 0x0,
    0x0, 0x1f, 0xb0, 0x0, 0x0, 0x0, 0x3f, 0x80,
    0x0, 0x0, 0x0, 0x0, 0x1, 0xfb, 0x0, 0x6,
    0x98, 0x8a, 0xfc, 0x88, 0x99, 0x30, 0x1, 0x22,
    0x3f, 0xb2, 0x21, 0x9e, 0xee, 0xef, 0xfe, 0xee,
    0xf5, 0x0, 0x8f, 0xff, 0xff, 0xff, 0x60, 0x0,
    0x3, 0xf8, 0x0, 0x0, 0x0, 0x5, 0x99, 0x9f,
    0xd9, 0xa4, 0x0, 0x0, 0x3f, 0x80, 0x0, 0x0,
    0x0, 0x0, 0x1, 0xfb, 0x0, 0x11, 0x0, 0x4,
    0xf9, 0x0, 0x0, 0x11, 0x0, 0x0, 0x1f, 0xb0,
    0xa, 0xff, 0xff, 0xff, 0xff, 0xff, 0xff, 0xe0,
    0x0, 0x1, 0xfb, 0x6, 0x67, 0x77, 0x77, 0x77,
    0xaf, 0xb7, 0x87, 0x0, 0x0, 0x1f, 0xee, 0xf1,
    0x0, 0x0, 0x0, 0x5, 0xf7, 0x0, 0x0, 0x1,
    0x6c, 0xff, 0xb4, 0x0, 0x0, 0x0, 0x0, 0x5f,
    0x70, 0x0, 0xa, 0xff, 0xff, 0xb0, 0x8, 0xff,
    0xff, 0xff, 0xff, 0xff, 0xff, 0x90, 0x7f, 0x93,
    0xfb, 0x0, 0x59, 0x99, 0x99, 0x99, 0xbf, 0xc9,
    0x96, 0x1, 0x20, 0x1f, 0xb0, 0x0, 0x6, 0x30,
    0x0, 0x5, 0xf7, 0x0, 0x0, 0x0, 0x1, 0xfb,
    0x0, 0x4, 0xfe, 0x10, 0x0, 0x5f, 0x70, 0x0,
    0x0, 0x0, 0x1f, 0xb0, 0x0, 0xa, 0xfa, 0x0,
    0x5, 0xf7, 0x0, 0x0, 0x0, 0x1, 0xfb, 0x0,
    0x0, 0x1f, 0xf1, 0x0, 0x5f, 0x70, 0x0, 0x0,
    0x12, 0x6f, 0xa0, 0x0, 0x0, 0x41, 0x0, 0x8,
    0xf7, 0x0, 0x0, 0x8, 0xff, 0xf7, 0x0, 0x0,
    0x0, 0x0, 0xdf, 0xff, 0x50, 0x0, 0x0, 0x2d,
    0xb6, 0x0, 0x0, 0x0, 0x0, 0x8, 0xec, 0x80,
    0x0, 0x0,

    /* U+6362 "换" */
    0x0, 0x0, 0x6b, 0x20, 0x0, 0x0, 0x44, 0x0,
    0x0, 0x0, 0x0, 0x0, 0x0, 0x9, 0xf2, 0x0,
    0x0, 0xc, 0xf5, 0x0, 0x0, 0x0, 0x0, 0x0,
    0x0, 0x8f, 0x10, 0x0, 0x3, 0xfb, 0x0, 0x0,
    0x0, 0x0, 0x0, 0x0, 0x8, 0xf1, 0x0, 0x0,
    0xcf, 0xfe, 0xee, 0xee, 0x80, 0x0, 0x0, 0x0,
    0x8f, 0x10, 0x0, 0x6f, 0xa6, 0x66, 0x8f, 0xe0,
    0x0, 0x0, 0x76, 0x6b, 0xf6, 0x63, 0x2f, 0xd0,
    0x0, 0xb, 0xf4, 0x0, 0x0, 0xf, 0xff, 0xff,
    0xff, 0x9d, 0xf3, 0x0, 0x3, 0xfa, 0x0, 0x0,
    0x0, 0x32, 0x29, 0xf3, 0x2b, 0xfc, 0x77, 0x77,
    0xcf, 0x87, 0x76, 0x0, 0x0, 0x0, 0x8f, 0x10,
    0x8, 0xff, 0xff, 0xff, 0xff, 0xff, 0xe0, 0x0,
    0x0, 0x8, 0xf1, 0x0, 0x1f, 0x80, 0x7, 0xf3,
    0x0, 0xae, 0x0, 0x0, 0x0, 0x8f, 0x28, 0x21,
    0xf8, 0x0, 0x8f, 0x20, 0xa, 0xe0, 0x0, 0x0,
    0x8, 0xfe, 0xf4, 0x1f, 0x80, 0x9, 0xf2, 0x0,
    0xae, 0x0, 0x0, 0x18, 0xef, 0xc3, 0x1, 0xf8,
    0x0, 0xaf, 0x10, 0xa, 0xe0, 0x0, 0xaf, 0xff,
    0xf1, 0x1, 0x2f, 0x80, 0xb, 0xf1, 0x0, 0xae,
    0x11, 0x8, 0xd4, 0x8f, 0x13, 0xff, 0xff, 0xff,
    0xff, 0xff, 0xff, 0xff, 0xf0, 0x0, 0x8, 0xf1,
    0x16, 0x55, 0x55, 0x7f, 0xfe, 0x55, 0x55, 0x66,
    0x0, 0x0, 0x8f, 0x10, 0x0, 0x0, 0x9, 0xfc,
    0xf4, 0x0, 0x0, 0x0, 0x0, 0x8, 0xf1, 0x0,
    0x0, 0x5, 0xfc, 0xd, 0xe1, 0x0, 0x0, 0x0,
    0x0, 0x8f, 0x10, 0x0, 0x6, 0xfe, 0x20, 0x4f,
    0xd2, 0x0, 0x0, 0x0, 0x8, 0xf1, 0x0, 0x1b,
    0xfe, 0x30, 0x0, 0x6f, 0xf6, 0x0, 0x0, 0x89,
    0xef, 0x3, 0xaf, 0xfb, 0x10, 0x0, 0x0, 0x6f,
    0xfd, 0x60, 0xa, 0xff, 0x70, 0x5f, 0xe6, 0x0,
    0x0, 0x0, 0x0, 0x3d, 0xf3, 0x0, 0x23, 0x0,
    0x0, 0x40, 0x0, 0x0, 0x0, 0x0, 0x0, 0x4,
    0x0,

    /* U+63A5 "接" */
    0x0, 0x0, 0x23, 0x0, 0x0, 0x0, 0x0, 0x59,
    0x20, 0x0, 0x0, 0x0, 0x0, 0x0, 0xbf, 0x20,
    0x0, 0x0, 0x0, 0x9f, 0x70, 0x0, 0x0, 0x0,
    0x0, 0x0, 0x9f, 0x10, 0x2, 0x22, 0x22, 0x6f,
    0xc2, 0x22, 0x23, 0x10, 0x0, 0x0, 0x9f, 0x10,
    0xa, 0xff, 0xff, 0xff, 0xff, 0xff, 0xff, 0x40,
    0x0, 0x0, 0x9f, 0x10, 0x4, 0x55, 0x55, 0x55,
    0x56, 0x75, 0x56, 0x20, 0xd, 0xed, 0xef, 0xdd,
    0x60, 0x1, 0x91, 0x0, 0x4, 0xf8, 0x0, 0x0,
    0xc, 0xdc, 0xef, 0xcd, 0x50, 0x9, 0xf9, 0x0,
    0x8, 0xf7, 0x0, 0x0, 0x0, 0x0, 0x9f, 0x10,
    0x0, 0x1, 0xff, 0x20, 0xd, 0xf1, 0x0, 0x0,
    0x0, 0x0, 0x9f, 0x10, 0x2, 0x10, 0x76, 0x10,
    0x3f, 0xa0, 0x2, 0x10, 0x0, 0x0, 0x9f, 0x10,
    0xd, 0xff, 0xff, 0xff, 0xff, 0xff, 0xff, 0x40,
    0x0, 0x0, 0x9f, 0x27, 0x36, 0x77, 0x79, 0x87,
    0x77, 0x77, 0x77, 0x20, 0x0, 0x0, 0x9f, 0xff,
    0x40, 0x0, 0x8, 0xf7, 0x0, 0x0, 0x0, 0x0,
    0x2, 0x6b, 0xff, 0xd5, 0x12, 0x0, 0xe, 0xf4,
    0x0, 0x0, 0x1, 0x10, 0xe, 0xff, 0xef, 0x10,
    0x6f, 0xff, 0xff, 0xff, 0xff, 0xff, 0xff, 0xf0,
    0x8, 0xa2, 0x9f, 0x10, 0x37, 0x77, 0xef, 0x77,
    0x7a, 0xfb, 0x77, 0x80, 0x0, 0x0, 0x9f, 0x10,
    0x0, 0x4, 0xf8, 0x0, 0xa, 0xf1, 0x0, 0x0,
    0x0, 0x0, 0x9f, 0x10, 0x0, 0xd, 0xf8, 0x10,
    0x3f, 0xa0, 0x0, 0x0, 0x0, 0x0, 0x9f, 0x10,
    0x0, 0x6, 0xdf, 0xfa, 0xcf, 0x10, 0x0, 0x0,
    0x0, 0x0, 0x9f, 0x10, 0x0, 0x0, 0x3, 0xcf,
    0xfe, 0x50, 0x0, 0x0, 0x0, 0x0, 0xbf, 0x10,
    0x0, 0x0, 0x28, 0xff, 0xaf, 0xfd, 0x50, 0x0,
    0x1, 0xbb, 0xff, 0x0, 0x26, 0x9c, 0xff, 0xc2,
    0x2, 0xaf, 0xfd, 0x40, 0x0, 0xcf, 0xf6, 0x0,
    0x3f, 0xff, 0xa4, 0x0, 0x0, 0x4, 0xde, 0x10,
    0x0, 0x34, 0x10, 0x0, 0x6, 0x30, 0x0, 0x0,
    0x0, 0x0, 0x2, 0x0,

    /* U+63CF "描" */
    0x0, 0x0, 0x34, 0x0, 0x0, 0x0, 0x78, 0x0,
    0x6, 0x92, 0x0, 0x0, 0x0, 0x0, 0xcf, 0x10,
    0x0, 0x0, 0xcd, 0x0, 0xa, 0xf3, 0x0, 0x0,
    0x0, 0x0, 0xbf, 0x10, 0x0, 0x0, 0xbd, 0x0,
    0xa, 0xf2, 0x0, 0x0, 0x0, 0x0, 0xbf, 0x10,
    0x1, 0x0, 0xbd, 0x0, 0xa, 0xf2, 0x0, 0x0,
    0x0, 0x0, 0xbf, 0x10, 0x3f, 0xff, 0xff, 0xff,
    0xff, 0xff, 0xff, 0xf2, 0x1, 0x10, 0xbf, 0x21,
    0x28, 0x77, 0xde, 0x77, 0x7d, 0xf9, 0x77, 0x81,
    0xf, 0xff, 0xff, 0xff, 0x60, 0x0, 0xcd, 0x0,
    0xa, 0xf3, 0x0, 0x0, 0x8, 0x77, 0xdf, 0x87,
    0x30, 0x0, 0xcd, 0x0, 0xa, 0xf3, 0x0, 0x0,
    0x0, 0x0, 0xbf, 0x10, 0x0, 0x0, 0x22, 0x0,
    0x1, 0x30, 0x0, 0x0, 0x0, 0x0, 0xbf, 0x10,
    0x1, 0x77, 0x77, 0x77, 0x77, 0x77, 0x75, 0x0,
    0x0, 0x0, 0xbf, 0x4a, 0x22, 0xff, 0xff, 0xff,
    0xff, 0xff, 0xfb, 0x0, 0x0, 0x2, 0xdf, 0xfe,
    0x31, 0xfb, 0x0, 0x1f, 0x90, 0x1, 0xfb, 0x0,
    0x9, 0xdf, 0xff, 0x70, 0x0, 0xfb, 0x0, 0x1f,
    0x90, 0x1, 0xfb, 0x0, 0xc, 0xfb, 0xdf, 0x10,
    0x0, 0xfb, 0x0, 0x1f, 0x90, 0x1, 0xfb, 0x0,
    0x3, 0x20, 0xbf, 0x10, 0x0, 0xfe, 0x88, 0x9f,
    0xd8, 0x89, 0xfb, 0x0, 0x0, 0x0, 0xbf, 0x10,
    0x0, 0xff, 0xff, 0xff, 0xff, 0xff, 0xfb, 0x0,
    0x0, 0x0, 0xbf, 0x10, 0x0, 0xfb, 0x0, 0x1f,
    0x90, 0x1, 0xfb, 0x0, 0x0, 0x0, 0xbf, 0x10,
    0x0, 0xfb, 0x0, 0x1f, 0x90, 0x1, 0xfb, 0x0,
    0x0, 0x0, 0xbf, 0x10, 0x0, 0xfb, 0x0, 0x1f,
    0x90, 0x1, 0xfb, 0x0, 0x0, 0x0, 0xef, 0x0,
    0x0, 0xfd, 0x77, 0x7f, 0xc7, 0x77, 0xfb, 0x0,
    0x0, 0x8d, 0xfb, 0x0, 0x1, 0xff, 0xff, 0xff,
    0xff, 0xff, 0xfb, 0x0, 0x0, 0x6f, 0xa1, 0x0,
    0x3, 0xfb, 0x0, 0x0, 0x0, 0x1, 0xfc, 0x0,
    0x0, 0x0, 0x0, 0x0, 0x0, 0x0, 0x0, 0x0,
    0x0, 0x0, 0x0, 0x0,

    /* U+652F "支" */
    0x0, 0x0, 0x0, 0x0, 0x0, 0xec, 0x0, 0x0,
    0x0, 0x0, 0x0, 0x0, 0x0, 0x0, 0x0, 0x0,
    0xfc, 0x0, 0x0, 0x0, 0x0, 0x0, 0x0, 0x0,
    0x0, 0x0, 0x0, 0xfc, 0x0, 0x0, 0x0, 0x0,
    0x0, 0x8, 0xba, 0xaa, 0xaa, 0xaa, 0xfe, 0xaa,
    0xaa, 0xaa, 0xab, 0x80, 0xc, 0xff, 0xff, 0xff,
    0xff, 0xff, 0xff, 0xff, 0xff, 0xff, 0xc0, 0x0,
    0x0, 0x0, 0x0, 0x0, 0xfc, 0x0, 0x0, 0x0,
    0x0, 0x0, 0x0, 0x0, 0x0, 0x0, 0x0, 0xfc,
    0x0, 0x0, 0x0, 0x0, 0x0, 0x0, 0x0, 0x0,
    0x0, 0x0, 0xfc, 0x0, 0x0, 0x0, 0x0, 0x0,
    0x0, 0x3, 0x55, 0x55, 0x55, 0xfd, 0x55, 0x55,
    0x52, 0x0, 0x0, 0x0, 0x9, 0xff, 0xff, 0xff,
    0xff, 0xff, 0xff, 0xf3, 0x0, 0x0, 0x0, 0x0,
    0x13, 0xfb, 0x11, 0x11, 0x11, 0x4f, 0xb0, 0x0,
    0x0, 0x0, 0x0, 0x0, 0xbf, 0x20, 0x0, 0x0,
    0xbf, 0x40, 0x0, 0x0, 0x0, 0x0, 0x0, 0x2f,
    0xb0, 0x0, 0x4, 0xfa, 0x0, 0x0, 0x0, 0x0,
    0x0, 0x0, 0x9, 0xf7, 0x0, 0x1e, 0xf1, 0x0,
    0x0, 0x0, 0x0, 0x0, 0x0, 0x0, 0xdf, 0x40,
    0xcf, 0x50, 0x0, 0x0, 0x0, 0x0, 0x0, 0x0,
    0x0, 0x2e, 0xfd, 0xf8, 0x0, 0x0, 0x0, 0x0,
    0x0, 0x0, 0x0, 0x0, 0x9, 0xff, 0xd1, 0x0,
    0x0, 0x0, 0x0, 0x0, 0x0, 0x0, 0x5, 0xcf,
    0xdb, 0xff, 0x82, 0x0, 0x0, 0x0, 0x0, 0x2,
    0x6a, 0xff, 0xe6, 0x0, 0x5d, 0xff, 0xd9, 0x64,
    0x31, 0xc, 0xff, 0xff, 0xb5, 0x0, 0x0, 0x0,
    0x4b, 0xff, 0xff, 0xf1, 0x2, 0xda, 0x61, 0x0,
    0x0, 0x0, 0x0, 0x0, 0x4, 0x7a, 0x70,

    /* U+6559 "教" */
    0x0, 0x0, 0x0, 0x8a, 0x0, 0x0, 0x0, 0x4,
    0x30, 0x0, 0x0, 0x0, 0x0, 0x0, 0x0, 0xbf,
    0x0, 0x0, 0x0, 0xb, 0xf5, 0x0, 0x0, 0x0,
    0x0, 0x0, 0x0, 0xaf, 0x0, 0x7, 0xb1, 0xd,
    0xf0, 0x0, 0x0, 0x0, 0x0, 0x1f, 0xff, 0xff,
    0xff, 0x6d, 0xe1, 0x1f, 0xb0, 0x0, 0x0, 0x0,
    0x0, 0x9, 0x98, 0xdf, 0x99, 0x9f, 0x60, 0x4f,
    0x60, 0x0, 0x0, 0x0, 0x0, 0x0, 0x0, 0xaf,
    0x0, 0xec, 0x0, 0x9f, 0xcb, 0xbb, 0xbc, 0xb0,
    0x0, 0x0, 0x0, 0xaf, 0x9, 0xf3, 0x0, 0xef,
    0xff, 0xff, 0xff, 0xd0, 0x8, 0xaa, 0xaa, 0xef,
    0xaf, 0xea, 0x94, 0xf8, 0x0, 0xf, 0xa0, 0x0,
    0xb, 0xee, 0xed, 0xdf, 0xfe, 0xee, 0xcb, 0xf3,
    0x0, 0x2f, 0x80, 0x0, 0x0, 0x0, 0x0, 0x7f,
    0xb0, 0x0, 0x2f, 0xf4, 0x0, 0x4f, 0x60, 0x0,
    0x0, 0x0, 0x1a, 0xfb, 0x10, 0x0, 0xbf, 0xf8,
    0x0, 0x7f, 0x30, 0x0, 0x0, 0x4, 0xff, 0xff,
    0xff, 0xfb, 0xba, 0xcc, 0x0, 0x9f, 0x0, 0x0,
    0x3, 0xbf, 0xe7, 0x77, 0xcf, 0xe6, 0x11, 0x7f,
    0x10, 0xdd, 0x0, 0x0, 0xd, 0xf9, 0x0, 0xa,
    0xfb, 0x10, 0x0, 0x2f, 0x71, 0xf9, 0x0, 0x0,
    0x1, 0x30, 0x0, 0x2f, 0xb0, 0x0, 0x10, 0xc,
    0xd7, 0xf4, 0x0, 0x0, 0x0, 0x0, 0x0, 0x3f,
    0xda, 0xdf, 0xc0, 0x5, 0xff, 0xe0, 0x0, 0x0,
    0x6, 0xac, 0xef, 0xff, 0xfc, 0xa7, 0x40, 0x0,
    0xef, 0x70, 0x0, 0x0, 0x7, 0xfe, 0xb7, 0x5f,
    0xa0, 0x0, 0x0, 0x6, 0xff, 0xc0, 0x0, 0x0,
    0x1, 0x20, 0x0, 0xf, 0xa0, 0x0, 0x0, 0x8f,
    0xda, 0xfc, 0x20, 0x0, 0x0, 0x0, 0x0, 0x2f,
    0xa0, 0x0, 0x3c, 0xfc, 0x10, 0x9f, 0xf7, 0x10,
    0x0, 0x0, 0x4d, 0xff, 0x70, 0x4b, 0xff, 0x80,
    0x0, 0x6, 0xff, 0xc0, 0x0, 0x0, 0xf, 0xe8,
    0x0, 0x4f, 0xb2, 0x0, 0x0, 0x0, 0x2b, 0x20,
    0x0, 0x0, 0x0, 0x0, 0x0, 0x1, 0x0, 0x0,
    0x0, 0x0, 0x0, 0x0,

    /* U+6574 "整" */
    0x0, 0x0, 0x0, 0x46, 0x10, 0x0, 0x0, 0x3,
    0x30, 0x0, 0x0, 0x0, 0x0, 0x0, 0xa, 0xf3,
    0x0, 0x0, 0x0, 0xaf, 0x60, 0x0, 0x0, 0x3,
    0x44, 0x44, 0xbf, 0x54, 0x44, 0x30, 0xf, 0xd0,
    0x0, 0x0, 0x0, 0x9f, 0xff, 0xff, 0xff, 0xff,
    0xfc, 0x6, 0xfc, 0x99, 0x99, 0x99, 0x1, 0x11,
    0x11, 0xaf, 0x31, 0x11, 0x10, 0xdf, 0xdd, 0xdf,
    0xfd, 0xc0, 0x6, 0x66, 0x6c, 0xf7, 0x66, 0x61,
    0x6f, 0x80, 0x0, 0xee, 0x0, 0x0, 0xff, 0xee,
    0xff, 0xee, 0xff, 0x4f, 0xfb, 0x0, 0x3f, 0x90,
    0x0, 0xf, 0xc0, 0xa, 0xf2, 0x8, 0xf5, 0xd8,
    0xf7, 0xa, 0xf2, 0x0, 0x0, 0xff, 0xff, 0xff,
    0xff, 0xff, 0x20, 0xa, 0xf9, 0xf9, 0x0, 0x0,
    0x5, 0x56, 0xef, 0xff, 0x95, 0x50, 0x0, 0xe,
    0xfe, 0x0, 0x0, 0x0, 0x1, 0xbf, 0xef, 0xef,
    0x60, 0x0, 0x3b, 0xfe, 0xfd, 0x51, 0x0, 0x6,
    0xef, 0x5a, 0xf3, 0xcf, 0x11, 0xdf, 0xf8, 0x6,
    0xff, 0xf5, 0xc, 0xfc, 0x20, 0x9f, 0x21, 0x30,
    0x6, 0xa2, 0x0, 0x1, 0x8c, 0x0, 0x28, 0x25,
    0x44, 0x44, 0x44, 0x44, 0x44, 0x44, 0x44, 0x53,
    0x0, 0x0, 0x7, 0xff, 0xff, 0xff, 0xff, 0xff,
    0xff, 0xff, 0xff, 0x80, 0x0, 0x0, 0x1, 0x10,
    0x0, 0x0, 0xfc, 0x0, 0x0, 0x1, 0x10, 0x0,
    0x0, 0x0, 0x0, 0x21, 0x0, 0xf, 0xc3, 0x33,
    0x33, 0x33, 0x0, 0x0, 0x0, 0x0, 0x3f, 0xa0,
    0x0, 0xff, 0xff, 0xff, 0xff, 0xe0, 0x0, 0x0,
    0x0, 0x3, 0xf9, 0x0, 0xf, 0xc2, 0x22, 0x22,
    0x22, 0x0, 0x0, 0x0, 0x0, 0x3f, 0x90, 0x0,
    0xfc, 0x0, 0x0, 0x0, 0x0, 0x0, 0x4, 0x76,
    0x68, 0xfc, 0x66, 0x6f, 0xd6, 0x66, 0x66, 0x66,
    0x67, 0x40, 0x9f, 0xee, 0xee, 0xee, 0xee, 0xee,
    0xee, 0xee, 0xee, 0xee, 0xf9,

    /* U+6587 "文" */
    0x0, 0x0, 0x0, 0x0, 0x49, 0x0, 0x0, 0x0,
    0x0, 0x0, 0x0, 0x0, 0x0, 0x0, 0x0, 0xdf,
    0x50, 0x0, 0x0, 0x0, 0x0, 0x0, 0x0, 0x0,
    0x0, 0x0, 0x3f, 0xe0, 0x0, 0x0, 0x0, 0x0,
    0x0, 0x0, 0x0, 0x0, 0x0, 0xa, 0xf8, 0x0,
    0x0, 0x0, 0x0, 0x0, 0x0, 0x0, 0x0, 0x0,
    0x2, 0xd4, 0x0, 0x0, 0x0, 0x0, 0x0, 0xdd,
    0xdd, 0xdd, 0xdd, 0xdd, 0xdd, 0xdd, 0xdd, 0xdd,
    0xdd, 0xe5, 0xee, 0xed, 0xff, 0xff, 0xff, 0xff,
    0xff, 0xff, 0xff, 0xff, 0xf6, 0x0, 0x0, 0x6f,
    0x70, 0x0, 0x0, 0x0, 0xff, 0x0, 0x0, 0x0,
    0x0, 0x0, 0x2f, 0xb0, 0x0, 0x0, 0x3, 0xfc,
    0x0, 0x0, 0x0, 0x0, 0x0, 0xd, 0xe0, 0x0,
    0x0, 0x7, 0xf8, 0x0, 0x0, 0x0, 0x0, 0x0,
    0x8, 0xf5, 0x0, 0x0, 0xd, 0xf2, 0x0, 0x0,
    0x0, 0x0, 0x0, 0x1, 0xfb, 0x0, 0x0, 0x3f,
    0xc0, 0x0, 0x0, 0x0, 0x0, 0x0, 0x0, 0xaf,
    0x40, 0x0, 0xcf, 0x50, 0x0, 0x0, 0x0, 0x0,
    0x0, 0x0, 0x2f, 0xd0, 0x5, 0xfc, 0x0, 0x0,
    0x0, 0x0, 0x0, 0x0, 0x0, 0x8, 0xfb, 0x1e,
    0xf3, 0x0, 0x0, 0x0, 0x0, 0x0, 0x0, 0x0,
    0x0, 0xbf, 0xef, 0x80, 0x0, 0x0, 0x0, 0x0,
    0x0, 0x0, 0x0, 0x0, 0x2f, 0xff, 0x20, 0x0,
    0x0, 0x0, 0x0, 0x0, 0x0, 0x0, 0x5, 0xef,
    0xdf, 0xe5, 0x0, 0x0, 0x0, 0x0, 0x0, 0x0,
    0x3, 0xbf, 0xf6, 0x5, 0xff, 0xd6, 0x0, 0x0,
    0x0, 0x0, 0x16, 0xcf, 0xfb, 0x20, 0x0, 0x1a,
    0xff, 0xfb, 0x62, 0x0, 0x7d, 0xff, 0xfc, 0x40,
    0x0, 0x0, 0x0, 0x3a, 0xff, 0xff, 0xf3, 0x2f,
    0xe9, 0x30, 0x0, 0x0, 0x0, 0x0, 0x0, 0x5,
    0xbf, 0x70, 0x2, 0x0, 0x0, 0x0, 0x0, 0x0,
    0x0, 0x0, 0x0, 0x0, 0x0,

    /* U+65B0 "新" */
    0x0, 0x0, 0x0, 0x49, 0x30, 0x0, 0x0, 0x0,
    0x0, 0x0, 0x26, 0x0, 0x0, 0x0, 0x0, 0x9f,
    0x70, 0x0, 0x0, 0x25, 0x68, 0xae, 0xff, 0x80,
    0x0, 0x21, 0x10, 0x5f, 0xa0, 0x11, 0x10, 0xcf,
    0xff, 0xed, 0xba, 0x90, 0x0, 0xff, 0xff, 0xff,
    0xff, 0xff, 0xc0, 0xbf, 0x20, 0x0, 0x0, 0x0,
    0x0, 0xbb, 0xaa, 0xaa, 0xaa, 0xaa, 0x90, 0xbf,
    0x10, 0x0, 0x0, 0x0, 0x0, 0x2, 0x92, 0x0,
    0xb, 0x91, 0x0, 0xbf, 0x10, 0x0, 0x0, 0x0,
    0x0, 0x3, 0xf9, 0x0, 0x2f, 0xa0, 0x0, 0xbf,
    0x10, 0x0, 0x0, 0x0, 0x0, 0x0, 0xcd, 0x0,
    0x8f, 0x30, 0x0, 0xbf, 0x54, 0x44, 0x44, 0x51,
    0x9, 0xba, 0xba, 0xaa, 0xef, 0xab, 0xb0, 0xbf,
    0xff, 0xff, 0xff, 0xf4, 0xc, 0xff, 0xff, 0xff,
    0xff, 0xff, 0xf0, 0xbf, 0x54, 0x4d, 0xf5, 0x51,
    0x1, 0x10, 0x0, 0x6f, 0x60, 0x1, 0x10, 0xbf,
    0x0, 0xc, 0xf0, 0x0, 0x0, 0x0, 0x0, 0x6f,
    0x60, 0x0, 0x0, 0xcf, 0x0, 0xc, 0xf0, 0x0,
    0x1, 0xba, 0xaa, 0xcf, 0xca, 0xaa, 0x80, 0xcf,
    0x0, 0xc, 0xf0, 0x0, 0x1, 0xff, 0xff, 0xff,
    0xff, 0xff, 0xc0, 0xee, 0x0, 0xc, 0xf0, 0x0,
    0x0, 0x21, 0x31, 0x7f, 0x61, 0x11, 0x10, 0xfc,
    0x0, 0xc, 0xf0, 0x0, 0x0, 0x6, 0xf7, 0x6f,
    0x67, 0xc0, 0x3, 0xfa, 0x0, 0xc, 0xf0, 0x0,
    0x0, 0x1f, 0xf5, 0x6f, 0x68, 0xf8, 0x6, 0xf6,
    0x0, 0xc, 0xf0, 0x0, 0x0, 0xdf, 0x80, 0x6f,
    0x60, 0xdf, 0x3b, 0xf2, 0x0, 0xc, 0xf0, 0x0,
    0xb, 0xfb, 0x0, 0x6f, 0x60, 0x48, 0x1f, 0xd0,
    0x0, 0xc, 0xf0, 0x0, 0x6, 0xc0, 0x11, 0x9f,
    0x50, 0x0, 0x8f, 0x70, 0x0, 0xc, 0xf0, 0x0,
    0x0, 0x0, 0x7f, 0xff, 0x20, 0x1, 0xff, 0x10,
    0x0, 0xc, 0xf1, 0x0, 0x0, 0x0, 0xb, 0xa4,
    0x0, 0x1, 0xb8, 0x0, 0x0, 0xd, 0xf1, 0x0,
    0x0, 0x0, 0x0, 0x0, 0x0, 0x0, 0x0, 0x0,
    0x0, 0x0, 0x0, 0x0,

    /* U+65B9 "方" */
    0x0, 0x0, 0x0, 0x0, 0x5, 0x30, 0x0, 0x0,
    0x0, 0x0, 0x0, 0x0, 0x0, 0x0, 0x0, 0x5f,
    0xd0, 0x0, 0x0, 0x0, 0x0, 0x0, 0x0, 0x0,
    0x0, 0x0, 0xd, 0xf7, 0x0, 0x0, 0x0, 0x0,
    0x0, 0x0, 0x0, 0x0, 0x0, 0x5, 0xfe, 0x0,
    0x0, 0x0, 0x0, 0x0, 0x0, 0x0, 0x0, 0x0,
    0x0, 0x81, 0x0, 0x0, 0x0, 0x0, 0x0, 0x8c,
    0xbb, 0xbb, 0xbb, 0xbb, 0xbb, 0xbb, 0xbb, 0xbb,
    0xbc, 0xc3, 0xaf, 0xff, 0xff, 0xff, 0xff, 0xff,
    0xff, 0xff, 0xff, 0xff, 0xf4, 0x0, 0x0, 0x0,
    0xaf, 0x30, 0x0, 0x0, 0x0, 0x0, 0x0, 0x0,
    0x0, 0x0, 0x0, 0xaf, 0x30, 0x0, 0x0, 0x0,
    0x0, 0x0, 0x0, 0x0, 0x0, 0x0, 0xaf, 0x20,
    0x0, 0x0, 0x0, 0x0, 0x0, 0x0, 0x0, 0x0,
    0x0, 0xbf, 0xa9, 0x99, 0x99, 0x99, 0x99, 0x50,
    0x0, 0x0, 0x0, 0x0, 0xdf, 0xff, 0xff, 0xff,
    0xff, 0xff, 0x80, 0x0, 0x0, 0x0, 0x0, 0xef,
    0x11, 0x11, 0x11, 0x11, 0x9f, 0x60, 0x0, 0x0,
    0x0, 0x2, 0xfc, 0x0, 0x0, 0x0, 0x0, 0xaf,
    0x50, 0x0, 0x0, 0x0, 0x6, 0xf9, 0x0, 0x0,
    0x0, 0x0, 0xbf, 0x30, 0x0, 0x0, 0x0, 0xc,
    0xf3, 0x0, 0x0, 0x0, 0x0, 0xdf, 0x10, 0x0,
    0x0, 0x0, 0x5f, 0xd0, 0x0, 0x0, 0x0, 0x0,
    0xef, 0x0, 0x0, 0x0, 0x0, 0xef, 0x50, 0x0,
    0x0, 0x0, 0x0, 0xfe, 0x0, 0x0, 0x0, 0xb,
    0xfb, 0x0, 0x0, 0x0, 0x0, 0x2, 0xfc, 0x0,
    0x0, 0x0, 0xaf, 0xd0, 0x0, 0x0, 0x0, 0x1,
    0x3c, 0xfa, 0x0, 0x0, 0x2c, 0xfd, 0x10, 0x0,
    0x0, 0x7, 0xff, 0xff, 0xf3, 0x0, 0x0, 0x4e,
    0xd1, 0x0, 0x0, 0x0, 0x2, 0xfe, 0xc8, 0x20,
    0x0, 0x0, 0x2, 0x0, 0x0, 0x0, 0x0, 0x0,
    0x10, 0x0, 0x0, 0x0, 0x0,

    /* U+65E0 "无" */
    0x0, 0xc, 0xcb, 0xbb, 0xbb, 0xbb, 0xbb, 0xbb,
    0xbc, 0xb0, 0x0, 0x0, 0xe, 0xee, 0xee, 0xef,
    0xfe, 0xee, 0xee, 0xee, 0xd0, 0x0, 0x0, 0x0,
    0x0, 0x0, 0xf, 0xe0, 0x0, 0x0, 0x0, 0x0,
    0x0, 0x0, 0x0, 0x0, 0x0, 0xf, 0xe0, 0x0,
    0x0, 0x0, 0x0, 0x0, 0x0, 0x0, 0x0, 0x0,
    0xf, 0xd0, 0x0, 0x0, 0x0, 0x0, 0x0, 0x0,
    0x0, 0x0, 0x0, 0xf, 0xd0, 0x0, 0x0, 0x0,
    0x0, 0x0, 0x0, 0x0, 0x0, 0x0, 0xf, 0xc0,
    0x0, 0x0, 0x0, 0x0, 0x0, 0x9, 0xaa, 0xaa,
    0xaa, 0xaf, 0xea, 0xaa, 0xaa, 0xaa, 0xaa, 0xb0,
    0xc, 0xff, 0xff, 0xff, 0xff, 0xff, 0xff, 0xff,
    0xff, 0xff, 0xf0, 0x0, 0x0, 0x0, 0x0, 0x6f,
    0x60, 0xec, 0x0, 0x0, 0x0, 0x0, 0x0, 0x0,
    0x0, 0x0, 0xaf, 0x20, 0xec, 0x0, 0x0, 0x0,
    0x0, 0x0, 0x0, 0x0, 0x0, 0xfd, 0x0, 0xec,
    0x0, 0x0, 0x0, 0x0, 0x0, 0x0, 0x0, 0x7,
    0xf8, 0x0, 0xec, 0x0, 0x0, 0x0, 0x0, 0x0,
    0x0, 0x0, 0x1e, 0xf1, 0x0, 0xec, 0x0, 0x0,
    0x0, 0x0, 0x0, 0x0, 0x0, 0xcf, 0x80, 0x0,
    0xec, 0x0, 0x0, 0x2, 0x0, 0x0, 0x0, 0xb,
    0xfd, 0x0, 0x0, 0xec, 0x0, 0x0, 0x9, 0xe5,
    0x0, 0x2, 0xcf, 0xe2, 0x0, 0x0, 0xed, 0x0,
    0x0, 0xc, 0xf5, 0x0, 0x7f, 0xfe, 0x20, 0x0,
    0x0, 0xcf, 0xb9, 0x99, 0xaf, 0xf1, 0x3e, 0xff,
    0xa1, 0x0, 0x0, 0x0, 0x4e, 0xff, 0xff, 0xff,
    0x70, 0x9, 0xe5, 0x0, 0x0, 0x0, 0x0, 0x0,
    0x11, 0x11, 0x10, 0x0, 0x0, 0x0, 0x0, 0x0,
    0x0, 0x0, 0x0, 0x0, 0x0, 0x0, 0x0,

    /* U+65E5 "日" */
    0x1b, 0xbb, 0xbb, 0xbb, 0xbb, 0xbb, 0xbb, 0xbb,
    0x22, 0xff, 0xff, 0xff, 0xff, 0xff, 0xff, 0xff,
    0xf3, 0x1f, 0xe0, 0x0, 0x0, 0x0, 0x0, 0x0,
    0xef, 0x31, 0xfe, 0x0, 0x0, 0x0, 0x0, 0x0,
    0xe, 0xf2, 0x1f, 0xe0, 0x0, 0x0, 0x0, 0x0,
    0x0, 0xef, 0x21, 0xfe, 0x0, 0x0, 0x0, 0x0,
    0x0, 0xe, 0xf2, 0x1f, 0xe0, 0x0, 0x0, 0x0,
    0x0, 0x0, 0xef, 0x21, 0xfe, 0x0, 0x0, 0x0,
    0x0, 0x0, 0xe, 0xf2, 0xf, 0xf8, 0x88, 0x88,
    0x88, 0x88, 0x88, 0xff, 0x20, 0xff, 0xff, 0xff,
    0xff, 0xff, 0xff, 0xff, 0xf2, 0xf, 0xe0, 0x0,
    0x0, 0x0, 0x0, 0x0, 0xef, 0x20, 0xfe, 0x0,
    0x0, 0x0, 0x0, 0x0, 0xe, 0xf2, 0xf, 0xe0,
    0x0, 0x0, 0x0, 0x0, 0x0, 0xef, 0x20, 0xfe,
    0x0, 0x0, 0x0, 0x0, 0x0, 0xe, 0xf2, 0xf,
    0xe0, 0x0, 0x0, 0x0, 0x0, 0x0, 0xef, 0x21,
    0xfe, 0x0, 0x0, 0x0, 0x0, 0x0, 0xe, 0xf2,
    0x1f, 0xe0, 0x0, 0x0, 0x0, 0x0, 0x0, 0xef,
    0x21, 0xff, 0xff, 0xff, 0xff, 0xff, 0xff, 0xff,
    0xf2, 0x1f, 0xf8, 0x88, 0x88, 0x88, 0x88, 0x88,
    0xff, 0x31, 0xfe, 0x0, 0x0, 0x0, 0x0, 0x0,
    0xe, 0xf3, 0x2f, 0xe0, 0x0, 0x0, 0x0, 0x0,
    0x0, 0xef, 0x30,

    /* U+65E6 "旦" */
    0x0, 0x0, 0x0, 0x0, 0x0, 0x0, 0x0, 0x0,
    0x0, 0x0, 0x0, 0x0, 0x4, 0xff, 0xff, 0xff,
    0xff, 0xff, 0xff, 0xff, 0x90, 0x0, 0x0, 0x4,
    0xfe, 0xaa, 0xaa, 0xaa, 0xaa, 0xaa, 0xcf, 0x80,
    0x0, 0x0, 0x4, 0xfa, 0x0, 0x0, 0x0, 0x0,
    0x0, 0x6f, 0x80, 0x0, 0x0, 0x3, 0xfa, 0x0,
    0x0, 0x0, 0x0, 0x0, 0x6f, 0x80, 0x0, 0x0,
    0x3, 0xfa, 0x0, 0x0, 0x0, 0x0, 0x0, 0x6f,
    0x80, 0x0, 0x0, 0x3, 0xfa, 0x0, 0x0, 0x0,
    0x0, 0x0, 0x6f, 0x80, 0x0, 0x0, 0x3, 0xff,
    0xff, 0xff, 0xff, 0xff, 0xff, 0xff, 0x80, 0x0,
    0x0, 0x3, 0xfe, 0xbb, 0xbb, 0xbb, 0xbb, 0xbb,
    0xdf, 0x80, 0x0, 0x0, 0x3, 0xfa, 0x0, 0x0,
    0x0, 0x0, 0x0, 0x6f, 0x80, 0x0, 0x0, 0x3,
    0xfa, 0x0, 0x0, 0x0, 0x0, 0x0, 0x6f, 0x80,
    0x0, 0x0, 0x3, 0xfa, 0x0, 0x0, 0x0, 0x0,
    0x0, 0x6f, 0x80, 0x0, 0x0, 0x3, 0xfa, 0x0,
    0x0, 0x0, 0x0, 0x0, 0x6f, 0x80, 0x0, 0x0,
    0x4, 0xfd, 0x88, 0x88, 0x88, 0x88, 0x88, 0xbf,
    0x80, 0x0, 0x0, 0x4, 0xff, 0xff, 0xff, 0xff,
    0xff, 0xff, 0xff, 0x90, 0x0, 0x0, 0x0, 0x0,
    0x0, 0x0, 0x0, 0x0, 0x0, 0x0, 0x0, 0x0,
    0x0, 0x0, 0x0, 0x0, 0x0, 0x0, 0x0, 0x0,
    0x0, 0x0, 0x0, 0x0, 0x0, 0x0, 0x0, 0x0,
    0x0, 0x0, 0x0, 0x0, 0x0, 0x0, 0x9c, 0xcc,
    0xbb, 0xbb, 0xbb, 0xbb, 0xbb, 0xbb, 0xbb, 0xcc,
    0xcc, 0xbf, 0xff, 0xff, 0xff, 0xff, 0xff, 0xff,
    0xff, 0xff, 0xff, 0xff, 0x0, 0x0, 0x0, 0x0,
    0x0, 0x0, 0x0, 0x0, 0x0, 0x0, 0x0,

    /* U+65F6 "时" */
    0x0, 0x0, 0x0, 0x0, 0x0, 0x0, 0x0, 0x0,
    0xb, 0xd2, 0x0, 0x0, 0x0, 0x0, 0x0, 0x0,
    0x0, 0x0, 0x0, 0x0, 0xdf, 0x20, 0x0, 0x0,
    0x0, 0x0, 0x0, 0x0, 0x0, 0x0, 0x0, 0xd,
    0xf1, 0x0, 0x1, 0xff, 0xff, 0xff, 0xfd, 0x0,
    0x0, 0x0, 0x0, 0xdf, 0x10, 0x0, 0xf, 0xf8,
    0x88, 0x9f, 0xc0, 0x0, 0x0, 0x0, 0xc, 0xf1,
    0x0, 0x0, 0xfe, 0x0, 0x2, 0xfc, 0x69, 0x99,
    0x99, 0x99, 0xef, 0x99, 0xa0, 0xf, 0xe0, 0x0,
    0x2f, 0xca, 0xff, 0xff, 0xff, 0xff, 0xff, 0xff,
    0x10, 0xfe, 0x0, 0x2, 0xfb, 0x11, 0x10, 0x0,
    0x0, 0xcf, 0x11, 0x10, 0xf, 0xe0, 0x0, 0x2f,
    0xb0, 0x0, 0x0, 0x0, 0xc, 0xf1, 0x0, 0x0,
    0xff, 0xff, 0xff, 0xfb, 0x0, 0x0, 0x0, 0x0,
    0xcf, 0x10, 0x0, 0xf, 0xf8, 0x88, 0x9f, 0xb0,
    0x3c, 0x90, 0x0, 0xc, 0xf1, 0x0, 0x0, 0xfe,
    0x0, 0x2, 0xfb, 0x1, 0xff, 0x30, 0x0, 0xcf,
    0x10, 0x0, 0xf, 0xe0, 0x0, 0x2f, 0xb0, 0x6,
    0xfc, 0x0, 0xc, 0xf1, 0x0, 0x0, 0xfe, 0x0,
    0x2, 0xfb, 0x0, 0xe, 0xf5, 0x0, 0xcf, 0x10,
    0x0, 0xf, 0xe0, 0x0, 0x2f, 0xb0, 0x0, 0x65,
    0x0, 0xc, 0xf1, 0x0, 0x0, 0xff, 0xff, 0xff,
    0xfc, 0x0, 0x0, 0x0, 0x0, 0xcf, 0x10, 0x0,
    0xf, 0xfa, 0xaa, 0xbf, 0xc0, 0x0, 0x0, 0x0,
    0xc, 0xf1, 0x0, 0x0, 0xfe, 0x0, 0x2, 0xfc,
    0x0, 0x0, 0x0, 0x0, 0xcf, 0x10, 0x0, 0x1f,
    0xe0, 0x0, 0x19, 0x70, 0x0, 0x0, 0x0, 0xc,
    0xf1, 0x0, 0x1, 0xed, 0x0, 0x0, 0x0, 0x0,
    0x0, 0x0, 0x0, 0xef, 0x10, 0x0, 0x0, 0x0,
    0x0, 0x0, 0x0, 0x0, 0x0, 0x8c, 0xdf, 0xf0,
    0x0, 0x0, 0x0, 0x0, 0x0, 0x0, 0x0, 0x0,
    0x1, 0xff, 0xd5, 0x0, 0x0, 0x0, 0x0, 0x0,
    0x0, 0x0, 0x0, 0x0, 0x3, 0x0, 0x0, 0x0,
    0x0,

    /* U+660E "明" */
    0x0, 0x0, 0x0, 0x0, 0x0, 0x9b, 0xbb, 0xbb,
    0xbb, 0xb9, 0xef, 0xff, 0xff, 0xfa, 0x0, 0xdf,
    0xee, 0xee, 0xee, 0xfd, 0xef, 0xaa, 0xaa, 0xfa,
    0x0, 0xdf, 0x10, 0x0, 0x1, 0xfc, 0xdf, 0x0,
    0x1, 0xfa, 0x0, 0xcf, 0x10, 0x0, 0x1, 0xfc,
    0xdf, 0x0, 0x1, 0xf9, 0x0, 0xcf, 0x10, 0x0,
    0x1, 0xfc, 0xdf, 0x0, 0x1, 0xf9, 0x0, 0xcf,
    0x21, 0x11, 0x12, 0xfc, 0xdf, 0x0, 0x1, 0xf9,
    0x0, 0xcf, 0xff, 0xff, 0xff, 0xfc, 0xdf, 0xff,
    0xff, 0xf9, 0x0, 0xcf, 0x88, 0x88, 0x88, 0xfc,
    0xdf, 0x77, 0x77, 0xf9, 0x0, 0xcf, 0x10, 0x0,
    0x1, 0xfc, 0xdf, 0x0, 0x1, 0xf9, 0x0, 0xcf,
    0x10, 0x0, 0x1, 0xfc, 0xdf, 0x0, 0x1, 0xf9,
    0x0, 0xcf, 0x10, 0x0, 0x1, 0xfc, 0xdf, 0x0,
    0x1, 0xf9, 0x0, 0xdf, 0xba, 0xaa, 0xab, 0xfc,
    0xdf, 0x0, 0x1, 0xf9, 0x0, 0xef, 0xee, 0xee,
    0xee, 0xfc, 0xdf, 0xff, 0xff, 0xf9, 0x0, 0xfe,
    0x0, 0x0, 0x1, 0xfc, 0xdf, 0xbb, 0xbb, 0xfa,
    0x3, 0xfb, 0x0, 0x0, 0x1, 0xfc, 0xdf, 0x0,
    0x1, 0xfa, 0x7, 0xf8, 0x0, 0x0, 0x1, 0xfc,
    0xef, 0x0, 0x0, 0x0, 0xb, 0xf3, 0x0, 0x0,
    0x1, 0xfc, 0x33, 0x0, 0x0, 0x0, 0x2f, 0xe0,
    0x0, 0x0, 0x1, 0xfc, 0x0, 0x0, 0x0, 0x0,
    0xaf, 0x80, 0x0, 0x2, 0x16, 0xfc, 0x0, 0x0,
    0x0, 0x4, 0xff, 0x10, 0x0, 0xc, 0xff, 0xf9,
    0x0, 0x0, 0x0, 0x8, 0xf8, 0x0, 0x0, 0x4,
    0xfc, 0x80, 0x0, 0x0, 0x0, 0x0, 0x40, 0x0,
    0x0, 0x0, 0x0, 0x0,

    /* U+661F "星" */
    0x0, 0x1, 0x88, 0x88, 0x88, 0x88, 0x88, 0x88,
    0x88, 0x88, 0x10, 0x0, 0x0, 0x1f, 0xff, 0xff,
    0xff, 0xff, 0xff, 0xff, 0xff, 0xf2, 0x0, 0x0,
    0x1, 0xfe, 0x0, 0x0, 0x0, 0x0, 0x0, 0x0,
    0xef, 0x10, 0x0, 0x0, 0xf, 0xf7, 0x77, 0x77,
    0x77, 0x77, 0x77, 0x7f, 0xf1, 0x0, 0x0, 0x0,
    0xff, 0xff, 0xff, 0xff, 0xff, 0xff, 0xff, 0xff,
    0x10, 0x0, 0x0, 0xf, 0xe0, 0x0, 0x0, 0x0,
    0x0, 0x0, 0xe, 0xf1, 0x0, 0x0, 0x1, 0xfe,
    0x0, 0x0, 0x0, 0x0, 0x0, 0x0, 0xef, 0x10,
    0x0, 0x0, 0x1f, 0xff, 0xff, 0xff, 0xff, 0xff,
    0xff, 0xff, 0xf2, 0x0, 0x0, 0x1, 0x88, 0x88,
    0x88, 0x88, 0x88, 0x88, 0x88, 0x88, 0x10, 0x0,
    0x0, 0x0, 0x10, 0x0, 0x0, 0x44, 0x0, 0x0,
    0x0, 0x0, 0x0, 0x0, 0x0, 0x6f, 0x91, 0x0,
    0xf, 0xf2, 0x0, 0x0, 0x0, 0x0, 0x0, 0x0,
    0x1e, 0xf9, 0x0, 0x0, 0xef, 0x20, 0x0, 0x11,
    0x11, 0x0, 0x0, 0xb, 0xff, 0xff, 0xff, 0xff,
    0xff, 0xff, 0xff, 0xff, 0xc0, 0x0, 0x9, 0xfe,
    0x88, 0x88, 0x88, 0xff, 0x98, 0x89, 0x99, 0x97,
    0x0, 0x8, 0xff, 0x30, 0x0, 0x0, 0xe, 0xf1,
    0x0, 0x0, 0x0, 0x0, 0x0, 0xaf, 0x50, 0x99,
    0x98, 0x88, 0xff, 0x98, 0x88, 0x99, 0x90, 0x0,
    0x0, 0x20, 0x1f, 0xff, 0xff, 0xff, 0xff, 0xff,
    0xff, 0xff, 0x10, 0x0, 0x0, 0x0, 0x0, 0x0,
    0x0, 0xef, 0x10, 0x0, 0x0, 0x0, 0x0, 0x0,
    0x0, 0x0, 0x0, 0x0, 0xe, 0xf1, 0x0, 0x0,
    0x0, 0x0, 0x0, 0x8d, 0xcb, 0xbb, 0xbb, 0xbb,
    0xff, 0xbb, 0xbb, 0xbb, 0xbb, 0xc7, 0xa, 0xff,
    0xee, 0xee, 0xee, 0xee, 0xee, 0xee, 0xee, 0xee,
    0xef, 0x80, 0x0, 0x0, 0x0, 0x0, 0x0, 0x0,
    0x0, 0x0, 0x0, 0x0, 0x0,

    /* U+6625 "春" */
    0x0, 0x0, 0x0, 0x0, 0x0, 0x21, 0x0, 0x0,
    0x0, 0x0, 0x0, 0x0, 0x0, 0x0, 0x0, 0x0,
    0xaf, 0x50, 0x0, 0x0, 0x0, 0x0, 0x0, 0x11,
    0x0, 0x0, 0x0, 0xbf, 0x10, 0x0, 0x1, 0x11,
    0x0, 0x0, 0xef, 0xff, 0xff, 0xff, 0xff, 0xff,
    0xff, 0xff, 0xff, 0x30, 0x0, 0x66, 0x55, 0x55,
    0x56, 0xfc, 0x55, 0x55, 0x55, 0x66, 0x10, 0x0,
    0x0, 0x0, 0x0, 0x4, 0xf6, 0x0, 0x0, 0x0,
    0x0, 0x0, 0x0, 0xc, 0xff, 0xff, 0xff, 0xff,
    0xff, 0xff, 0xff, 0xf5, 0x0, 0x0, 0x5, 0x65,
    0x55, 0x6f, 0xd5, 0x55, 0x55, 0x55, 0x62, 0x0,
    0x0, 0x0, 0x0, 0x0, 0x6f, 0x60, 0x0, 0x0,
    0x0, 0x0, 0x0, 0x8, 0x77, 0x77, 0x77, 0xef,
    0x77, 0x77, 0x77, 0x77, 0x77, 0x81, 0xf, 0xed,
    0xdd, 0xef, 0xfd, 0xdd, 0xde, 0xff, 0xdd, 0xee,
    0xe1, 0x0, 0x0, 0x1, 0xcf, 0x60, 0x0, 0x1,
    0xef, 0x30, 0x0, 0x0, 0x0, 0x0, 0x3d, 0xf5,
    0x0, 0x0, 0x0, 0x4f, 0xf7, 0x0, 0x0, 0x0,
    0x18, 0xff, 0xff, 0xff, 0xff, 0xff, 0xff, 0xff,
    0xd5, 0x0, 0x28, 0xef, 0xac, 0xf6, 0x55, 0x55,
    0x55, 0x5a, 0xfd, 0xff, 0xe7, 0x4f, 0xc4, 0xb,
    0xf1, 0x0, 0x0, 0x0, 0x8, 0xf4, 0x3b, 0xe1,
    0x1, 0x0, 0xb, 0xff, 0xff, 0xff, 0xff, 0xff,
    0xf4, 0x0, 0x0, 0x0, 0x0, 0xb, 0xf7, 0x77,
    0x77, 0x77, 0x7b, 0xf4, 0x0, 0x0, 0x0, 0x0,
    0xb, 0xf1, 0x0, 0x0, 0x0, 0x8, 0xf4, 0x0,
    0x0, 0x0, 0x0, 0xb, 0xf6, 0x66, 0x66, 0x66,
    0x6b, 0xf4, 0x0, 0x0, 0x0, 0x0, 0xb, 0xff,
    0xff, 0xff, 0xff, 0xff, 0xf5, 0x0, 0x0, 0x0,
    0x0, 0xb, 0xe1, 0x0, 0x0, 0x0, 0x8, 0xf5,
    0x0, 0x0,

    /* U+6674 "晴" */
    0x0, 0x0, 0x0, 0x0, 0x0, 0x0, 0x0, 0x85,
    0x0, 0x0, 0x0, 0x0, 0x0, 0x0, 0x0, 0x0,
    0x0, 0x0, 0xfb, 0x0, 0x0, 0x0, 0x12, 0x22,
    0x22, 0x20, 0x49, 0x88, 0x88, 0xfd, 0x88, 0x89,
    0x91, 0xbf, 0xff, 0xff, 0xe0, 0x7e, 0xee, 0xee,
    0xff, 0xee, 0xee, 0xf2, 0xaf, 0x53, 0x3f, 0xe0,
    0x0, 0x0, 0x0, 0xfa, 0x0, 0x0, 0x0, 0xaf,
    0x20, 0xf, 0xd0, 0xc, 0xff, 0xff, 0xff, 0xff,
    0xff, 0x70, 0xaf, 0x20, 0xf, 0xd0, 0x6, 0x77,
    0x77, 0xfd, 0x77, 0x78, 0x30, 0xaf, 0x20, 0xf,
    0xd0, 0x0, 0x0, 0x0, 0xfa, 0x0, 0x0, 0x0,
    0xaf, 0x20, 0xf, 0xd2, 0xff, 0xff, 0xff, 0xff,
    0xff, 0xff, 0xff, 0xaf, 0xcb, 0xbf, 0xd1, 0x87,
    0x77, 0x77, 0x77, 0x77, 0x77, 0x77, 0xaf, 0xcb,
    0xbf, 0xd0, 0x1, 0x11, 0x11, 0x11, 0x11, 0x11,
    0x0, 0xaf, 0x20, 0xf, 0xd0, 0xa, 0xff, 0xff,
    0xff, 0xff, 0xff, 0x0, 0xaf, 0x20, 0xf, 0xd0,
    0xa, 0xf5, 0x55, 0x55, 0x55, 0xbf, 0x0, 0xaf,
    0x20, 0xf, 0xd0, 0xa, 0xf1, 0x0, 0x0, 0x0,
    0xaf, 0x0, 0xaf, 0x20, 0xf, 0xd0, 0x9, 0xff,
    0xff, 0xff, 0xff, 0xff, 0x0, 0xaf, 0x53, 0x3f,
    0xd0, 0x9, 0xf7, 0x66, 0x66, 0x66, 0xcf, 0x0,
    0xaf, 0xff, 0xff, 0xe0, 0x9, 0xf1, 0x0, 0x0,
    0x0, 0xaf, 0x0, 0xaf, 0x42, 0x2f, 0xe0, 0x9,
    0xff, 0xff, 0xff, 0xff, 0xff, 0x0, 0xbf, 0x20,
    0x9, 0x90, 0x9, 0xf7, 0x77, 0x77, 0x77, 0xcf,
    0x0, 0xbf, 0x20, 0x0, 0x0, 0xa, 0xf1, 0x0,
    0x0, 0x0, 0xaf, 0x0, 0x0, 0x0, 0x0, 0x0,
    0xa, 0xf1, 0x0, 0x0, 0x19, 0xee, 0x0, 0x0,
    0x0, 0x0, 0x0, 0xa, 0xf1, 0x0, 0x0, 0xb,
    0xb4, 0x0,

    /* U+6682 "暂" */
    0x0, 0x0, 0x5, 0x10, 0x0, 0x0, 0x0, 0x0,
    0x0, 0x0, 0x0, 0x0, 0x1, 0xfd, 0x0, 0x0,
    0x0, 0x1, 0x25, 0x8c, 0x60, 0x3, 0x32, 0x9f,
    0x72, 0x23, 0x30, 0xcf, 0xff, 0xff, 0xfc, 0x0,
    0xff, 0xff, 0xff, 0xff, 0xff, 0x1b, 0xf5, 0x32,
    0x0, 0x0, 0x3, 0x29, 0xf3, 0x22, 0x22, 0x30,
    0xbf, 0x0, 0x0, 0x0, 0x0, 0x2, 0xf8, 0xa,
    0xf0, 0x0, 0xb, 0xf6, 0x66, 0x66, 0x64, 0x3,
    0xef, 0x76, 0xdf, 0x88, 0x70, 0xcf, 0xff, 0xff,
    0xff, 0x90, 0x1f, 0xff, 0xef, 0xfc, 0xca, 0xd,
    0xf1, 0x1d, 0xe1, 0x11, 0x0, 0x31, 0x0, 0xbf,
    0x0, 0x0, 0xfd, 0x0, 0xce, 0x0, 0x0, 0x34,
    0x56, 0x7d, 0xfb, 0xda, 0x4f, 0x90, 0xd, 0xe0,
    0x0, 0x1f, 0xff, 0xfe, 0xff, 0xa8, 0x4c, 0xf3,
    0x0, 0xde, 0x0, 0x0, 0x43, 0x10, 0xb, 0xf0,
    0x5, 0xfb, 0x0, 0xd, 0xf0, 0x0, 0x0, 0x0,
    0x0, 0x47, 0x0, 0x3, 0x10, 0x0, 0x55, 0x0,
    0x0, 0x0, 0x37, 0x77, 0x77, 0x77, 0x77, 0x77,
    0x77, 0x71, 0x0, 0x0, 0x7, 0xff, 0xff, 0xff,
    0xff, 0xff, 0xff, 0xff, 0x20, 0x0, 0x0, 0x6f,
    0x60, 0x0, 0x0, 0x0, 0x0, 0xb, 0xf1, 0x0,
    0x0, 0x6, 0xf8, 0x44, 0x44, 0x44, 0x44, 0x44,
    0xcf, 0x10, 0x0, 0x0, 0x6f, 0xff, 0xff, 0xff,
    0xff, 0xff, 0xff, 0xf1, 0x0, 0x0, 0x6, 0xf6,
    0x0, 0x0, 0x0, 0x0, 0x0, 0xbf, 0x10, 0x0,
    0x0, 0x7f, 0x84, 0x44, 0x44, 0x44, 0x44, 0x4c,
    0xf1, 0x0, 0x0, 0x7, 0xff, 0xff, 0xff, 0xff,
    0xff, 0xff, 0xff, 0x20, 0x0, 0x0, 0x7f, 0x60,
    0x0, 0x0, 0x0, 0x0, 0xb, 0xf2, 0x0,

    /* U+66F4 "更" */
    0x0, 0x0, 0x0, 0x0, 0x0, 0x0, 0x0, 0x0,
    0x0, 0x0, 0x0, 0xc, 0xff, 0xff, 0xff, 0xff,
    0xff, 0xff, 0xff, 0xff, 0xff, 0xb0, 0x7, 0x99,
    0x88, 0x88, 0x88, 0xef, 0x88, 0x88, 0x88, 0x89,
    0x70, 0x0, 0x0, 0x0, 0x0, 0x0, 0xcf, 0x0,
    0x0, 0x0, 0x0, 0x0, 0x0, 0x4, 0x55, 0x55,
    0x55, 0xdf, 0x55, 0x55, 0x55, 0x40, 0x0, 0x0,
    0xd, 0xff, 0xff, 0xff, 0xff, 0xff, 0xff, 0xff,
    0xd0, 0x0, 0x0, 0xd, 0xf2, 0x11, 0x11, 0xcf,
    0x11, 0x11, 0x2f, 0xd0, 0x0, 0x0, 0xc, 0xf1,
    0x0, 0x0, 0xcf, 0x0, 0x0, 0x1f, 0xc0, 0x0,
    0x0, 0xc, 0xff, 0xff, 0xff, 0xff, 0xff, 0xff,
    0xff, 0xc0, 0x0, 0x0, 0xc, 0xf9, 0x88, 0x88,
    0xef, 0x88, 0x88, 0x9f, 0xc0, 0x0, 0x0, 0xd,
    0xf1, 0x0, 0x0, 0xdf, 0x0, 0x0, 0x1f, 0xc0,
    0x0, 0x0, 0xd, 0xf9, 0x88, 0x88, 0xef, 0x88,
    0x88, 0x9f, 0xd0, 0x0, 0x0, 0xd, 0xff, 0xff,
    0xff, 0xff, 0xff, 0xff, 0xff, 0xd0, 0x0, 0x0,
    0x0, 0x3d, 0x30, 0x3, 0xfa, 0x0, 0x0, 0x0,
    0x0, 0x0, 0x0, 0x0, 0x5f, 0xf4, 0x6, 0xf5,
    0x0, 0x0, 0x0, 0x0, 0x0, 0x0, 0x0, 0x3,
    0xef, 0x8d, 0xf0, 0x0, 0x0, 0x0, 0x0, 0x0,
    0x0, 0x0, 0x0, 0x1c, 0xff, 0x90, 0x0, 0x0,
    0x0, 0x0, 0x0, 0x0, 0x0, 0x0, 0x7, 0xff,
    0xfc, 0x61, 0x0, 0x0, 0x0, 0x0, 0x0, 0x0,
    0x27, 0xdf, 0xc3, 0x9f, 0xff, 0xc9, 0x52, 0x10,
    0x0, 0x49, 0xbe, 0xff, 0xd5, 0x0, 0x1, 0x6b,
    0xff, 0xff, 0xff, 0xf2, 0x2f, 0xfd, 0x94, 0x0,
    0x0, 0x0, 0x0, 0x3, 0x6a, 0xce, 0xb0, 0x3,
    0x10, 0x0, 0x0, 0x0, 0x0, 0x0, 0x0, 0x0,
    0x0, 0x0,

    /* U+6700 "最" */
    0x0, 0x1, 0x44, 0x44, 0x44, 0x44, 0x44, 0x44,
    0x44, 0x0, 0x0, 0x0, 0x3, 0xff, 0xff, 0xff,
    0xff, 0xff, 0xff, 0xff, 0x0, 0x0, 0x0, 0x3,
    0xf9, 0x0, 0x0, 0x0, 0x0, 0x0, 0xcf, 0x0,
    0x0, 0x0, 0x2, 0xff, 0xff, 0xff, 0xff, 0xff,
    0xff, 0xff, 0x0, 0x0, 0x0, 0x2, 0xfb, 0x55,
    0x55, 0x55, 0x55, 0x55, 0xdf, 0x0, 0x0, 0x0,
    0x3, 0xfa, 0x44, 0x44, 0x44, 0x44, 0x44, 0xdf,
    0x0, 0x0, 0x0, 0x3, 0xff, 0xff, 0xff, 0xff,
    0xff, 0xff, 0xff, 0x0, 0x0, 0x0, 0x0, 0x0,
    0x0, 0x0, 0x0, 0x0, 0x0, 0x0, 0x0, 0x0,
    0x38, 0x77, 0x77, 0x77, 0x77, 0x77, 0x77, 0x77,
    0x77, 0x77, 0x82, 0x7f, 0xff, 0xff, 0xff, 0xff,
    0xff, 0xff, 0xff, 0xff, 0xff, 0xf4, 0x0, 0xe,
    0xa0, 0x0, 0xf, 0x90, 0x0, 0x0, 0x0, 0x0,
    0x0, 0x0, 0xe, 0xc6, 0x66, 0x6f, 0x93, 0x66,
    0x66, 0x66, 0x60, 0x0, 0x0, 0xe, 0xff, 0xff,
    0xff, 0x96, 0xff, 0xff, 0xff, 0xe0, 0x0, 0x0,
    0xe, 0xa0, 0x0, 0xf, 0x90, 0x8d, 0x0, 0x1f,
    0x90, 0x0, 0x0, 0xe, 0xfe, 0xee, 0xef, 0x90,
    0x3f, 0x30, 0x6f, 0x20, 0x0, 0x0, 0xe, 0xc5,
    0x55, 0x5f, 0x90, 0xc, 0xb0, 0xeb, 0x0, 0x0,
    0x0, 0xe, 0xa0, 0x2, 0x4f, 0xee, 0x3, 0xfd,
    0xf3, 0x0, 0x0, 0x4, 0x6f, 0xee, 0xff, 0xff,
    0xd7, 0x0, 0x9f, 0xe3, 0x0, 0x0, 0xe, 0xff,
    0xda, 0x63, 0xf, 0xa0, 0x5, 0xf9, 0xcf, 0xa4,
    0x0, 0x5, 0x41, 0x0, 0x0, 0xf, 0xa2, 0x9f,
    0x80, 0x7, 0xff, 0xe1, 0x0, 0x0, 0x0, 0x0,
    0x1f, 0xb1, 0xc6, 0x0, 0x0, 0x17, 0x50, 0x0,
    0x0, 0x0, 0x0, 0x0, 0x0, 0x0, 0x0, 0x0,
    0x0, 0x0,

    /* U+6708 "月" */
    0x0, 0x0, 0x11, 0x11, 0x11, 0x11, 0x11, 0x11,
    0x11, 0x10, 0x0, 0xd, 0xff, 0xff, 0xff, 0xff,
    0xff, 0xff, 0xfd, 0x0, 0x0, 0xcf, 0x55, 0x55,
    0x55, 0x55, 0x55, 0x5f, 0xc0, 0x0, 0xc, 0xf0,
    0x0, 0x0, 0x0, 0x0, 0x1, 0xfb, 0x0, 0x0,
    0xcf, 0x0, 0x0, 0x0, 0x0, 0x0, 0x1f, 0xb0,
    0x0, 0xc, 0xf0, 0x0, 0x0, 0x0, 0x0, 0x1,
    0xfb, 0x0, 0x0, 0xcf, 0xff, 0xff, 0xff, 0xff,
    0xff, 0xff, 0xb0, 0x0, 0xc, 0xf7, 0x77, 0x77,
    0x77, 0x77, 0x77, 0xfb, 0x0, 0x0, 0xcf, 0x0,
    0x0, 0x0, 0x0, 0x0, 0x1f, 0xb0, 0x0, 0xc,
    0xf0, 0x0, 0x0, 0x0, 0x0, 0x1, 0xfb, 0x0,
    0x0, 0xcf, 0x0, 0x0, 0x0, 0x0, 0x0, 0x1f,
    0xb0, 0x0, 0xc, 0xf8, 0x88, 0x88, 0x88, 0x88,
    0x88, 0xfb, 0x0, 0x0, 0xef, 0xff, 0xff, 0xff,
    0xff, 0xff, 0xff, 0xb0, 0x0, 0xf, 0xd0, 0x0,
    0x0, 0x0, 0x0, 0x1, 0xfb, 0x0, 0x3, 0xfa,
    0x0, 0x0, 0x0, 0x0, 0x0, 0x1f, 0xb0, 0x0,
    0x7f, 0x60, 0x0, 0x0, 0x0, 0x0, 0x1, 0xfb,
    0x0, 0xd, 0xf2, 0x0, 0x0, 0x0, 0x0, 0x0,
    0x1f, 0xb0, 0x4, 0xfc, 0x0, 0x0, 0x0, 0x0,
    0x0, 0x1, 0xfb, 0x0, 0xdf, 0x40, 0x0, 0x0,
    0x0, 0x0, 0x0, 0x5f, 0xa0, 0xbf, 0xb0, 0x0,
    0x0, 0x0, 0x0, 0x8f, 0xff, 0xf8, 0x2b, 0xe2,
    0x0, 0x0, 0x0, 0x0, 0x1, 0xff, 0xd9, 0x10,
    0x1, 0x0, 0x0, 0x0, 0x0, 0x0, 0x0, 0x0,
    0x0,

    /* U+6709 "有" */
    0x0, 0x0, 0x0, 0x0, 0x0, 0x30, 0x0, 0x0,
    0x0, 0x0, 0x0, 0x0, 0x0, 0x0, 0x0, 0x0,
    0xf, 0xf3, 0x0, 0x0, 0x0, 0x0, 0x0, 0x0,
    0x0, 0x0, 0x0, 0x3, 0xfe, 0x0, 0x0, 0x0,
    0x0, 0x0, 0x0, 0x2, 0x21, 0x11, 0x11, 0x8f,
    0xa1, 0x11, 0x11, 0x11, 0x12, 0x21, 0x0, 0xef,
    0xff, 0xff, 0xff, 0xff, 0xff, 0xff, 0xff, 0xff,
    0xff, 0x60, 0x8, 0x88, 0x88, 0x8b, 0xfe, 0x88,
    0x88, 0x88, 0x88, 0x88, 0x83, 0x0, 0x0, 0x0,
    0x0, 0xdf, 0x40, 0x0, 0x0, 0x0, 0x0, 0x0,
    0x0, 0x0, 0x0, 0x0, 0x7f, 0xd7, 0x77, 0x77,
    0x77, 0x77, 0x72, 0x0, 0x0, 0x0, 0x0, 0x3f,
    0xff, 0xff, 0xff, 0xff, 0xff, 0xff, 0x40, 0x0,
    0x0, 0x0, 0x1e, 0xf9, 0x0, 0x0, 0x0, 0x0,
    0xa, 0xf4, 0x0, 0x0, 0x0, 0x1d, 0xff, 0x90,
    0x0, 0x0, 0x0, 0x0, 0xaf, 0x30, 0x0, 0x0,
    0x1d, 0xfe, 0xf9, 0x0, 0x0, 0x0, 0x0, 0xa,
    0xf3, 0x0, 0x0, 0x3e, 0xfa, 0x6f, 0xff, 0xff,
    0xff, 0xff, 0xff, 0xff, 0x30, 0x0, 0x8f, 0xfa,
    0x6, 0xfc, 0x77, 0x77, 0x77, 0x77, 0x7c, 0xf3,
    0x0, 0x6, 0xf7, 0x0, 0x6f, 0x90, 0x0, 0x0,
    0x0, 0x0, 0xaf, 0x30, 0x0, 0x1, 0x0, 0x6,
    0xfc, 0x77, 0x77, 0x77, 0x77, 0x7c, 0xf3, 0x0,
    0x0, 0x0, 0x0, 0x6f, 0xff, 0xff, 0xff, 0xff,
    0xff, 0xff, 0x30, 0x0, 0x0, 0x0, 0x6, 0xf9,
    0x0, 0x0, 0x0, 0x0, 0xa, 0xf3, 0x0, 0x0,
    0x0, 0x0, 0x6f, 0x90, 0x0, 0x0, 0x0, 0x0,
    0xaf, 0x30, 0x0, 0x0, 0x0, 0x6, 0xf9, 0x0,
    0x0, 0x0, 0x1, 0x1d, 0xf2, 0x0, 0x0, 0x0,
    0x0, 0x6f, 0x90, 0x0, 0x0, 0x2, 0xff, 0xfe,
    0x0, 0x0, 0x0, 0x0, 0x7, 0xf9, 0x0, 0x0,
    0x0, 0xd, 0xfb, 0x30, 0x0, 0x0, 0x0, 0x0,
    0x0, 0x0, 0x0, 0x0, 0x0, 0x0, 0x0, 0x0,
    0x0,

    /* U+671F "期" */
    0x0, 0x2, 0x30, 0x0, 0x3, 0x30, 0x0, 0x0,
    0x0, 0x0, 0x0, 0x0, 0x0, 0xbf, 0x30, 0x0,
    0xdf, 0x20, 0x3, 0x44, 0x44, 0x44, 0x40, 0x0,
    0xa, 0xf2, 0x0, 0xd, 0xf1, 0x0, 0xdf, 0xff,
    0xff, 0xff, 0x10, 0x22, 0xbf, 0x32, 0x22, 0xdf,
    0x32, 0xd, 0xf3, 0x22, 0x2e, 0xf0, 0xa, 0xff,
    0xff, 0xff, 0xff, 0xff, 0xc0, 0xdf, 0x10, 0x0,
    0xef, 0x0, 0x34, 0xcf, 0x54, 0x44, 0xdf, 0x54,
    0xd, 0xf1, 0x0, 0xe, 0xf0, 0x0, 0xa, 0xf2,
    0x0, 0xc, 0xf1, 0x0, 0xcf, 0x10, 0x0, 0xef,
    0x0, 0x0, 0xaf, 0x87, 0x77, 0xef, 0x10, 0xc,
    0xf7, 0x77, 0x7e, 0xf0, 0x0, 0xa, 0xff, 0xff,
    0xff, 0xf1, 0x0, 0xcf, 0xff, 0xff, 0xff, 0x0,
    0x0, 0xaf, 0x20, 0x0, 0xcf, 0x10, 0xc, 0xf1,
    0x0, 0xe, 0xf0, 0x0, 0xa, 0xf5, 0x44, 0x4d,
    0xf1, 0x0, 0xdf, 0x10, 0x0, 0xef, 0x0, 0x0,
    0xaf, 0xff, 0xff, 0xff, 0x10, 0xd, 0xf1, 0x0,
    0xe, 0xf0, 0x0, 0xa, 0xf3, 0x22, 0x2d, 0xf1,
    0x0, 0xdf, 0x65, 0x55, 0xef, 0x0, 0x0, 0xaf,
    0x20, 0x0, 0xcf, 0x10, 0xe, 0xff, 0xff, 0xff,
    0xf0, 0x3f, 0xff, 0xff, 0xff, 0xff, 0xff, 0xc0,
    0xfe, 0x0, 0x0, 0xef, 0x1, 0x87, 0x77, 0x77,
    0x77, 0x77, 0x86, 0x3f, 0xb0, 0x0, 0xe, 0xf0,
    0x0, 0x5, 0x91, 0x0, 0x4a, 0x0, 0x8, 0xf8,
    0x0, 0x0, 0xef, 0x0, 0x1, 0xef, 0x40, 0x9,
    0xf9, 0x0, 0xef, 0x20, 0x0, 0xe, 0xf0, 0x0,
    0xbf, 0x50, 0x0, 0xc, 0xf7, 0x7f, 0xc0, 0x0,
    0x0, 0xef, 0x0, 0xaf, 0x90, 0x0, 0x0, 0x2d,
    0x6f, 0xf4, 0x0, 0x0, 0x1e, 0xf0, 0x1b, 0xc0,
    0x0, 0x0, 0x0, 0x2e, 0xfa, 0x0, 0x0, 0x9f,
    0xfd, 0x0, 0x0, 0x0, 0x0, 0x0, 0x0, 0x5c,
    0x0, 0x0, 0x3, 0xfb, 0x20, 0x0, 0x0, 0x0,
    0x0, 0x0, 0x0, 0x0, 0x0, 0x0, 0x0, 0x0,
    0x0,

    /* U+672A "未" */
    0x0, 0x0, 0x0, 0x0, 0x0, 0x19, 0x80, 0x0,
    0x0, 0x0, 0x0, 0x0, 0x0, 0x0, 0x0, 0x0,
    0x0, 0x1f, 0xd0, 0x0, 0x0, 0x0, 0x0, 0x0,
    0x0, 0x0, 0x0, 0x0, 0x0, 0x1f, 0xc0, 0x0,
    0x0, 0x0, 0x0, 0x0, 0x0, 0x0, 0x0, 0x0,
    0x0, 0x1f, 0xc0, 0x0, 0x0, 0x0, 0x0, 0x0,
    0x0, 0x6, 0x99, 0x99, 0x99, 0x9f, 0xe9, 0x99,
    0x99, 0x9a, 0x30, 0x0, 0x0, 0xa, 0xff, 0xff,
    0xff, 0xff, 0xff, 0xff, 0xff, 0xff, 0x40, 0x0,
    0x0, 0x0, 0x0, 0x0, 0x0, 0x1f, 0xc0, 0x0,
    0x0, 0x0, 0x0, 0x0, 0x0, 0x0, 0x0, 0x0,
    0x0, 0x1f, 0xc0, 0x0, 0x0, 0x0, 0x0, 0x0,
    0x0, 0x0, 0x0, 0x0, 0x0, 0x1f, 0xc0, 0x0,
    0x0, 0x0, 0x0, 0x0, 0x4, 0x98, 0x88, 0x88,
    0x88, 0x9f, 0xe8, 0x88, 0x88, 0x88, 0x89, 0x10,
    0x7, 0xff, 0xff, 0xff, 0xff, 0xff, 0xff, 0xff,
    0xff, 0xff, 0xff, 0x20, 0x0, 0x0, 0x0, 0x0,
    0x1e, 0xff, 0xff, 0x50, 0x0, 0x0, 0x0, 0x0,
    0x0, 0x0, 0x0, 0x0, 0xbf, 0x8f, 0xde, 0xe2,
    0x0, 0x0, 0x0, 0x0, 0x0, 0x0, 0x0, 0x6,
    0xfc, 0x1f, 0xc5, 0xfc, 0x0, 0x0, 0x0, 0x0,
    0x0, 0x0, 0x0, 0x5f, 0xf2, 0x1f, 0xc0, 0xaf,
    0xc0, 0x0, 0x0, 0x0, 0x0, 0x0, 0x6, 0xff,
    0x40, 0x1f, 0xc0, 0x1d, 0xfb, 0x10, 0x0, 0x0,
    0x0, 0x0, 0x7f, 0xf6, 0x0, 0x1f, 0xc0, 0x2,
    0xef, 0xe5, 0x0, 0x0, 0x0, 0x1b, 0xff, 0x60,
    0x0, 0x1f, 0xc0, 0x0, 0x2c, 0xff, 0xc5, 0x0,
    0x7, 0xff, 0xe3, 0x0, 0x0, 0x1f, 0xc0, 0x0,
    0x0, 0x8f, 0xff, 0xc0, 0x2, 0xec, 0x10, 0x0,
    0x0, 0x1f, 0xc0, 0x0, 0x0, 0x3, 0xae, 0x10,
    0x0, 0x20, 0x0, 0x0, 0x0, 0x2f, 0xd0, 0x0,
    0x0, 0x0, 0x0, 0x0, 0x0, 0x0, 0x0, 0x0,
    0x0, 0x3f, 0xd0, 0x0, 0x0, 0x0, 0x0, 0x0,

    /* U+672C "本" */
    0x0, 0x0, 0x0, 0x0, 0x0, 0x66, 0x0, 0x0,
    0x0, 0x0, 0x0, 0x0, 0x0, 0x0, 0x0, 0x0,
    0xff, 0x0, 0x0, 0x0, 0x0, 0x0, 0x0, 0x0,
    0x0, 0x0, 0x0, 0xff, 0x0, 0x0, 0x0, 0x0,
    0x0, 0x0, 0x0, 0x0, 0x0, 0x0, 0xff, 0x0,
    0x0, 0x0, 0x0, 0x0, 0x0, 0x0, 0x0, 0x0,
    0x0, 0xff, 0x0, 0x0, 0x0, 0x0, 0x0, 0xa,
    0xcb, 0xbb, 0xbb, 0xbb, 0xff, 0xbb, 0xbb, 0xbb,
    0xbc, 0xb0, 0xc, 0xee, 0xee, 0xee, 0xff, 0xff,
    0xfe, 0xee, 0xee, 0xee, 0xe0, 0x0, 0x0, 0x0,
    0x0, 0xcf, 0xff, 0xfa, 0x0, 0x0, 0x0, 0x0,
    0x0, 0x0, 0x0, 0x3, 0xfb, 0xff, 0xaf, 0x0,
    0x0, 0x0, 0x0, 0x0, 0x0, 0x0, 0xa, 0xf4,
    0xff, 0x4f, 0x70, 0x0, 0x0, 0x0, 0x0, 0x0,
    0x0, 0x2f, 0xc0, 0xff, 0xe, 0xe0, 0x0, 0x0,
    0x0, 0x0, 0x0, 0x0, 0xcf, 0x40, 0xff, 0x6,
    0xf8, 0x0, 0x0, 0x0, 0x0, 0x0, 0x6, 0xfb,
    0x0, 0xff, 0x0, 0xcf, 0x30, 0x0, 0x0, 0x0,
    0x0, 0x2e, 0xf2, 0x0, 0xff, 0x0, 0x3f, 0xe2,
    0x0, 0x0, 0x0, 0x1, 0xdf, 0x60, 0x0, 0xff,
    0x0, 0x7, 0xfe, 0x30, 0x0, 0x0, 0x1c, 0xf9,
    0x0, 0x0, 0xff, 0x0, 0x0, 0x9f, 0xf5, 0x0,
    0x2, 0xdf, 0xb2, 0xcc, 0xbb, 0xff, 0xbb, 0xcc,
    0x39, 0xff, 0xa2, 0x6f, 0xfb, 0x2, 0xee, 0xdd,
    0xff, 0xdd, 0xee, 0x30, 0x7f, 0xf4, 0x2d, 0xa0,
    0x0, 0x0, 0x0, 0xff, 0x0, 0x0, 0x0, 0x4,
    0x50, 0x1, 0x0, 0x0, 0x0, 0x0, 0xff, 0x0,
    0x0, 0x0, 0x0, 0x0, 0x0, 0x0, 0x0, 0x0,
    0x0, 0xff, 0x0, 0x0, 0x0, 0x0, 0x0, 0x0,
    0x0, 0x0, 0x0, 0x0, 0xff, 0x0, 0x0, 0x0,
    0x0, 0x0,

    /* U+675F "束" */
    0x0, 0x0, 0x0, 0x0, 0x0, 0x45, 0x10, 0x0,
    0x0, 0x0, 0x0, 0x0, 0x0, 0x0, 0x0, 0x0,
    0xd, 0xf2, 0x0, 0x0, 0x0, 0x0, 0x0, 0x0,
    0x0, 0x0, 0x0, 0x0, 0xdf, 0x10, 0x0, 0x0,
    0x0, 0x0, 0x2, 0xaa, 0xaa, 0xaa, 0xaa, 0xae,
    0xfa, 0xaa, 0xaa, 0xaa, 0xaa, 0xa0, 0x3f, 0xff,
    0xff, 0xff, 0xff, 0xff, 0xff, 0xff, 0xff, 0xff,
    0xff, 0x0, 0x0, 0x0, 0x0, 0x0, 0xc, 0xf1,
    0x0, 0x0, 0x0, 0x0, 0x0, 0x0, 0x0, 0x0,
    0x0, 0x0, 0xcf, 0x10, 0x0, 0x0, 0x0, 0x0,
    0x0, 0x1, 0xaa, 0xaa, 0xaa, 0xae, 0xfa, 0xaa,
    0xaa, 0xaa, 0x70, 0x0, 0x0, 0x1f, 0xff, 0xff,
    0xff, 0xff, 0xff, 0xff, 0xff, 0xfb, 0x0, 0x0,
    0x0, 0xfc, 0x0, 0x0, 0xc, 0xf1, 0x0, 0x0,
    0x1f, 0xb0, 0x0, 0x0, 0xf, 0xc0, 0x0, 0x0,
    0xcf, 0x10, 0x0, 0x1, 0xfb, 0x0, 0x0, 0x1,
    0xfe, 0x88, 0x88, 0x8e, 0xf9, 0x88, 0x88, 0x9f,
    0xb0, 0x0, 0x0, 0x1f, 0xff, 0xff, 0xff, 0xff,
    0xff, 0xff, 0xff, 0xfc, 0x0, 0x0, 0x0, 0x0,
    0x0, 0xb, 0xff, 0xfe, 0xf4, 0x0, 0x0, 0x0,
    0x0, 0x0, 0x0, 0x0, 0x8, 0xfa, 0xcf, 0x7f,
    0xd1, 0x0, 0x0, 0x0, 0x0, 0x0, 0x0, 0x8,
    0xfd, 0xc, 0xf2, 0xaf, 0xb0, 0x0, 0x0, 0x0,
    0x0, 0x0, 0xa, 0xfe, 0x20, 0xcf, 0x20, 0xcf,
    0xa0, 0x0, 0x0, 0x0, 0x0, 0x2c, 0xfe, 0x20,
    0xc, 0xf2, 0x1, 0xdf, 0xc3, 0x0, 0x0, 0x0,
    0x7f, 0xfc, 0x10, 0x0, 0xcf, 0x20, 0x1, 0xcf,
    0xfa, 0x30, 0x3, 0xef, 0xf9, 0x0, 0x0, 0xd,
    0xf3, 0x0, 0x0, 0x7f, 0xff, 0xd1, 0xa, 0xd4,
    0x0, 0x0, 0x0, 0xdf, 0x30, 0x0, 0x0, 0x2a,
    0xf5, 0x0, 0x10, 0x0, 0x0, 0x0, 0xe, 0xf3,
    0x0, 0x0, 0x0, 0x1, 0x0,

    /* U+6765 "来" */
    0x0, 0x0, 0x0, 0x0, 0x0, 0x22, 0x0, 0x0,
    0x0, 0x0, 0x0, 0x0, 0x0, 0x0, 0x0, 0x2,
    0xfe, 0x0, 0x0, 0x0, 0x0, 0x0, 0x0, 0x0,
    0x0, 0x0, 0x0, 0xfd, 0x0, 0x0, 0x0, 0x0,
    0x0, 0x0, 0x11, 0x0, 0x0, 0x1, 0xfd, 0x0,
    0x0, 0x0, 0x11, 0x0, 0x1, 0xff, 0xff, 0xff,
    0xff, 0xff, 0xff, 0xff, 0xff, 0xfe, 0x0, 0x1,
    0xa9, 0x88, 0x88, 0x88, 0xfe, 0x88, 0x88, 0x88,
    0xaa, 0x0, 0x0, 0x0, 0x18, 0x0, 0x0, 0xfd,
    0x0, 0x4, 0xa2, 0x0, 0x0, 0x0, 0x0, 0x8f,
    0x90, 0x0, 0xfd, 0x0, 0xd, 0xf3, 0x0, 0x0,
    0x0, 0x0, 0xc, 0xf4, 0x0, 0xfd, 0x0, 0x6f,
    0xa0, 0x0, 0x0, 0x0, 0x0, 0x3, 0xfc, 0x0,
    0xfd, 0x1, 0xee, 0x10, 0x0, 0x0, 0x1, 0x0,
    0x0, 0x61, 0x1, 0xfd, 0x1, 0x65, 0x0, 0x1,
    0x10, 0x6f, 0xff, 0xff, 0xff, 0xff, 0xff, 0xff,
    0xff, 0xff, 0xff, 0xf6, 0x4a, 0x98, 0x88, 0x89,
    0xff, 0xff, 0xfd, 0x88, 0x88, 0x89, 0x94, 0x0,
    0x0, 0x0, 0x9, 0xf7, 0xfd, 0xdf, 0x30, 0x0,
    0x0, 0x0, 0x0, 0x0, 0x0, 0x7f, 0xc0, 0xfd,
    0x3f, 0xf4, 0x0, 0x0, 0x0, 0x0, 0x0, 0x6,
    0xfe, 0x10, 0xfd, 0x6, 0xff, 0x60, 0x0, 0x0,
    0x0, 0x0, 0x7f, 0xf3, 0x0, 0xfd, 0x0, 0x7f,
    0xfb, 0x20, 0x0, 0x0, 0x1b, 0xff, 0x30, 0x0,
    0xfd, 0x0, 0x5, 0xff, 0xf9, 0x20, 0x7, 0xff,
    0xe3, 0x0, 0x0, 0xfd, 0x0, 0x0, 0x3e, 0xff,
    0xf9, 0x5f, 0xfc, 0x10, 0x0, 0x1, 0xfd, 0x0,
    0x0, 0x0, 0x8f, 0xd0, 0x6, 0x70, 0x0, 0x0,
    0x1, 0xfe, 0x0, 0x0, 0x0, 0x1, 0x30, 0x0,
    0x0, 0x0, 0x0, 0x2, 0xfe, 0x0, 0x0, 0x0,
    0x0, 0x0,

    /* U+67E5 "查" */
    0x0, 0x0, 0x0, 0x0, 0x0, 0x87, 0x0, 0x0,
    0x0, 0x0, 0x0, 0x0, 0x0, 0x0, 0x0, 0x0,
    0xfc, 0x0, 0x0, 0x0, 0x0, 0x0, 0x0, 0x0,
    0x0, 0x0, 0x0, 0xfc, 0x0, 0x0, 0x0, 0x0,
    0x0, 0x8, 0xaa, 0xaa, 0xaa, 0xaa, 0xfe, 0xaa,
    0xaa, 0xaa, 0xaa, 0x80, 0xc, 0xff, 0xff, 0xff,
    0xff, 0xff, 0xff, 0xff, 0xff, 0xff, 0xc0, 0x0,
    0x0, 0x0, 0xd, 0xf3, 0xfc, 0x4f, 0x90, 0x0,
    0x0, 0x0, 0x0, 0x0, 0x0, 0xaf, 0x80, 0xfc,
    0x9, 0xf8, 0x0, 0x0, 0x0, 0x0, 0x0, 0xb,
    0xfb, 0x0, 0xfc, 0x0, 0xbf, 0xb2, 0x0, 0x0,
    0x0, 0x3, 0xdf, 0xb0, 0x0, 0xfc, 0x0, 0xa,
    0xff, 0xa2, 0x0, 0x2, 0x9f, 0xf9, 0x0, 0x0,
    0xfc, 0x0, 0x0, 0x6f, 0xff, 0xd6, 0x8f, 0xfe,
    0xb8, 0x88, 0x88, 0xfe, 0x88, 0x88, 0x87, 0x9f,
    0xf3, 0xd, 0x70, 0x9f, 0xff, 0xff, 0xff, 0xff,
    0xff, 0xf9, 0x1, 0x50, 0x0, 0x0, 0x9f, 0x20,
    0x0, 0x0, 0x0, 0x2, 0xf9, 0x0, 0x0, 0x0,
    0x0, 0x9f, 0x87, 0x77, 0x77, 0x77, 0x78, 0xf9,
    0x0, 0x0, 0x0, 0x0, 0x9f, 0xff, 0xff, 0xff,
    0xff, 0xff, 0xf9, 0x0, 0x0, 0x0, 0x0, 0x9f,
    0x20, 0x0, 0x0, 0x0, 0x2, 0xf9, 0x0, 0x0,
    0x0, 0x0, 0x9f, 0x87, 0x77, 0x77, 0x77, 0x78,
    0xf9, 0x0, 0x0, 0x0, 0x0, 0xaf, 0xff, 0xff,
    0xff, 0xff, 0xff, 0xfa, 0x0, 0x0, 0x0, 0x0,
    0x0, 0x0, 0x0, 0x0, 0x0, 0x0, 0x0, 0x0,
    0x0, 0x0, 0x0, 0x0, 0x0, 0x0, 0x0, 0x0,
    0x0, 0x0, 0x0, 0x0, 0xa, 0xa9, 0x99, 0x99,
    0x99, 0x99, 0x99, 0x99, 0x99, 0x9a, 0xa2, 0xf,
    0xfe, 0xee, 0xee, 0xee, 0xee, 0xee, 0xee, 0xee,
    0xff, 0xf3,

    /* U+6807 "标" */
    0x0, 0x0, 0x6, 0x50, 0x0, 0x0, 0x0, 0x0,
    0x0, 0x0, 0x0, 0x0, 0x0, 0x0, 0x1f, 0xb0,
    0x0, 0x0, 0x0, 0x0, 0x0, 0x0, 0x0, 0x0,
    0x0, 0x0, 0xf, 0xb0, 0x0, 0x5f, 0xff, 0xff,
    0xff, 0xff, 0xfe, 0x0, 0x0, 0x0, 0xf, 0xb0,
    0x0, 0x4c, 0xba, 0xaa, 0xaa, 0xab, 0xcb, 0x0,
    0x0, 0x0, 0xf, 0xb0, 0x0, 0x0, 0x0, 0x0,
    0x0, 0x0, 0x0, 0x0, 0x3, 0x55, 0x4f, 0xc4,
    0x55, 0x0, 0x0, 0x0, 0x0, 0x0, 0x0, 0x0,
    0x9, 0xff, 0xff, 0xff, 0xfe, 0x0, 0x0, 0x0,
    0x0, 0x0, 0x0, 0x0, 0x4, 0x65, 0xbf, 0xc5,
    0x65, 0x0, 0x0, 0x0, 0x0, 0x0, 0x0, 0x0,
    0x0, 0x0, 0xbf, 0xb0, 0x7, 0xcb, 0xbb, 0xbb,
    0xbb, 0xbb, 0xbc, 0x80, 0x0, 0x0, 0xef, 0xb3,
    0x9, 0xfe, 0xee, 0xef, 0xfe, 0xee, 0xee, 0xa0,
    0x0, 0x4, 0xff, 0xdf, 0x80, 0x0, 0x0, 0x8,
    0xf3, 0x0, 0x0, 0x0, 0x0, 0xa, 0xff, 0xbe,
    0xf3, 0x0, 0x0, 0x8, 0xf3, 0x0, 0x0, 0x0,
    0x0, 0x2f, 0xdf, 0xb7, 0xfc, 0x2, 0x30, 0x8,
    0xf3, 0x3, 0x30, 0x0, 0x0, 0xaf, 0x6f, 0xb1,
    0xfa, 0x9, 0xf9, 0x8, 0xf3, 0x4f, 0xc0, 0x0,
    0x5, 0xfd, 0xf, 0xb0, 0x10, 0xe, 0xf3, 0x8,
    0xf3, 0xd, 0xf5, 0x0, 0x1f, 0xf4, 0xf, 0xb0,
    0x0, 0x5f, 0xc0, 0x8, 0xf3, 0x4, 0xfe, 0x0,
    0x7, 0x80, 0xf, 0xb0, 0x0, 0xdf, 0x50, 0x8,
    0xf3, 0x0, 0xbf, 0x70, 0x0, 0x0, 0xf, 0xb0,
    0x6, 0xfe, 0x0, 0x8, 0xf3, 0x0, 0x2f, 0xe0,
    0x0, 0x0, 0xf, 0xb0, 0x1f, 0xf7, 0x0, 0x8,
    0xf3, 0x0, 0xb, 0x80, 0x0, 0x0, 0xf, 0xb0,
    0x2, 0x80, 0x13, 0x4d, 0xf3, 0x0, 0x0, 0x0,
    0x0, 0x0, 0xf, 0xb0, 0x0, 0x0, 0x1f, 0xff,
    0xe0, 0x0, 0x0, 0x0, 0x0, 0x0, 0x1f, 0xc0,
    0x0, 0x0, 0xa, 0xb7, 0x10, 0x0, 0x0, 0x0,

    /* U+6811 "树" */
    0x0, 0x0, 0x33, 0x0, 0x0, 0x0, 0x0, 0x0,
    0x0, 0x3, 0x20, 0x0, 0x0, 0xf, 0xf0, 0x0,
    0x0, 0x0, 0x0, 0x0, 0x1, 0xfc, 0x0, 0x0,
    0x0, 0xfd, 0x0, 0x0, 0x0, 0x0, 0x0, 0x0,
    0xf, 0xb0, 0x0, 0x0, 0xe, 0xc0, 0x3, 0x33,
    0x33, 0x31, 0x0, 0x0, 0xfb, 0x0, 0x0, 0x0,
    0xec, 0x0, 0xaf, 0xff, 0xff, 0x60, 0x0, 0xf,
    0xb0, 0x0, 0x57, 0x7f, 0xd7, 0x74, 0x44, 0x49,
    0xf5, 0x65, 0x55, 0xfc, 0x66, 0xa, 0xff, 0xff,
    0xff, 0x0, 0x0, 0x8f, 0x3f, 0xff, 0xff, 0xff,
    0xc0, 0x11, 0x4f, 0xc1, 0x20, 0x30, 0xa, 0xf0,
    0x32, 0x22, 0xfc, 0x22, 0x0, 0x6, 0xfc, 0x0,
    0x6f, 0x50, 0xdd, 0x0, 0x0, 0xf, 0xb0, 0x0,
    0x0, 0xaf, 0xc2, 0x0, 0xdf, 0x3f, 0xa0, 0x34,
    0x0, 0xfb, 0x0, 0x0, 0xe, 0xfe, 0xf5, 0x3,
    0xfe, 0xf5, 0x1f, 0xd0, 0xf, 0xb0, 0x0, 0x4,
    0xff, 0xcd, 0xf2, 0x8, 0xff, 0x10, 0x9f, 0x50,
    0xfb, 0x0, 0x0, 0xbf, 0xfc, 0x3f, 0xb0, 0x2f,
    0xf1, 0x1, 0xfd, 0xf, 0xb0, 0x0, 0x3f, 0xae,
    0xc0, 0xab, 0x18, 0xff, 0xb0, 0xa, 0xf4, 0xfb,
    0x0, 0xd, 0xf3, 0xec, 0x0, 0x1, 0xfd, 0xbf,
    0x50, 0x3c, 0x3f, 0xb0, 0x0, 0xca, 0xe, 0xc0,
    0x0, 0xaf, 0x52, 0xfe, 0x0, 0x0, 0xfb, 0x0,
    0x2, 0x20, 0xec, 0x0, 0x6f, 0xc0, 0x8, 0xf9,
    0x0, 0xf, 0xb0, 0x0, 0x0, 0xe, 0xc0, 0x5f,
    0xf2, 0x0, 0x1c, 0x20, 0x0, 0xfb, 0x0, 0x0,
    0x0, 0xec, 0x1e, 0xf6, 0x0, 0x0, 0x0, 0x0,
    0xf, 0xb0, 0x0, 0x0, 0xf, 0xc0, 0x16, 0x0,
    0x0, 0x0, 0x0, 0x0, 0xfb, 0x0, 0x0, 0x0,
    0xfc, 0x0, 0x0, 0x0, 0x0, 0x0, 0xc, 0xef,
    0x90, 0x0, 0x0, 0xf, 0xd0, 0x0, 0x0, 0x0,
    0x0, 0x0, 0x9f, 0xc2, 0x0, 0x0, 0x0, 0x0,
    0x0, 0x0, 0x0, 0x0, 0x0, 0x1, 0x0, 0x0,
    0x0,

    /* U+6821 "校" */
    0x0, 0x0, 0x3, 0x20, 0x0, 0x0, 0x0, 0x7,
    0x30, 0x0, 0x0, 0x0, 0x0, 0x0, 0x2f, 0xb0,
    0x0, 0x0, 0x0, 0x4f, 0xc0, 0x0, 0x0, 0x0,
    0x0, 0x0, 0x1f, 0xb0, 0x0, 0x0, 0x0, 0xc,
    0xf5, 0x0, 0x0, 0x0, 0x0, 0x0, 0x1f, 0xb0,
    0x0, 0x11, 0x0, 0x5, 0x61, 0x0, 0x11, 0x10,
    0x0, 0x0, 0x1f, 0xb0, 0x6, 0xff, 0xff, 0xff,
    0xff, 0xff, 0xff, 0xf1, 0x3, 0x66, 0x6f, 0xc6,
    0x64, 0x87, 0x77, 0x77, 0x77, 0x77, 0x77, 0x80,
    0x7, 0xff, 0xff, 0xff, 0xf1, 0x0, 0x3, 0x0,
    0x0, 0x0, 0x0, 0x0, 0x1, 0x32, 0xaf, 0xb2,
    0x30, 0x0, 0x4f, 0xb1, 0x0, 0xad, 0x20, 0x0,
    0x0, 0x0, 0xdf, 0xb0, 0x0, 0x2, 0xef, 0x80,
    0x0, 0xaf, 0xe4, 0x0, 0x0, 0x2, 0xff, 0xb0,
    0x0, 0x1d, 0xf8, 0x0, 0x0, 0x8, 0xff, 0x70,
    0x0, 0x8, 0xff, 0xcc, 0x70, 0xdf, 0xa0, 0x0,
    0x0, 0x0, 0x8f, 0x80, 0x0, 0xe, 0xef, 0xbe,
    0xf1, 0x39, 0x2, 0x0, 0x0, 0x62, 0x4, 0x0,
    0x0, 0x6f, 0x8f, 0xb7, 0xfa, 0x0, 0xcd, 0x0,
    0x0, 0xff, 0x30, 0x0, 0x0, 0xef, 0x3f, 0xb1,
    0xb3, 0x0, 0x9f, 0x50, 0x6, 0xfb, 0x0, 0x0,
    0x9, 0xfb, 0x1f, 0xb0, 0x0, 0x0, 0x2f, 0xd0,
    0xe, 0xf3, 0x0, 0x0, 0xa, 0xf3, 0x1f, 0xb0,
    0x0, 0x0, 0x9, 0xf6, 0x8f, 0x90, 0x0, 0x0,
    0x0, 0x80, 0x1f, 0xb0, 0x0, 0x0, 0x0, 0xef,
    0xfd, 0x10, 0x0, 0x0, 0x0, 0x0, 0x1f, 0xb0,
    0x0, 0x0, 0x0, 0x8f, 0xf6, 0x0, 0x0, 0x0,
    0x0, 0x0, 0x1f, 0xb0, 0x0, 0x0, 0x1a, 0xff,
    0xff, 0x60, 0x0, 0x0, 0x0, 0x0, 0x2f, 0xb0,
    0x0, 0x17, 0xef, 0xd3, 0x5f, 0xfd, 0x72, 0x0,
    0x0, 0x0, 0x2f, 0xb0, 0x5b, 0xff, 0xf8, 0x0,
    0x2, 0xbf, 0xff, 0xd1, 0x0, 0x0, 0x2f, 0xc0,
    0x2f, 0xe8, 0x10, 0x0, 0x0, 0x3, 0xaf, 0x50,
    0x0, 0x0, 0x0, 0x0, 0x3, 0x0, 0x0, 0x0,
    0x0, 0x0, 0x0, 0x0,

    /* U+6846 "框" */
    0x0, 0x0, 0x0, 0x0, 0x0, 0x0, 0x0, 0x0,
    0x0, 0x0, 0x0, 0x0, 0x0, 0xc, 0xf4, 0x0,
    0x0, 0x0, 0x0, 0x0, 0x0, 0x0, 0x0, 0x0,
    0x0, 0xbf, 0x30, 0x9, 0xff, 0xff, 0xff, 0xff,
    0xff, 0xff, 0xa0, 0x0, 0xa, 0xf2, 0x0, 0x9f,
    0x66, 0x66, 0x66, 0x66, 0x66, 0x64, 0x0, 0x0,
    0xaf, 0x20, 0x9, 0xf1, 0x0, 0x0, 0x0, 0x0,
    0x0, 0x0, 0x0, 0xa, 0xf2, 0x0, 0x9f, 0x10,
    0x0, 0x0, 0x0, 0x0, 0x0, 0xe, 0xfe, 0xff,
    0xef, 0xe9, 0xf1, 0x7f, 0xee, 0xee, 0xee, 0xf8,
    0x0, 0x77, 0x7f, 0xf8, 0x77, 0x9f, 0x14, 0x77,
    0x7f, 0xe7, 0x77, 0x40, 0x0, 0x1, 0xff, 0x20,
    0x9, 0xf1, 0x0, 0x0, 0xed, 0x0, 0x0, 0x0,
    0x0, 0x6f, 0xf2, 0x0, 0x9f, 0x10, 0x0, 0xe,
    0xd0, 0x0, 0x0, 0x0, 0xc, 0xff, 0x78, 0x9,
    0xf1, 0x15, 0x54, 0xfe, 0x44, 0x50, 0x0, 0x3,
    0xff, 0xfe, 0xf1, 0x9f, 0x14, 0xff, 0xff, 0xff,
    0xff, 0x20, 0x0, 0xaf, 0xbf, 0x7f, 0x89, 0xf1,
    0x1, 0x0, 0xed, 0x0, 0x10, 0x0, 0x3f, 0xaa,
    0xf2, 0xda, 0x9f, 0x10, 0x0, 0xe, 0xd0, 0x0,
    0x0, 0xd, 0xf3, 0xaf, 0x21, 0x9, 0xf1, 0x0,
    0x0, 0xed, 0x0, 0x0, 0x3, 0xfa, 0xa, 0xf2,
    0x0, 0x9f, 0x15, 0x65, 0x5f, 0xe5, 0x56, 0x60,
    0x5, 0x20, 0xaf, 0x20, 0x9, 0xf1, 0xcf, 0xff,
    0xff, 0xff, 0xfe, 0x0, 0x0, 0xa, 0xf2, 0x0,
    0x9f, 0x10, 0x0, 0x0, 0x0, 0x0, 0x0, 0x0,
    0x0, 0xaf, 0x20, 0x9, 0xf1, 0x0, 0x0, 0x0,
    0x0, 0x0, 0x0, 0x0, 0xa, 0xf3, 0x0, 0xaf,
    0x65, 0x55, 0x55, 0x55, 0x56, 0x65, 0x0, 0x0,
    0xbf, 0x30, 0xa, 0xff, 0xff, 0xff, 0xff, 0xff,
    0xff, 0xb0, 0x0, 0xc, 0xf3, 0x0, 0x0, 0x0,
    0x0, 0x0, 0x0, 0x0, 0x0,

    /* U+68C0 "检" */
    0x0, 0x0, 0x5, 0x30, 0x0, 0x0, 0x0, 0x32,
    0x0, 0x0, 0x0, 0x0, 0x0, 0x0, 0x2f, 0xb0,
    0x0, 0x0, 0x0, 0xdf, 0x50, 0x0, 0x0, 0x0,
    0x0, 0x0, 0x1f, 0xa0, 0x0, 0x0, 0x3, 0xff,
    0x80, 0x0, 0x0, 0x0, 0x0, 0x0, 0x1f, 0x90,
    0x0, 0x0, 0xb, 0xfb, 0xf3, 0x0, 0x0, 0x0,
    0x0, 0x0, 0x1f, 0x90, 0x0, 0x0, 0x3f, 0xc0,
    0xdd, 0x10, 0x0, 0x0, 0x2, 0xaa, 0xaf, 0xda,
    0xa8, 0x0, 0xdf, 0x30, 0x3f, 0xc1, 0x0, 0x0,
    0x3, 0xff, 0xff, 0xff, 0xfb, 0x9, 0xf9, 0x0,
    0x7, 0xfe, 0x40, 0x0, 0x0, 0x0, 0x6f, 0x90,
    0x0, 0x7f, 0xd0, 0x0, 0x0, 0x8f, 0xfb, 0x30,
    0x0, 0x0, 0xbf, 0x90, 0x8, 0xff, 0xef, 0xff,
    0xff, 0xa6, 0xff, 0xf3, 0x0, 0x1, 0xff, 0x90,
    0x5f, 0xf4, 0x8a, 0x99, 0x99, 0x60, 0x2a, 0x90,
    0x0, 0x7, 0xff, 0x92, 0x15, 0x50, 0x0, 0x0,
    0x0, 0x0, 0x0, 0x0, 0x0, 0xe, 0xef, 0xef,
    0xa0, 0x0, 0x2, 0xba, 0x0, 0xa, 0xb4, 0x0,
    0x0, 0x7f, 0x8f, 0xad, 0xf3, 0x9e, 0x1, 0xff,
    0x0, 0xd, 0xf5, 0x0, 0x1, 0xee, 0x2f, 0x95,
    0xf7, 0xbf, 0x60, 0xaf, 0x50, 0x2f, 0xe0, 0x0,
    0xa, 0xf7, 0x1f, 0x90, 0x20, 0x3f, 0xd0, 0x3f,
    0xb0, 0x7f, 0x70, 0x0, 0x9, 0xe0, 0x1f, 0x90,
    0x0, 0xd, 0xf3, 0xe, 0xf1, 0xcf, 0x10, 0x0,
    0x0, 0x20, 0x1f, 0x90, 0x0, 0x7, 0xf9, 0x8,
    0x73, 0xfa, 0x0, 0x0, 0x0, 0x0, 0x1f, 0x90,
    0x0, 0x2, 0xf8, 0x0, 0x8, 0xf4, 0x0, 0x0,
    0x0, 0x0, 0x1f, 0x90, 0x0, 0x0, 0x0, 0x0,
    0xe, 0xd0, 0x0, 0x0, 0x0, 0x0, 0x1f, 0x90,
    0x39, 0x88, 0x88, 0x88, 0xaf, 0xc8, 0x89, 0x80,
    0x0, 0x0, 0x1f, 0xa0, 0x5f, 0xff, 0xff, 0xff,
    0xff, 0xff, 0xff, 0xd0, 0x0, 0x0, 0x2f, 0xa0,
    0x0, 0x0, 0x0, 0x0, 0x0, 0x0, 0x0, 0x0,

    /* U+690D "植" */
    0x0, 0x0, 0x34, 0x0, 0x0, 0x0, 0x0, 0x11,
    0x0, 0x0, 0x0, 0x0, 0x0, 0x0, 0xbf, 0x0,
    0x0, 0x0, 0x0, 0xcf, 0x0, 0x0, 0x0, 0x0,
    0x0, 0x0, 0xbf, 0x0, 0x0, 0x0, 0x0, 0xcf,
    0x0, 0x0, 0x0, 0x0, 0x0, 0x0, 0xbf, 0x0,
    0xbe, 0xed, 0xdd, 0xff, 0xdd, 0xdd, 0xee, 0x40,
    0x0, 0x0, 0xbf, 0x0, 0x8a, 0xaa, 0xaa, 0xef,
    0xaa, 0xaa, 0xab, 0x30, 0x7, 0x76, 0xcf, 0x66,
    0x50, 0x0, 0x0, 0xcf, 0x0, 0x0, 0x0, 0x0,
    0xf, 0xff, 0xff, 0xff, 0xb0, 0x33, 0x33, 0xcf,
    0x33, 0x33, 0x20, 0x0, 0x3, 0x34, 0xff, 0x23,
    0x20, 0xff, 0xff, 0xff, 0xff, 0xff, 0x90, 0x0,
    0x0, 0x5, 0xff, 0x0, 0x0, 0xeb, 0x33, 0x33,
    0x33, 0x4f, 0x80, 0x0, 0x0, 0xa, 0xff, 0x2,
    0x0, 0xea, 0x0, 0x0, 0x0, 0x1f, 0x80, 0x0,
    0x0, 0x1f, 0xff, 0xdd, 0x0, 0xef, 0xff, 0xff,
    0xff, 0xff, 0x80, 0x0, 0x0, 0x9f, 0xff, 0x8f,
    0x90, 0xed, 0x77, 0x77, 0x77, 0x7f, 0x80, 0x0,
    0x2, 0xfd, 0xbf, 0xd, 0xc0, 0xea, 0x0, 0x0,
    0x0, 0x1f, 0x80, 0x0, 0xd, 0xf5, 0xbf, 0x2,
    0x0, 0xef, 0xff, 0xff, 0xff, 0xff, 0x80, 0x0,
    0xd, 0xc0, 0xbf, 0x0, 0x0, 0xec, 0x55, 0x55,
    0x55, 0x6f, 0x80, 0x0, 0x3, 0x30, 0xbf, 0x0,
    0x0, 0xea, 0x0, 0x0, 0x0, 0x1f, 0x80, 0x0,
    0x0, 0x0, 0xbf, 0x0, 0x0, 0xef, 0xff, 0xff,
    0xff, 0xff, 0x80, 0x0, 0x0, 0x0, 0xbf, 0x0,
    0x0, 0xed, 0x77, 0x77, 0x77, 0x7f, 0x80, 0x0,
    0x0, 0x0, 0xbf, 0x0, 0x0, 0xea, 0x0, 0x0,
    0x0, 0x1f, 0x80, 0x0, 0x0, 0x0, 0xbf, 0x3,
    0x98, 0xfd, 0x88, 0x88, 0x88, 0x9f, 0xc8, 0x92,
    0x0, 0x0, 0xbf, 0x5, 0xff, 0xff, 0xff, 0xff,
    0xff, 0xff, 0xff, 0xf3, 0x0, 0x0, 0xcf, 0x10,
    0x0, 0x0, 0x0, 0x0, 0x0, 0x0, 0x0, 0x0,

    /* U+6B62 "止" */
    0x0, 0x0, 0x0, 0x0, 0x0, 0xc, 0xc0, 0x0,
    0x0, 0x0, 0x0, 0x0, 0x0, 0x0, 0x0, 0x0,
    0xf, 0xf0, 0x0, 0x0, 0x0, 0x0, 0x0, 0x0,
    0x0, 0x0, 0x0, 0xf, 0xe0, 0x0, 0x0, 0x0,
    0x0, 0x0, 0x0, 0x0, 0x0, 0x0, 0xf, 0xe0,
    0x0, 0x0, 0x0, 0x0, 0x0, 0x0, 0x0, 0x0,
    0x0, 0xf, 0xe0, 0x0, 0x0, 0x0, 0x0, 0x0,
    0x1, 0xee, 0x0, 0x0, 0xf, 0xe0, 0x0, 0x0,
    0x0, 0x0, 0x0, 0x1, 0xff, 0x0, 0x0, 0xf,
    0xe0, 0x0, 0x0, 0x11, 0x0, 0x0, 0x0, 0xff,
    0x0, 0x0, 0xf, 0xff, 0xff, 0xff, 0xff, 0x30,
    0x0, 0x0, 0xff, 0x0, 0x0, 0xf, 0xfa, 0xaa,
    0xaa, 0xab, 0x20, 0x0, 0x0, 0xff, 0x0, 0x0,
    0xf, 0xe0, 0x0, 0x0, 0x0, 0x0, 0x0, 0x0,
    0xff, 0x0, 0x0, 0xf, 0xe0, 0x0, 0x0, 0x0,
    0x0, 0x0, 0x0, 0xff, 0x0, 0x0, 0xf, 0xe0,
    0x0, 0x0, 0x0, 0x0, 0x0, 0x0, 0xff, 0x0,
    0x0, 0xf, 0xe0, 0x0, 0x0, 0x0, 0x0, 0x0,
    0x0, 0xff, 0x0, 0x0, 0xf, 0xe0, 0x0, 0x0,
    0x0, 0x0, 0x0, 0x0, 0xff, 0x0, 0x0, 0xf,
    0xe0, 0x0, 0x0, 0x0, 0x0, 0x0, 0x0, 0xff,
    0x0, 0x0, 0xf, 0xe0, 0x0, 0x0, 0x0, 0x0,
    0x0, 0x0, 0xff, 0x0, 0x0, 0xf, 0xe0, 0x0,
    0x0, 0x0, 0x0, 0x0, 0x0, 0xff, 0x0, 0x0,
    0xf, 0xe0, 0x0, 0x0, 0x0, 0x0, 0xcf, 0xff,
    0xff, 0xff, 0xff, 0xff, 0xff, 0xff, 0xff, 0xff,
    0xfe, 0xac, 0xcc, 0xbb, 0xbb, 0xbb, 0xbb, 0xbb,
    0xbb, 0xbb, 0xbc, 0xcb,

    /* U+6B63 "正" */
    0x0, 0x32, 0x22, 0x22, 0x22, 0x22, 0x22, 0x22,
    0x22, 0x23, 0x0, 0xf, 0xff, 0xff, 0xff, 0xff,
    0xff, 0xff, 0xff, 0xff, 0xf1, 0x0, 0xa9, 0x99,
    0x99, 0x99, 0xdf, 0xa9, 0x99, 0x99, 0x9a, 0x0,
    0x0, 0x0, 0x0, 0x0, 0xb, 0xf3, 0x0, 0x0,
    0x0, 0x0, 0x0, 0x0, 0x0, 0x0, 0x0, 0xbf,
    0x30, 0x0, 0x0, 0x0, 0x0, 0x0, 0x0, 0x0,
    0x0, 0xb, 0xf3, 0x0, 0x0, 0x0, 0x0, 0x0,
    0x1, 0xee, 0x0, 0x0, 0xbf, 0x30, 0x0, 0x0,
    0x0, 0x0, 0x0, 0xf, 0xf0, 0x0, 0xb, 0xf3,
    0x0, 0x0, 0x0, 0x0, 0x0, 0x0, 0xff, 0x0,
    0x0, 0xbf, 0xba, 0xaa, 0xaa, 0xa6, 0x0, 0x0,
    0xf, 0xf0, 0x0, 0xb, 0xff, 0xff, 0xff, 0xff,
    0x90, 0x0, 0x0, 0xff, 0x0, 0x0, 0xbf, 0x30,
    0x0, 0x0, 0x0, 0x0, 0x0, 0xf, 0xf0, 0x0,
    0xb, 0xf3, 0x0, 0x0, 0x0, 0x0, 0x0, 0x0,
    0xff, 0x0, 0x0, 0xbf, 0x30, 0x0, 0x0, 0x0,
    0x0, 0x0, 0xf, 0xf0, 0x0, 0xb, 0xf3, 0x0,
    0x0, 0x0, 0x0, 0x0, 0x0, 0xff, 0x0, 0x0,
    0xbf, 0x30, 0x0, 0x0, 0x0, 0x0, 0x0, 0xf,
    0xf0, 0x0, 0xb, 0xf3, 0x0, 0x0, 0x0, 0x0,
    0x0, 0x0, 0xff, 0x0, 0x0, 0xbf, 0x30, 0x0,
    0x0, 0x0, 0x7, 0xcb, 0xbf, 0xfb, 0xbb, 0xbe,
    0xfc, 0xbb, 0xbb, 0xbc, 0xcb, 0x9f, 0xff, 0xff,
    0xff, 0xff, 0xff, 0xff, 0xff, 0xff, 0xff, 0xe0,
    0x0, 0x0, 0x0, 0x0, 0x0, 0x0, 0x0, 0x0,
    0x0, 0x0,

    /* U+6B65 "步" */
    0x0, 0x0, 0x0, 0x0, 0x0, 0x2, 0x10, 0x0,
    0x0, 0x0, 0x0, 0x0, 0x0, 0x0, 0x0, 0x0,
    0x2f, 0xc0, 0x0, 0x0, 0x0, 0x0, 0x0, 0x0,
    0x0, 0x0, 0x0, 0x1f, 0xb0, 0x0, 0x0, 0x0,
    0x0, 0x0, 0x0, 0x8, 0xa1, 0x0, 0x1f, 0xb0,
    0x0, 0x0, 0x0, 0x0, 0x0, 0x0, 0xb, 0xf1,
    0x0, 0x1f, 0xff, 0xff, 0xff, 0xfa, 0x0, 0x0,
    0x0, 0xb, 0xf1, 0x0, 0x1f, 0xd8, 0x88, 0x89,
    0x96, 0x0, 0x0, 0x0, 0xb, 0xf1, 0x0, 0x1f,
    0xb0, 0x0, 0x0, 0x0, 0x0, 0x0, 0x0, 0xb,
    0xf1, 0x0, 0x1f, 0xb0, 0x0, 0x0, 0x0, 0x0,
    0x1, 0x10, 0xb, 0xf1, 0x0, 0x1f, 0xb0, 0x0,
    0x0, 0x1, 0x11, 0x6f, 0xff, 0xff, 0xff, 0xff,
    0xff, 0xff, 0xff, 0xff, 0xff, 0xfb, 0x4a, 0x99,
    0x88, 0x88, 0x88, 0x88, 0x88, 0x88, 0x88, 0x89,
    0x97, 0x0, 0x0, 0x0, 0x0, 0x0, 0x2c, 0x90,
    0x0, 0x0, 0x0, 0x0, 0x0, 0x0, 0x0, 0x98,
    0x0, 0x2f, 0xc0, 0x0, 0x0, 0x2, 0x0, 0x0,
    0x0, 0x6, 0xff, 0x30, 0x1f, 0xb0, 0x0, 0x0,
    0x9f, 0x60, 0x0, 0x0, 0x4f, 0xf3, 0x0, 0x1f,
    0xb0, 0x0, 0x6, 0xff, 0x40, 0x0, 0x4, 0xff,
    0x30, 0x0, 0x1f, 0xb0, 0x0, 0x5f, 0xf5, 0x0,
    0x0, 0x5f, 0xf3, 0x0, 0x0, 0x1f, 0xb0, 0x7,
    0xff, 0x50, 0x0, 0x3, 0xfe, 0x30, 0x0, 0x0,
    0x1f, 0xb1, 0xaf, 0xe3, 0x0, 0x0, 0x0, 0x52,
    0x0, 0x0, 0x0, 0x1f, 0xee, 0xfc, 0x10, 0x0,
    0x0, 0x0, 0x0, 0x0, 0x0, 0x4, 0xaf, 0xfe,
    0x60, 0x0, 0x0, 0x0, 0x4, 0x45, 0x79, 0xad,
    0xff, 0xfd, 0x60, 0x0, 0x0, 0x0, 0x0, 0xc,
    0xff, 0xff, 0xfe, 0xa7, 0x20, 0x0, 0x0, 0x0,
    0x0, 0x0, 0x3, 0x97, 0x53, 0x0, 0x0, 0x0,
    0x0, 0x0, 0x0, 0x0, 0x0,

    /* U+6B66 "武" */
    0x0, 0x0, 0x0, 0x0, 0x0, 0x0, 0x23, 0x10,
    0x0, 0x0, 0x0, 0x0, 0x0, 0x0, 0x0, 0x0,
    0x0, 0xcf, 0x50, 0x0, 0x0, 0x0, 0x0, 0x11,
    0x11, 0x1, 0x11, 0x10, 0xcf, 0x30, 0x22, 0x0,
    0x0, 0x0, 0xef, 0xff, 0xff, 0xff, 0x80, 0xbf,
    0x21, 0xef, 0x40, 0x0, 0x0, 0x99, 0x99, 0x89,
    0x99, 0x50, 0xaf, 0x20, 0x6f, 0xf5, 0x0, 0x0,
    0x0, 0x0, 0x0, 0x0, 0x0, 0xaf, 0x20, 0x6,
    0xe3, 0x0, 0x0, 0x0, 0x0, 0x0, 0x0, 0x0,
    0x9f, 0x30, 0x0, 0x0, 0x0, 0x9b, 0xaa, 0xaa,
    0xaa, 0xaa, 0xaa, 0xdf, 0xba, 0xaa, 0xab, 0x70,
    0xce, 0xee, 0xdd, 0xef, 0xed, 0xdd, 0xdf, 0xed,
    0xdd, 0xee, 0x90, 0x0, 0x0, 0x0, 0x6f, 0x50,
    0x0, 0xf, 0x40, 0x0, 0x0, 0x0, 0x0, 0x0,
    0x0, 0x6f, 0x50, 0x0, 0xf, 0x60, 0x0, 0x0,
    0x0, 0x0, 0xbd, 0x20, 0x6f, 0x50, 0x0, 0xd,
    0x80, 0x0, 0x0, 0x0, 0x0, 0xcf, 0x30, 0x6f,
    0xca, 0xab, 0xa, 0xb0, 0x0, 0x0, 0x0, 0x0,
    0xcf, 0x20, 0x6f, 0xff, 0xff, 0x7, 0xf0, 0x0,
    0x0, 0x0, 0x0, 0xbf, 0x20, 0x6f, 0x50, 0x0,
    0x3, 0xf5, 0x0, 0x0, 0x0, 0x0, 0xbf, 0x20,
    0x6f, 0x50, 0x0, 0x0, 0xec, 0x0, 0x0, 0x0,
    0x0, 0xbf, 0x20, 0x6f, 0x50, 0x0, 0x0, 0x9f,
    0x30, 0x0, 0x0, 0x0, 0xbf, 0x20, 0x6f, 0x50,
    0x24, 0x50, 0x2f, 0xc0, 0x4, 0x30, 0x0, 0xbf,
    0x56, 0xbf, 0xef, 0xff, 0xc0, 0x8, 0xf7, 0x8,
    0xf5, 0xbe, 0xff, 0xff, 0xff, 0xeb, 0x97, 0x40,
    0x0, 0xdf, 0x9f, 0xf3, 0x9f, 0xfd, 0x96, 0x31,
    0x0, 0x0, 0x0, 0x0, 0x2e, 0xff, 0xd0, 0x34,
    0x0, 0x0, 0x0, 0x0, 0x0, 0x0, 0x0, 0x2,
    0xdf, 0x50, 0x0, 0x0, 0x0, 0x0, 0x0, 0x0,
    0x0, 0x0, 0x0, 0x1, 0x0,

    /* U+6B8A "殊" */
    0x0, 0x0, 0x0, 0x0, 0x0, 0x0, 0x0, 0x18,
    0x50, 0x0, 0x0, 0x0, 0x0, 0x0, 0x0, 0x0,
    0x0, 0x0, 0x0, 0x1f, 0xa0, 0x0, 0x0, 0x0,
    0xa, 0xaa, 0xaa, 0xaa, 0xab, 0x15, 0x40, 0x1f,
    0xa0, 0x0, 0x0, 0x0, 0xe, 0xee, 0xff, 0xee,
    0xef, 0x2e, 0xf0, 0x1f, 0x90, 0x0, 0x0, 0x0,
    0x0, 0x0, 0xfc, 0x0, 0x0, 0x1f, 0xa0, 0x1f,
    0x90, 0x0, 0x0, 0x0, 0x0, 0x2, 0xf9, 0x0,
    0x0, 0x5f, 0xdb, 0xbf, 0xeb, 0xbb, 0xc6, 0x0,
    0x0, 0x6, 0xf5, 0x0, 0x0, 0xaf, 0xbb, 0xbf,
    0xeb, 0xbb, 0xb5, 0x0, 0x0, 0xa, 0xf8, 0x77,
    0x70, 0xeb, 0x0, 0x1f, 0x90, 0x0, 0x0, 0x0,
    0x0, 0xf, 0xff, 0xff, 0xf6, 0xf6, 0x0, 0x1f,
    0x90, 0x0, 0x0, 0x0, 0x0, 0x7f, 0x70, 0xd,
    0xd6, 0xd1, 0x0, 0x1f, 0x90, 0x0, 0x0, 0x0,
    0x1, 0xef, 0x10, 0xf, 0xa4, 0x98, 0x88, 0x9f,
    0xd8, 0x88, 0x99, 0x40, 0xb, 0xf7, 0x10, 0x3f,
    0x77, 0xff, 0xff, 0xff, 0xff, 0xff, 0xff, 0x60,
    0x2f, 0xc4, 0xf5, 0x9f, 0x30, 0x11, 0xd, 0xff,
    0xff, 0x20, 0x11, 0x0, 0x5, 0x11, 0xdf, 0xfe,
    0x0, 0x0, 0x4f, 0x8f, 0xcf, 0x80, 0x0, 0x0,
    0x0, 0x0, 0x1e, 0xf7, 0x0, 0x0, 0xde, 0x2f,
    0x9c, 0xe1, 0x0, 0x0, 0x0, 0x0, 0x1e, 0xe0,
    0x0, 0x8, 0xf7, 0x1f, 0x95, 0xfa, 0x0, 0x0,
    0x0, 0x0, 0xbf, 0x60, 0x0, 0x5f, 0xd0, 0x1f,
    0x90, 0xbf, 0x70, 0x0, 0x0, 0x8, 0xfa, 0x0,
    0x5, 0xff, 0x20, 0x1f, 0x90, 0x2e, 0xf8, 0x0,
    0x0, 0x9f, 0xd0, 0x0, 0x7f, 0xf3, 0x0, 0x1f,
    0x90, 0x3, 0xff, 0xc0, 0x1c, 0xfd, 0x10, 0x9,
    0xfe, 0x40, 0x0, 0x1f, 0x90, 0x0, 0x3d, 0x30,
    0x7, 0xc1, 0x0, 0x0, 0xa2, 0x0, 0x0, 0x2f,
    0xa0, 0x0, 0x0, 0x0, 0x0, 0x0, 0x0, 0x0,
    0x0, 0x0, 0x0, 0x2f, 0xc0, 0x0, 0x0, 0x0,

    /* U+6C14 "气" */
    0x0, 0x0, 0x7, 0x50, 0x0, 0x0, 0x0, 0x0,
    0x0, 0x0, 0x0, 0x0, 0x0, 0x1, 0xff, 0x40,
    0x0, 0x0, 0x0, 0x0, 0x0, 0x0, 0x0, 0x0,
    0x0, 0x8f, 0xa0, 0x0, 0x0, 0x0, 0x0, 0x1,
    0x11, 0x0, 0x0, 0x0, 0x2f, 0xff, 0xff, 0xff,
    0xff, 0xff, 0xff, 0xff, 0xd0, 0x0, 0x0, 0xb,
    0xfb, 0x77, 0x77, 0x77, 0x77, 0x77, 0x77, 0x87,
    0x0, 0x0, 0x5, 0xfe, 0x10, 0x0, 0x0, 0x0,
    0x0, 0x0, 0x0, 0x0, 0x0, 0x2, 0xff, 0x57,
    0x88, 0x88, 0x88, 0x88, 0x88, 0x99, 0x0, 0x0,
    0x1, 0xdf, 0xa0, 0xdf, 0xff, 0xff, 0xff, 0xff,
    0xff, 0xf1, 0x0, 0x0, 0x2a, 0xd0, 0x0, 0x0,
    0x0, 0x0, 0x0, 0x0, 0x0, 0x0, 0x0, 0x0,
    0x0, 0x0, 0x0, 0x0, 0x0, 0x0, 0x0, 0x0,
    0x0, 0x0, 0x0, 0x0, 0x89, 0x99, 0x99, 0x99,
    0x99, 0x99, 0x99, 0x95, 0x0, 0x0, 0x0, 0xd,
    0xff, 0xff, 0xff, 0xff, 0xff, 0xff, 0xff, 0x80,
    0x0, 0x0, 0x0, 0x0, 0x0, 0x0, 0x0, 0x0,
    0x0, 0x6, 0xf8, 0x0, 0x0, 0x0, 0x0, 0x0,
    0x0, 0x0, 0x0, 0x0, 0x0, 0x6f, 0x70, 0x0,
    0x0, 0x0, 0x0, 0x0, 0x0, 0x0, 0x0, 0x0,
    0x6, 0xf7, 0x0, 0x0, 0x0, 0x0, 0x0, 0x0,
    0x0, 0x0, 0x0, 0x0, 0x6f, 0x80, 0x0, 0x0,
    0x0, 0x0, 0x0, 0x0, 0x0, 0x0, 0x0, 0x4,
    0xfa, 0x0, 0x0, 0x0, 0x0, 0x0, 0x0, 0x0,
    0x0, 0x0, 0x0, 0x2f, 0xd0, 0xc, 0x20, 0x0,
    0x0, 0x0, 0x0, 0x0, 0x0, 0x0, 0x0, 0xef,
    0x33, 0xfd, 0x0, 0x0, 0x0, 0x0, 0x0, 0x0,
    0x0, 0x0, 0x9, 0xfb, 0xaf, 0x70, 0x0, 0x0,
    0x0, 0x0, 0x0, 0x0, 0x0, 0x0, 0x1f, 0xff,
    0xe1, 0x0, 0x0, 0x0, 0x0, 0x0, 0x0, 0x0,
    0x0, 0x0, 0x6f, 0xf5, 0x0, 0x0, 0x0, 0x0,
    0x0, 0x0, 0x0, 0x0, 0x0, 0x0, 0x11, 0x0,
    0x0,

    /* U+6C49 "汉" */
    0x0, 0x0, 0x0, 0x0, 0x0, 0x0, 0x0, 0x0,
    0x0, 0x0, 0x0, 0x0, 0x2e, 0x70, 0x0, 0x0,
    0x0, 0x0, 0x0, 0x0, 0x0, 0x0, 0x0, 0x4,
    0xef, 0xb1, 0xa, 0xcb, 0xbb, 0xbb, 0xbb, 0xbb,
    0xbb, 0x0, 0x0, 0x1, 0xbf, 0xe3, 0xce, 0xff,
    0xee, 0xee, 0xee, 0xef, 0xc0, 0x0, 0x0, 0x0,
    0x9c, 0x0, 0xe, 0xd0, 0x0, 0x0, 0x5, 0xf8,
    0x0, 0x0, 0x0, 0x0, 0x10, 0x0, 0xbf, 0x0,
    0x0, 0x0, 0x9f, 0x40, 0x0, 0x4, 0x0, 0x0,
    0x0, 0x7, 0xf3, 0x0, 0x0, 0xd, 0xf0, 0x0,
    0x4, 0xfc, 0x30, 0x0, 0x0, 0x3f, 0x80, 0x0,
    0x1, 0xfb, 0x0, 0x0, 0x3c, 0xff, 0x90, 0x0,
    0x0, 0xed, 0x0, 0x0, 0x7f, 0x60, 0x0, 0x0,
    0x6, 0xff, 0x90, 0x0, 0x9, 0xf2, 0x0, 0xc,
    0xf1, 0x0, 0x0, 0x0, 0x3, 0xc1, 0x0, 0x0,
    0x4f, 0x80, 0x2, 0xfa, 0x0, 0x0, 0x0, 0x0,
    0x0, 0x0, 0x0, 0x0, 0xde, 0x0, 0x9f, 0x40,
    0x0, 0x0, 0x0, 0x0, 0x10, 0x0, 0x0, 0x7,
    0xf6, 0x1f, 0xd0, 0x0, 0x0, 0x0, 0x0, 0xa,
    0x90, 0x0, 0x0, 0xe, 0xea, 0xf4, 0x0, 0x0,
    0x0, 0x0, 0x1, 0xfe, 0x0, 0x0, 0x0, 0x6f,
    0xfb, 0x0, 0x0, 0x0, 0x0, 0x0, 0x9f, 0x60,
    0x0, 0x0, 0x3, 0xff, 0x70, 0x0, 0x0, 0x0,
    0x0, 0x1f, 0xe0, 0x0, 0x0, 0x3, 0xef, 0xef,
    0x50, 0x0, 0x0, 0x0, 0xa, 0xf6, 0x0, 0x0,
    0x4, 0xef, 0x42, 0xef, 0x70, 0x0, 0x0, 0x3,
    0xfd, 0x0, 0x0, 0x8, 0xfe, 0x30, 0x3, 0xef,
    0xa1, 0x0, 0x0, 0xdf, 0x50, 0x0, 0x4d, 0xfd,
    0x20, 0x0, 0x2, 0xef, 0xe5, 0x0, 0x3e, 0xd0,
    0x4, 0xcf, 0xf8, 0x0, 0x0, 0x0, 0x1, 0xcf,
    0xfa, 0x0, 0x13, 0x0, 0x4f, 0xd3, 0x0, 0x0,
    0x0, 0x0, 0x0, 0x9e, 0x10, 0x0, 0x0, 0x0,
    0x40, 0x0, 0x0, 0x0, 0x0, 0x0, 0x0, 0x10,
    0x0,

    /* U+6CA1 "没" */
    0x0, 0x0, 0x0, 0x0, 0x0, 0x0, 0x0, 0x0,
    0x0, 0x0, 0x0, 0x0, 0x3d, 0x30, 0x0, 0x0,
    0x0, 0x0, 0x0, 0x0, 0x0, 0x0, 0x0, 0x8f,
    0xf7, 0x0, 0x7, 0xff, 0xff, 0xff, 0xfd, 0x0,
    0x0, 0x0, 0x5, 0xef, 0xa0, 0x7, 0xf9, 0x77,
    0x77, 0xfc, 0x0, 0x0, 0x0, 0x0, 0x2d, 0xf5,
    0x8, 0xf3, 0x0, 0x0, 0xfc, 0x0, 0x0, 0x0,
    0x0, 0x1, 0x50, 0x9, 0xf2, 0x0, 0x0, 0xfc,
    0x0, 0x0, 0x9, 0x60, 0x0, 0x0, 0xd, 0xf0,
    0x0, 0x0, 0xfc, 0x0, 0x0, 0x3f, 0xfa, 0x0,
    0x0, 0x4f, 0x90, 0x0, 0x0, 0xfe, 0x20, 0x11,
    0x3, 0xdf, 0xc1, 0x4, 0xfe, 0x10, 0x0, 0x0,
    0xcf, 0xff, 0xf6, 0x0, 0xb, 0xf7, 0x2f, 0xf3,
    0x0, 0x0, 0x0, 0x17, 0x88, 0x82, 0x0, 0x0,
    0x50, 0x4, 0x30, 0x0, 0x0, 0x0, 0x0, 0x0,
    0x0, 0x0, 0x0, 0x0, 0x0, 0xef, 0xff, 0xff,
    0xff, 0xff, 0xf3, 0x0, 0x0, 0x0, 0x14, 0x0,
    0x7d, 0xf9, 0x77, 0x77, 0x9f, 0xd0, 0x0, 0x0,
    0x0, 0x7f, 0x60, 0x4, 0xf9, 0x0, 0x0, 0x9f,
    0x50, 0x0, 0x0, 0x0, 0xdf, 0x20, 0x0, 0xcf,
    0x20, 0x2, 0xfd, 0x0, 0x0, 0x0, 0x5, 0xf9,
    0x0, 0x0, 0x3f, 0xd0, 0xb, 0xf3, 0x0, 0x0,
    0x0, 0xd, 0xf1, 0x0, 0x0, 0x7, 0xfb, 0x9f,
    0x70, 0x0, 0x0, 0x0, 0x6f, 0x90, 0x0, 0x0,
    0x0, 0x9f, 0xfb, 0x0, 0x0, 0x0, 0x1, 0xef,
    0x20, 0x0, 0x0, 0x5, 0xef, 0xff, 0x81, 0x0,
    0x0, 0xa, 0xfa, 0x0, 0x0, 0x38, 0xef, 0xe5,
    0x3d, 0xff, 0xa4, 0x0, 0x2f, 0xf2, 0x0, 0x7e,
    0xff, 0xe7, 0x0, 0x0, 0x7e, 0xff, 0xe4, 0x1,
    0x80, 0x0, 0x1f, 0xc6, 0x0, 0x0, 0x0, 0x0,
    0x6d, 0xc0, 0x0, 0x0, 0x0, 0x1, 0x0, 0x0,
    0x0, 0x0, 0x0, 0x0, 0x0,

    /* U+6CE8 "注" */
    0x0, 0x0, 0x0, 0x0, 0x0, 0x0, 0x50, 0x0,
    0x0, 0x0, 0x0, 0x0, 0x43, 0x0, 0x0, 0x0,
    0x9, 0xf9, 0x0, 0x0, 0x0, 0x0, 0x2, 0xff,
    0x60, 0x0, 0x0, 0x1, 0xdf, 0x80, 0x0, 0x0,
    0x0, 0x0, 0x6f, 0xf8, 0x0, 0x0, 0x0, 0x2e,
    0xf3, 0x0, 0x0, 0x0, 0x0, 0x3, 0xfe, 0x11,
    0x11, 0x10, 0x4, 0x40, 0x0, 0x11, 0x10, 0x0,
    0x0, 0x33, 0x9, 0xff, 0xff, 0xff, 0xff, 0xff,
    0xff, 0xb0, 0x0, 0x0, 0x0, 0x6, 0x99, 0x98,
    0x9f, 0xe8, 0x88, 0x99, 0x70, 0x2, 0x10, 0x0,
    0x0, 0x0, 0x0, 0x1f, 0xc0, 0x0, 0x0, 0x0,
    0x1e, 0xf6, 0x0, 0x0, 0x0, 0x0, 0x1f, 0xc0,
    0x0, 0x0, 0x0, 0x6, 0xff, 0xc2, 0x0, 0x0,
    0x0, 0x1f, 0xc0, 0x0, 0x0, 0x0, 0x0, 0x1c,
    0xf2, 0x0, 0x0, 0x0, 0x1f, 0xc0, 0x0, 0x0,
    0x0, 0x0, 0x0, 0x30, 0x0, 0xaa, 0xaa, 0xaf,
    0xea, 0xaa, 0xab, 0x30, 0x0, 0x0, 0x0, 0x0,
    0xff, 0xff, 0xff, 0xff, 0xff, 0xff, 0x50, 0x0,
    0x0, 0x45, 0x0, 0x0, 0x0, 0x1f, 0xc0, 0x0,
    0x0, 0x0, 0x0, 0x0, 0xbf, 0x20, 0x0, 0x0,
    0x1f, 0xc0, 0x0, 0x0, 0x0, 0x0, 0x3, 0xfd,
    0x0, 0x0, 0x0, 0x1f, 0xc0, 0x0, 0x0, 0x0,
    0x0, 0xb, 0xf5, 0x0, 0x0, 0x0, 0x1f, 0xc0,
    0x0, 0x0, 0x0, 0x0, 0x3f, 0xd0, 0x0, 0x0,
    0x0, 0x1f, 0xc0, 0x0, 0x0, 0x0, 0x0, 0xcf,
    0x50, 0x0, 0x0, 0x0, 0x1f, 0xc0, 0x0, 0x0,
    0x0, 0x6, 0xfd, 0x0, 0x0, 0x0, 0x0, 0x1f,
    0xc0, 0x0, 0x0, 0x0, 0x2f, 0xf6, 0x0, 0x7b,
    0xbb, 0xbb, 0xbf, 0xeb, 0xbb, 0xbb, 0xca, 0x5f,
    0xe0, 0x0, 0xaf, 0xee, 0xee, 0xee, 0xee, 0xee,
    0xee, 0xfd, 0x2, 0x60, 0x0, 0x0, 0x0, 0x0,
    0x0, 0x0, 0x0, 0x0, 0x0,

    /* U+6D88 "消" */
    0x0, 0x0, 0x0, 0x0, 0x0, 0x0, 0x0, 0x89,
    0x30, 0x0, 0x0, 0x0, 0x0, 0x9, 0x20, 0x0,
    0x6, 0x10, 0x0, 0xdf, 0x50, 0x0, 0x27, 0x0,
    0x0, 0x9f, 0xf4, 0x0, 0xaf, 0xa0, 0x0, 0xdf,
    0x40, 0x0, 0xbf, 0xc0, 0x0, 0xa, 0xff, 0x50,
    0x2f, 0xf4, 0x0, 0xcf, 0x40, 0x4, 0xfe, 0x20,
    0x0, 0x0, 0xaf, 0xb0, 0x6, 0xfd, 0x0, 0xcf,
    0x40, 0x1e, 0xf4, 0x0, 0x0, 0x0, 0x7, 0x0,
    0x0, 0xc9, 0x10, 0xcf, 0x40, 0x5f, 0x90, 0x0,
    0x0, 0x0, 0x0, 0x0, 0x0, 0x0, 0x0, 0xcf,
    0x40, 0x1, 0x0, 0x0, 0x3, 0x70, 0x0, 0x0,
    0x8, 0x99, 0x99, 0xef, 0xa9, 0x99, 0x99, 0x0,
    0xc, 0xfe, 0x60, 0x0, 0xd, 0xff, 0xff, 0xff,
    0xff, 0xff, 0xff, 0x0, 0x1, 0xaf, 0xfc, 0x0,
    0xd, 0xf1, 0x0, 0x0, 0x0, 0x0, 0xff, 0x0,
    0x0, 0x4, 0xe7, 0x0, 0xd, 0xf1, 0x0, 0x0,
    0x0, 0x0, 0xff, 0x0, 0x0, 0x0, 0x0, 0x0,
    0xd, 0xfa, 0xaa, 0xaa, 0xaa, 0xaa, 0xff, 0x0,
    0x0, 0x0, 0x0, 0x0, 0xd, 0xff, 0xff, 0xff,
    0xff, 0xff, 0xff, 0x0, 0x0, 0x0, 0x87, 0x0,
    0xd, 0xf1, 0x0, 0x0, 0x0, 0x1, 0xff, 0x0,
    0x0, 0x0, 0xcf, 0x50, 0xd, 0xf1, 0x0, 0x0,
    0x0, 0x0, 0xff, 0x0, 0x0, 0x1, 0xfe, 0x0,
    0xd, 0xf1, 0x0, 0x0, 0x0, 0x1, 0xff, 0x0,
    0x0, 0x7, 0xf8, 0x0, 0xd, 0xff, 0xff, 0xff,
    0xff, 0xff, 0xff, 0x0, 0x0, 0xd, 0xf2, 0x0,
    0xd, 0xf9, 0x88, 0x88, 0x88, 0x88, 0xff, 0x0,
    0x0, 0x6f, 0xd0, 0x0, 0xd, 0xf1, 0x0, 0x0,
    0x0, 0x0, 0xff, 0x0, 0x0, 0xef, 0x80, 0x0,
    0xd, 0xf1, 0x0, 0x0, 0x0, 0x1, 0xff, 0x0,
    0x9, 0xff, 0x30, 0x0, 0xd, 0xf1, 0x0, 0x0,
    0x3, 0xcd, 0xfd, 0x0, 0x0, 0x4b, 0x0, 0x0,
    0xe, 0xf1, 0x0, 0x0, 0x0, 0xaf, 0xb2, 0x0,
    0x0, 0x0, 0x0, 0x0, 0x0, 0x0, 0x0, 0x0,
    0x0, 0x10, 0x0, 0x0,

    /* U+6DFB "添" */
    0x0, 0x0, 0x0, 0x0, 0x1, 0x0, 0x0, 0x0,
    0x0, 0x1, 0x10, 0x0, 0x0, 0x18, 0x0, 0x0,
    0x7f, 0xff, 0xff, 0xff, 0xff, 0xff, 0xb0, 0x0,
    0x0, 0x9f, 0xd2, 0x0, 0x48, 0x77, 0x8f, 0xd7,
    0x77, 0x77, 0x50, 0x0, 0x0, 0x7, 0xff, 0x50,
    0x0, 0x0, 0x4f, 0x80, 0x0, 0x0, 0x0, 0x0,
    0x0, 0x0, 0x5f, 0x30, 0x0, 0x0, 0x7f, 0x50,
    0x0, 0x0, 0x0, 0x0, 0x0, 0x0, 0x1, 0xb,
    0xcb, 0xbb, 0xef, 0xcb, 0xbb, 0xbb, 0xbc, 0x30,
    0x0, 0x0, 0x0, 0xe, 0xff, 0xff, 0xff, 0xff,
    0xff, 0xff, 0xff, 0x40, 0x4, 0x70, 0x0, 0x0,
    0x0, 0x7, 0xf8, 0x7, 0xf2, 0x0, 0x0, 0x0,
    0xd, 0xfd, 0x40, 0x0, 0x0, 0x2f, 0xe0, 0x0,
    0xec, 0x0, 0x0, 0x0, 0x1, 0xbf, 0xf8, 0x0,
    0x1, 0xdf, 0x40, 0x0, 0x5f, 0xc1, 0x0, 0x0,
    0x0, 0x6, 0xf4, 0x0, 0x2c, 0xf8, 0x37, 0x30,
    0x8, 0xff, 0x82, 0x0, 0x0, 0x0, 0x20, 0x6,
    0xef, 0xb0, 0x7f, 0x60, 0x0, 0x5f, 0xff, 0xb0,
    0x0, 0x0, 0x0, 0xcf, 0xf9, 0x0, 0x6f, 0x60,
    0x0, 0x1, 0x9f, 0x30, 0x0, 0x0, 0x30, 0x2d,
    0x60, 0x0, 0x6f, 0x60, 0x0, 0x39, 0x1, 0x0,
    0x0, 0x0, 0xcd, 0x10, 0xd, 0xc2, 0x6f, 0x6a,
    0xd0, 0xbf, 0x50, 0x0, 0x0, 0x3, 0xfc, 0x0,
    0x3f, 0xb0, 0x6f, 0x6b, 0xf4, 0x3f, 0xc0, 0x0,
    0x0, 0xa, 0xf4, 0x0, 0x9f, 0x30, 0x6f, 0x66,
    0xf9, 0xb, 0xf4, 0x0, 0x0, 0x3f, 0xc0, 0x1,
    0xfc, 0x0, 0x6f, 0x60, 0xfe, 0x5, 0xfa, 0x0,
    0x0, 0xdf, 0x40, 0x8, 0xf5, 0x0, 0x6f, 0x60,
    0xcf, 0x30, 0xef, 0x10, 0x8, 0xfc, 0x0, 0x3f,
    0xe0, 0x0, 0x6f, 0x60, 0x7f, 0x80, 0x8a, 0x20,
    0x2e, 0xf3, 0x0, 0x2, 0x30, 0x49, 0xdf, 0x50,
    0x24, 0x0, 0x0, 0x0, 0x1, 0x70, 0x0, 0x0,
    0x0, 0x1f, 0xfd, 0x0, 0x0, 0x0, 0x0, 0x0,
    0x0, 0x0, 0x0, 0x0, 0x0, 0x6, 0x40, 0x0,
    0x0, 0x0, 0x0, 0x0,

    /* U+6E05 "清" */
    0x0, 0x0, 0x0, 0x0, 0x0, 0x0, 0x19, 0x80,
    0x0, 0x0, 0x0, 0x0, 0x41, 0x0, 0x0, 0x0,
    0x0, 0x2f, 0xd0, 0x0, 0x0, 0x0, 0x3, 0xfe,
    0x40, 0x7, 0x77, 0x77, 0x8f, 0xe7, 0x77, 0x78,
    0x50, 0x0, 0x6f, 0xf8, 0xe, 0xff, 0xff, 0xff,
    0xff, 0xff, 0xff, 0xb0, 0x0, 0x3, 0xee, 0x10,
    0x0, 0x0, 0x1f, 0xc0, 0x0, 0x0, 0x0, 0x0,
    0x0, 0x23, 0x2, 0x87, 0x77, 0x7f, 0xe7, 0x77,
    0x78, 0x30, 0x0, 0x0, 0x0, 0x3, 0xff, 0xff,
    0xff, 0xff, 0xff, 0xff, 0x60, 0x1b, 0x30, 0x0,
    0x0, 0x0, 0x0, 0x1f, 0xc0, 0x0, 0x0, 0x0,
    0x6f, 0xfa, 0x10, 0x68, 0x77, 0x77, 0x7f, 0xe7,
    0x77, 0x77, 0x85, 0x4, 0xef, 0xf1, 0xbf, 0xff,
    0xff, 0xff, 0xff, 0xff, 0xff, 0xfa, 0x0, 0x1c,
    0x90, 0x0, 0x0, 0x0, 0x0, 0x0, 0x0, 0x0,
    0x0, 0x0, 0x0, 0x0, 0x0, 0x67, 0x77, 0x77,
    0x77, 0x77, 0x76, 0x0, 0x0, 0x0, 0x0, 0x0,
    0xdf, 0xff, 0xff, 0xff, 0xff, 0xfd, 0x0, 0x0,
    0x0, 0x31, 0x0, 0xdf, 0x0, 0x0, 0x0, 0x1,
    0xfd, 0x0, 0x0, 0x0, 0xbe, 0x0, 0xdf, 0x77,
    0x77, 0x77, 0x77, 0xfc, 0x0, 0x0, 0x3, 0xf9,
    0x0, 0xdf, 0xff, 0xff, 0xff, 0xff, 0xfc, 0x0,
    0x0, 0xc, 0xf1, 0x0, 0xdf, 0x0, 0x0, 0x0,
    0x1, 0xfc, 0x0, 0x0, 0x5f, 0x80, 0x0, 0xdf,
    0xff, 0xff, 0xff, 0xff, 0xfc, 0x0, 0x1, 0xee,
    0x0, 0x0, 0xdf, 0x77, 0x77, 0x77, 0x77, 0xfc,
    0x0, 0xb, 0xf7, 0x0, 0x0, 0xdf, 0x0, 0x0,
    0x0, 0x1, 0xfc, 0x0, 0x3f, 0xe0, 0x0, 0x0,
    0xdf, 0x0, 0x0, 0x0, 0x8e, 0xfb, 0x0, 0x2,
    0x40, 0x0, 0x0, 0xef, 0x0, 0x0, 0x0, 0x2f,
    0xa2, 0x0, 0x0, 0x0, 0x0, 0x0, 0x0, 0x0,
    0x0, 0x0, 0x0, 0x0, 0x0,

    /* U+6E7F "湿" */
    0x0, 0x0, 0x0, 0x0, 0x0, 0x0, 0x0, 0x0,
    0x0, 0x0, 0x0, 0x0, 0xb, 0x40, 0x0, 0x6,
    0x99, 0x99, 0x99, 0x99, 0x99, 0x98, 0x0, 0x3,
    0xff, 0x60, 0x0, 0xaf, 0xff, 0xff, 0xff, 0xff,
    0xff, 0xf0, 0x0, 0x2, 0xdf, 0x90, 0x9, 0xf1,
    0x0, 0x0, 0x0, 0x0, 0xcf, 0x0, 0x0, 0x1,
    0xdf, 0x50, 0x9f, 0x10, 0x0, 0x0, 0x0, 0xc,
    0xe0, 0x0, 0x0, 0x1, 0x60, 0x9, 0xfa, 0xaa,
    0xaa, 0xaa, 0xaa, 0xee, 0x0, 0x0, 0x0, 0x0,
    0x0, 0x9f, 0xff, 0xff, 0xff, 0xff, 0xff, 0xe0,
    0x0, 0x92, 0x0, 0x0, 0x9, 0xf1, 0x0, 0x0,
    0x0, 0x0, 0xce, 0x0, 0x5f, 0xf7, 0x0, 0x0,
    0x9f, 0x10, 0x0, 0x0, 0x0, 0xc, 0xf0, 0x0,
    0x5e, 0xfc, 0x20, 0xa, 0xfa, 0x99, 0x99, 0x99,
    0x99, 0xef, 0x0, 0x0, 0x2c, 0xf2, 0x0, 0xaf,
    0xff, 0xff, 0xff, 0xff, 0xff, 0xf0, 0x0, 0x0,
    0x4, 0x0, 0x0, 0x0, 0x0, 0x0, 0x0, 0x0,
    0x0, 0x0, 0x0, 0x0, 0x0, 0x0, 0x0, 0x9,
    0xc1, 0x0, 0xdb, 0x0, 0x0, 0x0, 0x0, 0x25,
    0x1, 0xba, 0x0, 0xcf, 0x10, 0xf, 0xd0, 0x1,
    0xe6, 0x0, 0x7, 0xf5, 0xe, 0xf2, 0xb, 0xf1,
    0x0, 0xfd, 0x0, 0x7f, 0x90, 0x0, 0xcf, 0x10,
    0x7f, 0x80, 0xbf, 0x10, 0xf, 0xd0, 0xe, 0xf1,
    0x0, 0x1f, 0xa0, 0x0, 0xfe, 0xb, 0xf1, 0x0,
    0xfc, 0x8, 0xf7, 0x0, 0x8, 0xf4, 0x0, 0x9,
    0xf4, 0xbf, 0x10, 0xf, 0xc3, 0xfd, 0x0, 0x0,
    0xee, 0x0, 0x0, 0x3d, 0x3b, 0xf1, 0x0, 0xfc,
    0x6f, 0x30, 0x0, 0x5f, 0x80, 0x0, 0x0, 0x0,
    0xbf, 0x10, 0xf, 0xc0, 0x10, 0x0, 0xd, 0xf2,
    0x0, 0x68, 0x88, 0x8d, 0xf8, 0x88, 0xfe, 0x88,
    0x88, 0x62, 0xdd, 0x0, 0xa, 0xfe, 0xee, 0xee,
    0xee, 0xee, 0xee, 0xef, 0xfa, 0x0, 0x30, 0x0,
    0x0, 0x0, 0x0, 0x0, 0x0, 0x0, 0x0, 0x0,
    0x0,

    /* U+6ED1 "滑" */
    0x0, 0x0, 0x0, 0x0, 0x0, 0x0, 0x0, 0x0,
    0x0, 0x0, 0x0, 0x0, 0x0, 0xd, 0x70, 0x0,
    0xc, 0xff, 0xff, 0xff, 0xff, 0xff, 0x0, 0x0,
    0x0, 0x4f, 0xfb, 0x10, 0xb, 0xf7, 0x77, 0x77,
    0x77, 0xcf, 0x0, 0x0, 0x0, 0x1, 0xcf, 0xa0,
    0xb, 0xf0, 0x0, 0x0, 0x0, 0x9f, 0x0, 0x0,
    0x0, 0x0, 0x9, 0x10, 0xb, 0xff, 0xff, 0xff,
    0x10, 0x9f, 0x0, 0x0, 0x0, 0x0, 0x0, 0x0,
    0xb, 0xf8, 0x88, 0xbf, 0x10, 0x9f, 0x0, 0x0,
    0x3, 0x80, 0x0, 0x0, 0xb, 0xf0, 0x0, 0x6f,
    0x10, 0x9f, 0x0, 0x0, 0xc, 0xfd, 0x20, 0x47,
    0x7d, 0xf7, 0x77, 0xbf, 0x87, 0xcf, 0x77, 0x70,
    0x1, 0xbf, 0xf3, 0x9f, 0xff, 0xff, 0xff, 0xff,
    0xff, 0xff, 0xff, 0xf0, 0x0, 0x7, 0xc0, 0x8f,
    0x10, 0x0, 0x0, 0x0, 0x0, 0x0, 0xc, 0xe0,
    0x0, 0x0, 0x0, 0x9f, 0x13, 0x66, 0x66, 0x66,
    0x66, 0x64, 0xc, 0xf0, 0x0, 0x0, 0x0, 0x47,
    0x8, 0xff, 0xff, 0xff, 0xff, 0xfb, 0x5, 0x70,
    0x0, 0x0, 0xa6, 0x0, 0x7, 0xf4, 0x0, 0x0,
    0x1, 0xfb, 0x0, 0x0, 0x0, 0x1, 0xfe, 0x0,
    0x7, 0xf5, 0x11, 0x11, 0x12, 0xfb, 0x0, 0x0,
    0x0, 0x7, 0xf7, 0x0, 0x7, 0xff, 0xff, 0xff,
    0xff, 0xfb, 0x0, 0x0, 0x0, 0xd, 0xf1, 0x0,
    0x7, 0xf7, 0x55, 0x55, 0x55, 0xfb, 0x0, 0x0,
    0x0, 0x5f, 0xa0, 0x0, 0x7, 0xf4, 0x0, 0x0,
    0x1, 0xfb, 0x0, 0x0, 0x0, 0xcf, 0x40, 0x0,
    0x7, 0xff, 0xff, 0xff, 0xff, 0xfb, 0x0, 0x0,
    0x6, 0xfd, 0x0, 0x0, 0x7, 0xf8, 0x66, 0x66,
    0x67, 0xfb, 0x0, 0x0, 0xe, 0xf7, 0x0, 0x0,
    0x7, 0xf4, 0x0, 0x0, 0x1, 0xfb, 0x0, 0x0,
    0x2, 0xa1, 0x0, 0x0, 0x7, 0xf4, 0x0, 0x0,
    0xce, 0xf9, 0x0, 0x0, 0x0, 0x0, 0x0, 0x0,
    0x8, 0xf4, 0x0, 0x0, 0xad, 0x80, 0x0, 0x0,

    /* U+70B9 "点" */
    0x0, 0x0, 0x0, 0x0, 0xb, 0xb1, 0x0, 0x0,
    0x0, 0x0, 0x0, 0x0, 0x0, 0x0, 0x0, 0xe,
    0xf1, 0x0, 0x0, 0x0, 0x0, 0x0, 0x0, 0x0,
    0x0, 0x0, 0xe, 0xf1, 0x0, 0x0, 0x0, 0x0,
    0x0, 0x0, 0x0, 0x0, 0x0, 0xe, 0xfa, 0xaa,
    0xaa, 0xaa, 0xab, 0x10, 0x0, 0x0, 0x0, 0x0,
    0xe, 0xff, 0xff, 0xff, 0xff, 0xff, 0x20, 0x0,
    0x0, 0x0, 0x0, 0xe, 0xf1, 0x0, 0x0, 0x0,
    0x0, 0x0, 0x0, 0x0, 0x0, 0x0, 0xe, 0xf1,
    0x0, 0x0, 0x0, 0x0, 0x0, 0x0, 0x0, 0x0,
    0x0, 0xe, 0xf1, 0x0, 0x0, 0x0, 0x0, 0x0,
    0x0, 0xc, 0xff, 0xff, 0xff, 0xff, 0xff, 0xff,
    0xff, 0x20, 0x0, 0x0, 0xc, 0xfa, 0x88, 0x88,
    0x88, 0x88, 0x88, 0xef, 0x20, 0x0, 0x0, 0xc,
    0xf4, 0x0, 0x0, 0x0, 0x0, 0x0, 0xcf, 0x10,
    0x0, 0x0, 0xb, 0xf4, 0x0, 0x0, 0x0, 0x0,
    0x0, 0xcf, 0x10, 0x0, 0x0, 0xb, 0xf4, 0x0,
    0x0, 0x0, 0x0, 0x0, 0xcf, 0x10, 0x0, 0x0,
    0xb, 0xf4, 0x0, 0x0, 0x0, 0x0, 0x0, 0xcf,
    0x10, 0x0, 0x0, 0xc, 0xff, 0xff, 0xff, 0xff,
    0xff, 0xff, 0xff, 0x20, 0x0, 0x0, 0x7, 0x99,
    0x99, 0x99, 0x99, 0x99, 0x99, 0x99, 0x10, 0x0,
    0x0, 0x40, 0x0, 0x0, 0x0, 0x0, 0x0, 0x0,
    0x0, 0x0, 0x0, 0x0, 0xff, 0x30, 0x3a, 0x0,
    0x2, 0xc5, 0x0, 0x7, 0xe1, 0x0, 0x6, 0xfc,
    0x0, 0x9f, 0x60, 0x3, 0xfd, 0x0, 0x9, 0xfa,
    0x0, 0xd, 0xf4, 0x0, 0x3f, 0xd0, 0x0, 0xbf,
    0x60, 0x1, 0xef, 0x50, 0x6f, 0xc0, 0x0, 0xd,
    0xf4, 0x0, 0x3f, 0xe0, 0x0, 0x6f, 0xe1, 0x8f,
    0x40, 0x0, 0x8, 0xc3, 0x0, 0xb, 0xa1, 0x0,
    0xd, 0xd2, 0x2, 0x0, 0x0, 0x0, 0x0, 0x0,
    0x0, 0x0, 0x0, 0x2, 0x0,

    /* U+7279 "特" */
    0x0, 0x0, 0x4, 0x71, 0x0, 0x0, 0x0, 0x17,
    0x50, 0x0, 0x0, 0x0, 0x0, 0x0, 0xaf, 0x30,
    0x0, 0x0, 0x1, 0xfb, 0x0, 0x0, 0x0, 0x0,
    0x0, 0xa, 0xf2, 0x0, 0x0, 0x0, 0xf, 0xa0,
    0x0, 0x0, 0x0, 0x5, 0x10, 0x9f, 0x10, 0x0,
    0xba, 0xaa, 0xfe, 0xaa, 0xab, 0x60, 0x1, 0xfd,
    0x9, 0xf1, 0x0, 0xe, 0xed, 0xdf, 0xfd, 0xdd,
    0xe7, 0x0, 0x3f, 0x80, 0x9f, 0x10, 0x0, 0x0,
    0x0, 0xfa, 0x0, 0x0, 0x0, 0x6, 0xfb, 0x8d,
    0xf9, 0x95, 0x0, 0x0, 0xf, 0xa0, 0x0, 0x0,
    0x0, 0xaf, 0xee, 0xff, 0xee, 0x70, 0x0, 0x0,
    0xfa, 0x0, 0x0, 0x0, 0xe, 0xd0, 0x9, 0xf1,
    0x0, 0xdf, 0xff, 0xff, 0xff, 0xff, 0xff, 0xe2,
    0xf9, 0x0, 0x9f, 0x10, 0x8, 0x98, 0x88, 0x88,
    0x9f, 0xd8, 0x98, 0x17, 0x40, 0x9, 0xf1, 0x0,
    0x0, 0x0, 0x0, 0x1, 0xf9, 0x0, 0x0, 0x0,
    0x0, 0x9f, 0x26, 0x50, 0x0, 0x0, 0x0, 0x1f,
    0x90, 0x0, 0x0, 0x0, 0xa, 0xff, 0xfa, 0x48,
    0x88, 0x88, 0x88, 0xfc, 0x88, 0x60, 0x3, 0x8d,
    0xff, 0xc5, 0x7, 0xff, 0xff, 0xff, 0xff, 0xff,
    0xfb, 0xd, 0xff, 0xdd, 0xf1, 0x0, 0x12, 0x11,
    0x11, 0x12, 0xfa, 0x12, 0x10, 0x6b, 0x40, 0x9f,
    0x10, 0x0, 0x4, 0x30, 0x0, 0x1f, 0x90, 0x0,
    0x0, 0x0, 0x9, 0xf1, 0x0, 0x4, 0xfc, 0x0,
    0x1, 0xf9, 0x0, 0x0, 0x0, 0x0, 0x9f, 0x10,
    0x0, 0xc, 0xf3, 0x0, 0x1f, 0x90, 0x0, 0x0,
    0x0, 0x9, 0xf1, 0x0, 0x0, 0x5e, 0x50, 0x1,
    0xf9, 0x0, 0x0, 0x0, 0x0, 0x9f, 0x10, 0x0,
    0x0, 0x0, 0x0, 0x3f, 0x90, 0x0, 0x0, 0x0,
    0xa, 0xf1, 0x0, 0x0, 0x0, 0xa, 0xef, 0xf7,
    0x0, 0x0, 0x0, 0x0, 0xaf, 0x20, 0x0, 0x0,
    0x0, 0x5f, 0xd8, 0x0, 0x0, 0x0, 0x0, 0x0,
    0x0, 0x0, 0x0, 0x0, 0x0, 0x0, 0x0, 0x0,
    0x0,

    /* U+72B6 "状" */
    0x0, 0x0, 0x0, 0xbd, 0x20, 0x0, 0x0, 0x33,
    0x10, 0x0, 0x0, 0x0, 0x0, 0x0, 0xd, 0xf1,
    0x0, 0x0, 0xf, 0xf5, 0x0, 0x0, 0x0, 0x0,
    0x0, 0x0, 0xdf, 0x10, 0x0, 0x0, 0xef, 0x31,
    0xb4, 0x0, 0x0, 0x1, 0x0, 0xc, 0xf1, 0x0,
    0x0, 0xe, 0xf1, 0x2e, 0xf4, 0x0, 0xd, 0xd1,
    0x0, 0xcf, 0x10, 0x0, 0x0, 0xdf, 0x10, 0x2e,
    0xf4, 0x0, 0x8f, 0xb0, 0xc, 0xf1, 0x0, 0x0,
    0xd, 0xf0, 0x0, 0x3d, 0x20, 0x0, 0xaf, 0x70,
    0xcf, 0x10, 0x0, 0x0, 0xdf, 0x0, 0x0, 0x0,
    0x0, 0x0, 0xd9, 0xc, 0xf1, 0x79, 0x88, 0x8e,
    0xf9, 0x88, 0x88, 0x92, 0x0, 0x1, 0x0, 0xcf,
    0x1c, 0xff, 0xff, 0xff, 0xff, 0xff, 0xff, 0x30,
    0x0, 0x0, 0xc, 0xf1, 0x11, 0x10, 0xf, 0xf6,
    0x0, 0x0, 0x10, 0x0, 0x0, 0x3, 0xff, 0x10,
    0x0, 0x1, 0xff, 0x90, 0x0, 0x0, 0x0, 0x0,
    0x1, 0xef, 0xf1, 0x0, 0x0, 0x4f, 0xfd, 0x0,
    0x0, 0x0, 0x0, 0x1, 0xdf, 0xef, 0x10, 0x0,
    0x8, 0xfd, 0xf1, 0x0, 0x0, 0x0, 0x1, 0xdf,
    0x5c, 0xf1, 0x0, 0x0, 0xcf, 0x6f, 0x60, 0x0,
    0x0, 0x2, 0xdf, 0x70, 0xcf, 0x10, 0x0, 0x2f,
    0xb1, 0xfc, 0x0, 0x0, 0x0, 0xcf, 0xa0, 0xc,
    0xf1, 0x0, 0x9, 0xf5, 0xa, 0xf4, 0x0, 0x0,
    0x1, 0x90, 0x0, 0xcf, 0x10, 0x2, 0xfe, 0x0,
    0x3f, 0xd0, 0x0, 0x0, 0x0, 0x0, 0xc, 0xf1,
    0x0, 0xbf, 0x60, 0x0, 0xaf, 0xa0, 0x0, 0x0,
    0x0, 0x0, 0xdf, 0x10, 0x7f, 0xd0, 0x0, 0x1,
    0xef, 0xa0, 0x0, 0x0, 0x0, 0xd, 0xf2, 0x6f,
    0xf3, 0x0, 0x0, 0x4, 0xff, 0xd3, 0x0, 0x0,
    0x0, 0xdf, 0x9f, 0xf6, 0x0, 0x0, 0x0, 0x5,
    0xfc, 0x20, 0x0, 0x0, 0xe, 0xf2, 0x78, 0x0,
    0x0, 0x0, 0x0, 0x4, 0x10,

    /* U+73B0 "现" */
    0x0, 0x0, 0x0, 0x0, 0x0, 0x8, 0x88, 0x88,
    0x88, 0x88, 0x81, 0x0, 0x69, 0x99, 0x99, 0x99,
    0x21, 0xff, 0xff, 0xff, 0xff, 0xff, 0x20, 0x9,
    0xff, 0xff, 0xff, 0xf4, 0xf, 0xa0, 0x0, 0x0,
    0x9, 0xf1, 0x0, 0x11, 0x9, 0xf1, 0x11, 0x0,
    0xfa, 0x0, 0x0, 0x0, 0x9f, 0x10, 0x0, 0x0,
    0x9f, 0x10, 0x0, 0xf, 0xa0, 0xd, 0xb1, 0x9,
    0xf1, 0x0, 0x0, 0x9, 0xf1, 0x0, 0x0, 0xfa,
    0x0, 0xff, 0x0, 0x9f, 0x10, 0x0, 0x0, 0x9f,
    0x10, 0x0, 0xf, 0xa0, 0xf, 0xd0, 0x9, 0xf1,
    0x0, 0x0, 0x9, 0xf1, 0x0, 0x0, 0xfa, 0x0,
    0xfb, 0x0, 0x9f, 0x10, 0x5, 0xba, 0xdf, 0xaa,
    0xa0, 0xf, 0xa0, 0xf, 0xa0, 0x9, 0xf1, 0x0,
    0x8f, 0xff, 0xff, 0xfe, 0x0, 0xfa, 0x2, 0xf8,
    0x0, 0x9f, 0x10, 0x0, 0x0, 0x9f, 0x10, 0x0,
    0xf, 0xa0, 0x4f, 0x60, 0x9, 0xf1, 0x0, 0x0,
    0x9, 0xf1, 0x0, 0x0, 0xfa, 0x6, 0xf4, 0x0,
    0x9f, 0x10, 0x0, 0x0, 0x9f, 0x10, 0x0, 0x1f,
    0xa0, 0xbf, 0x97, 0x9, 0xf2, 0x0, 0x0, 0x9,
    0xf1, 0x0, 0x0, 0x32, 0xf, 0xde, 0xd0, 0x1,
    0x0, 0x0, 0x0, 0x9f, 0x10, 0x1, 0x0, 0x7,
    0xf7, 0xed, 0x0, 0x0, 0x0, 0x0, 0x9, 0xf7,
    0xbf, 0x40, 0x0, 0xef, 0x1e, 0xd0, 0x0, 0x0,
    0x5, 0x8b, 0xef, 0xfe, 0xb2, 0x0, 0x9f, 0x60,
    0xed, 0x0, 0x0, 0x0, 0xef, 0xfd, 0x83, 0x0,
    0x0, 0x6f, 0xc0, 0xe, 0xd0, 0x6, 0xd6, 0x9,
    0x82, 0x0, 0x0, 0x0, 0x9f, 0xd1, 0x0, 0xed,
    0x0, 0x8f, 0x70, 0x0, 0x0, 0x0, 0x7, 0xef,
    0xb1, 0x0, 0xd, 0xf7, 0x6f, 0xf2, 0x0, 0x0,
    0x0, 0x3, 0xdf, 0x60, 0x0, 0x0, 0x5e, 0xff,
    0xd6, 0x0, 0x0, 0x0, 0x0, 0x1, 0x10, 0x0,
    0x0, 0x0, 0x0, 0x0, 0x0,

    /* U+73ED "班" */
    0x0, 0x0, 0x0, 0x0, 0x0, 0x0, 0x7b, 0x40,
    0x0, 0x0, 0x0, 0x0, 0x0, 0x0, 0x0, 0x0,
    0x0, 0x0, 0x8f, 0x50, 0x0, 0x0, 0x0, 0x0,
    0x4, 0xa9, 0x99, 0x9a, 0x50, 0x0, 0x7f, 0x5d,
    0xdc, 0xcc, 0xcd, 0xa0, 0x6, 0xfe, 0xff, 0xef,
    0x80, 0x0, 0x7f, 0x4b, 0xaa, 0xfd, 0xaa, 0x80,
    0x0, 0x0, 0xbf, 0x0, 0x0, 0x0, 0x7f, 0x20,
    0x1, 0xf9, 0x0, 0x0, 0x0, 0x0, 0xbf, 0x0,
    0x3, 0x40, 0x7f, 0x20, 0x1, 0xf9, 0x0, 0x0,
    0x0, 0x0, 0xbf, 0x0, 0xb, 0xf0, 0x7f, 0x10,
    0x1, 0xf9, 0x0, 0x0, 0x0, 0x0, 0xbf, 0x0,
    0xb, 0xe0, 0x7f, 0x10, 0x1, 0xf9, 0x0, 0x0,
    0x0, 0x0, 0xbf, 0x0, 0xc, 0xe0, 0x7f, 0x0,
    0x1, 0xf9, 0x0, 0x0, 0x1, 0x87, 0xdf, 0x78,
    0x2d, 0xd0, 0x8f, 0x8, 0x78, 0xfc, 0x78, 0x20,
    0x2, 0xff, 0xff, 0xff, 0x4e, 0xc0, 0x9f, 0xf,
    0xff, 0xff, 0xff, 0x50, 0x0, 0x11, 0xbf, 0x1,
    0xf, 0xb0, 0xbd, 0x0, 0x1, 0xf9, 0x0, 0x0,
    0x0, 0x0, 0xbf, 0x0, 0x2, 0x10, 0xeb, 0x0,
    0x1, 0xf9, 0x0, 0x0, 0x0, 0x0, 0xbf, 0x0,
    0x0, 0x1, 0xf9, 0x0, 0x1, 0xf9, 0x0, 0x0,
    0x0, 0x0, 0xbf, 0x0, 0x0, 0x6, 0xf5, 0x0,
    0x1, 0xf9, 0x0, 0x0, 0x0, 0x0, 0xbf, 0x0,
    0x10, 0xb, 0xf1, 0x0, 0x1, 0xf9, 0x0, 0x0,
    0x0, 0x0, 0xbf, 0x5c, 0xe0, 0x2f, 0xb0, 0x0,
    0x1, 0xf9, 0x0, 0x0, 0x0, 0x5, 0xdf, 0xfd,
    0x70, 0xcf, 0x40, 0x0, 0x1, 0xf9, 0x0, 0x0,
    0x9, 0xff, 0xfa, 0x40, 0x8, 0xfb, 0x0, 0x87,
    0x78, 0xfc, 0x78, 0x81, 0x7, 0xf9, 0x20, 0x0,
    0x7f, 0xe1, 0x0, 0xff, 0xff, 0xff, 0xff, 0xf2,
    0x0, 0x10, 0x0, 0x0, 0x8f, 0x40, 0x0, 0x0,
    0x0, 0x0, 0x0, 0x0, 0x0, 0x0, 0x0, 0x0,
    0x1, 0x0, 0x0, 0x0, 0x0, 0x0, 0x0, 0x0,

    /* U+751F "生" */
    0x0, 0x0, 0x0, 0x0, 0x0, 0x7, 0x70, 0x0,
    0x0, 0x0, 0x0, 0x0, 0x0, 0x1, 0x0, 0x0,
    0x1, 0xff, 0x0, 0x0, 0x0, 0x0, 0x0, 0x0,
    0x0, 0x9f, 0x80, 0x0, 0xf, 0xf0, 0x0, 0x0,
    0x0, 0x0, 0x0, 0x0, 0xd, 0xf7, 0x0, 0x0,
    0xff, 0x0, 0x0, 0x0, 0x0, 0x0, 0x0, 0x1,
    0xff, 0x0, 0x0, 0xf, 0xf0, 0x0, 0x0, 0x0,
    0x0, 0x0, 0x0, 0x7f, 0x90, 0x0, 0x0, 0xff,
    0x0, 0x0, 0x0, 0x0, 0x0, 0x0, 0xd, 0xfe,
    0xdd, 0xdd, 0xdf, 0xfd, 0xdd, 0xdd, 0xde, 0x60,
    0x0, 0x5, 0xff, 0xdd, 0xdd, 0xdd, 0xff, 0xdd,
    0xdd, 0xde, 0xe6, 0x0, 0x0, 0xdf, 0x60, 0x0,
    0x0, 0xf, 0xf0, 0x0, 0x0, 0x0, 0x0, 0x0,
    0x7f, 0xe0, 0x0, 0x0, 0x0, 0xff, 0x0, 0x0,
    0x0, 0x0, 0x0, 0xb, 0xf6, 0x0, 0x0, 0x0,
    0xf, 0xf0, 0x0, 0x0, 0x0, 0x0, 0x0, 0x0,
    0x0, 0x0, 0x0, 0x0, 0xff, 0x0, 0x0, 0x0,
    0x0, 0x0, 0x0, 0x0, 0x3f, 0xff, 0xff, 0xff,
    0xff, 0xff, 0xff, 0xf0, 0x0, 0x0, 0x0, 0x2,
    0xcc, 0xbb, 0xbb, 0xff, 0xbb, 0xbb, 0xcc, 0x0,
    0x0, 0x0, 0x0, 0x0, 0x0, 0x0, 0xf, 0xf0,
    0x0, 0x0, 0x0, 0x0, 0x0, 0x0, 0x0, 0x0,
    0x0, 0x0, 0xff, 0x0, 0x0, 0x0, 0x0, 0x0,
    0x0, 0x0, 0x0, 0x0, 0x0, 0xf, 0xf0, 0x0,
    0x0, 0x0, 0x0, 0x0, 0x0, 0x0, 0x0, 0x0,
    0x0, 0xff, 0x0, 0x0, 0x0, 0x0, 0x0, 0x0,
    0x0, 0x0, 0x0, 0x0, 0xf, 0xf0, 0x0, 0x0,
    0x0, 0x0, 0x0, 0x2b, 0xaa, 0xaa, 0xaa, 0xaa,
    0xff, 0xaa, 0xaa, 0xaa, 0xab, 0xb0, 0x3, 0xff,
    0xff, 0xff, 0xff, 0xff, 0xff, 0xff, 0xff, 0xff,
    0xff, 0x0, 0x0, 0x0, 0x0, 0x0, 0x0, 0x0,
    0x0, 0x0, 0x0, 0x0, 0x0,

    /* U+7528 "用" */
    0x0, 0x8, 0x88, 0x88, 0x88, 0x88, 0x88, 0x88,
    0x88, 0x87, 0x0, 0xf, 0xff, 0xff, 0xff, 0xff,
    0xff, 0xff, 0xff, 0xfd, 0x0, 0xf, 0xc0, 0x0,
    0x0, 0xdf, 0x0, 0x0, 0x1, 0xfd, 0x0, 0xf,
    0xc0, 0x0, 0x0, 0xdf, 0x0, 0x0, 0x1, 0xfd,
    0x0, 0xf, 0xc0, 0x0, 0x0, 0xdf, 0x0, 0x0,
    0x1, 0xfc, 0x0, 0xf, 0xc0, 0x0, 0x0, 0xdf,
    0x0, 0x0, 0x1, 0xfc, 0x0, 0xf, 0xff, 0xff,
    0xff, 0xff, 0xff, 0xff, 0xff, 0xfc, 0x0, 0xf,
    0xd6, 0x66, 0x66, 0xef, 0x66, 0x66, 0x66, 0xfc,
    0x0, 0xf, 0xc0, 0x0, 0x0, 0xdf, 0x0, 0x0,
    0x1, 0xfc, 0x0, 0xf, 0xc0, 0x0, 0x0, 0xdf,
    0x0, 0x0, 0x1, 0xfc, 0x0, 0xf, 0xc0, 0x0,
    0x0, 0xdf, 0x0, 0x0, 0x1, 0xfc, 0x0, 0xf,
    0xe8, 0x88, 0x88, 0xef, 0x88, 0x88, 0x89, 0xfc,
    0x0, 0x1f, 0xff, 0xff, 0xff, 0xff, 0xff, 0xff,
    0xff, 0xfc, 0x0, 0x2f, 0xb0, 0x0, 0x0, 0xdf,
    0x0, 0x0, 0x1, 0xfc, 0x0, 0x4f, 0x90, 0x0,
    0x0, 0xdf, 0x0, 0x0, 0x1, 0xfc, 0x0, 0x7f,
    0x50, 0x0, 0x0, 0xdf, 0x0, 0x0, 0x1, 0xfc,
    0x0, 0xcf, 0x10, 0x0, 0x0, 0xdf, 0x0, 0x0,
    0x1, 0xfc, 0x2, 0xfc, 0x0, 0x0, 0x0, 0xdf,
    0x0, 0x0, 0x1, 0xfc, 0x9, 0xf6, 0x0, 0x0,
    0x0, 0xef, 0x0, 0x3, 0x48, 0xfb, 0x2f, 0xf1,
    0x0, 0x0, 0x0, 0xef, 0x10, 0x5, 0xff, 0xf5,
    0x3b, 0x80, 0x0, 0x0, 0x0, 0x55, 0x0, 0x1,
    0xb8, 0x30, 0x0, 0x0, 0x0, 0x0, 0x0, 0x0,
    0x0, 0x0, 0x0, 0x0,

    /* U+7684 "的" */
    0x0, 0x2, 0x20, 0x0, 0x0, 0x0, 0x32, 0x0,
    0x0, 0x0, 0x0, 0x7, 0xfa, 0x0, 0x0, 0x0,
    0xaf, 0x80, 0x0, 0x0, 0x0, 0xa, 0xf5, 0x0,
    0x0, 0x0, 0xef, 0x20, 0x0, 0x0, 0x0, 0xc,
    0xf0, 0x0, 0x0, 0x2, 0xfb, 0x0, 0x0, 0x0,
    0x0, 0xf, 0xb0, 0x0, 0x0, 0x8, 0xf9, 0x55,
    0x55, 0x54, 0xbf, 0xff, 0xff, 0xff, 0xb0, 0xd,
    0xff, 0xff, 0xff, 0xfd, 0xbf, 0xaa, 0xaa, 0xaf,
    0xb0, 0x4f, 0xb5, 0x55, 0x55, 0xed, 0xbf, 0x10,
    0x0, 0x1f, 0xb0, 0xcf, 0x20, 0x0, 0x0, 0xec,
    0xbf, 0x10, 0x0, 0x1f, 0xb4, 0xfb, 0x0, 0x0,
    0x0, 0xec, 0xbf, 0x10, 0x0, 0x1f, 0xbc, 0xf3,
    0x0, 0x0, 0x0, 0xfc, 0xbf, 0x10, 0x0, 0x1f,
    0xb0, 0x61, 0x96, 0x0, 0x0, 0xfb, 0xbf, 0x98,
    0x88, 0x9f, 0xb0, 0x3, 0xfe, 0x0, 0x0, 0xfb,
    0xbf, 0xff, 0xff, 0xff, 0xb0, 0x0, 0xaf, 0x60,
    0x0, 0xfa, 0xbf, 0x10, 0x0, 0x1f, 0xb0, 0x0,
    0x3f, 0xd0, 0x0, 0xfa, 0xbf, 0x10, 0x0, 0x1f,
    0xb0, 0x0, 0xc, 0xf4, 0x1, 0xf9, 0xbf, 0x10,
    0x0, 0x1f, 0xb0, 0x0, 0x6, 0xc3, 0x2, 0xf8,
    0xbf, 0x10, 0x0, 0x1f, 0xb0, 0x0, 0x0, 0x0,
    0x3, 0xf7, 0xbf, 0x10, 0x0, 0x1f, 0xb0, 0x0,
    0x0, 0x0, 0x4, 0xf6, 0xbf, 0xff, 0xff, 0xff,
    0xb0, 0x0, 0x0, 0x0, 0x6, 0xf5, 0xbf, 0xaa,
    0xaa, 0xaf, 0xb0, 0x0, 0x0, 0x0, 0x1c, 0xf4,
    0xcf, 0x10, 0x0, 0x1f, 0xc0, 0x0, 0x8, 0xde,
    0xff, 0xc0, 0x68, 0x0, 0x0, 0x5, 0x40, 0x0,
    0x2, 0xff, 0xc7, 0x0, 0x0, 0x0, 0x0, 0x0,
    0x0, 0x0, 0x0, 0x20, 0x0, 0x0,

    /* U+76F4 "直" */
    0x0, 0x0, 0x0, 0x0, 0x0, 0x0, 0x0, 0x0,
    0x0, 0x0, 0x0, 0x0, 0x0, 0x0, 0x0, 0x6,
    0xfd, 0x0, 0x0, 0x0, 0x0, 0x0, 0x0, 0x0,
    0x0, 0x0, 0x6, 0xfb, 0x0, 0x0, 0x0, 0x0,
    0x0, 0xe, 0xff, 0xff, 0xff, 0xff, 0xff, 0xff,
    0xff, 0xff, 0xff, 0x70, 0x9, 0x99, 0x88, 0x88,
    0x8c, 0xfb, 0x88, 0x88, 0x88, 0x89, 0x40, 0x0,
    0x0, 0x0, 0x0, 0x9, 0xf4, 0x0, 0x0, 0x0,
    0x0, 0x0, 0x0, 0x0, 0x0, 0x0, 0xb, 0xf3,
    0x0, 0x0, 0x0, 0x0, 0x0, 0x0, 0x1, 0xff,
    0xff, 0xff, 0xff, 0xff, 0xff, 0xfe, 0x0, 0x0,
    0x0, 0x0, 0xfd, 0x77, 0x77, 0x77, 0x77, 0x77,
    0xfe, 0x0, 0x0, 0x0, 0x0, 0xfc, 0x0, 0x0,
    0x0, 0x0, 0x0, 0xed, 0x0, 0x0, 0x0, 0x0,
    0xff, 0xff, 0xff, 0xff, 0xff, 0xff, 0xfd, 0x0,
    0x0, 0x0, 0x0, 0xfd, 0x77, 0x77, 0x77, 0x77,
    0x77, 0xfd, 0x0, 0x0, 0x0, 0x0, 0xfc, 0x0,
    0x0, 0x0, 0x0, 0x0, 0xed, 0x0, 0x0, 0x0,
    0x0, 0xff, 0xff, 0xff, 0xff, 0xff, 0xff, 0xfd,
    0x0, 0x0, 0x0, 0x0, 0xfd, 0x77, 0x77, 0x77,
    0x77, 0x77, 0xfd, 0x0, 0x0, 0x0, 0x0, 0xfc,
    0x0, 0x0, 0x0, 0x0, 0x0, 0xed, 0x0, 0x0,
    0x0, 0x0, 0xfe, 0x88, 0x88, 0x88, 0x88, 0x88,
    0xfd, 0x0, 0x0, 0x0, 0x0, 0xff, 0xff, 0xff,
    0xff, 0xff, 0xff, 0xfd, 0x0, 0x0, 0x0, 0x0,
    0xfc, 0x0, 0x0, 0x0, 0x0, 0x0, 0xed, 0x0,
    0x0, 0x8a, 0x99, 0xfe, 0x99, 0x99, 0x99, 0x99,
    0x99, 0xff, 0x99, 0xa9, 0xcf, 0xff, 0xff, 0xff,
    0xff, 0xff, 0xff, 0xff, 0xff, 0xff, 0xfe, 0x10,
    0x0, 0x0, 0x0, 0x0, 0x0, 0x0, 0x0, 0x0,
    0x0, 0x1,

    /* U+770B "看" */
    0x0, 0x0, 0x0, 0x0, 0x0, 0x0, 0x0, 0x0,
    0x1, 0x37, 0x40, 0x0, 0x1, 0x44, 0x44, 0x55,
    0x67, 0x89, 0xab, 0xdf, 0xff, 0xfe, 0x10, 0x0,
    0x1f, 0xff, 0xff, 0xff, 0xff, 0xed, 0xcb, 0xa9,
    0x87, 0x62, 0x0, 0x0, 0x56, 0x54, 0x32, 0x2f,
    0xf0, 0x0, 0x0, 0x0, 0x0, 0x0, 0x0, 0x0,
    0x11, 0x10, 0x1, 0xfd, 0x0, 0x0, 0x0, 0x11,
    0x0, 0x0, 0x0, 0xf, 0xff, 0xff, 0xff, 0xff,
    0xff, 0xff, 0xff, 0xf7, 0x0, 0x0, 0x0, 0x66,
    0x65, 0x5c, 0xf7, 0x55, 0x55, 0x55, 0x66, 0x30,
    0x0, 0x0, 0x0, 0x0, 0x0, 0xfd, 0x0, 0x0,
    0x0, 0x0, 0x1, 0x12, 0xb, 0xff, 0xff, 0xff,
    0xff, 0xff, 0xff, 0xff, 0xff, 0xff, 0xff, 0xf0,
    0x57, 0x76, 0x66, 0x8f, 0xf6, 0x66, 0x66, 0x66,
    0x66, 0x66, 0x77, 0x0, 0x0, 0x0, 0xc, 0xf6,
    0x0, 0x0, 0x0, 0x0, 0x0, 0x0, 0x0, 0x0,
    0x0, 0xa, 0xff, 0xff, 0xff, 0xff, 0xff, 0xff,
    0xf3, 0x0, 0x0, 0x0, 0xa, 0xff, 0xb7, 0x77,
    0x77, 0x77, 0x77, 0xcf, 0x20, 0x0, 0x0, 0x2c,
    0xfe, 0xf7, 0x11, 0x11, 0x11, 0x11, 0x1a, 0xf2,
    0x0, 0x0, 0x6f, 0xfa, 0x5f, 0xff, 0xff, 0xff,
    0xff, 0xff, 0xff, 0x20, 0x0, 0xcf, 0xf8, 0x5,
    0xf9, 0x55, 0x55, 0x55, 0x55, 0x5b, 0xf2, 0x0,
    0x3, 0xd4, 0x0, 0x5f, 0x83, 0x33, 0x33, 0x33,
    0x33, 0xbf, 0x20, 0x0, 0x0, 0x0, 0x5, 0xff,
    0xff, 0xff, 0xff, 0xff, 0xff, 0xf2, 0x0, 0x0,
    0x0, 0x0, 0x5f, 0x82, 0x22, 0x22, 0x22, 0x22,
    0xaf, 0x20, 0x0, 0x0, 0x0, 0x5, 0xfb, 0x77,
    0x77, 0x77, 0x77, 0x7c, 0xf2, 0x0, 0x0, 0x0,
    0x0, 0x6f, 0xff, 0xff, 0xff, 0xff, 0xff, 0xff,
    0x30, 0x0, 0x0, 0x0, 0x6, 0xf7, 0x0, 0x0,
    0x0, 0x0, 0xa, 0xf3, 0x0,

    /* U+77E5 "知" */
    0x0, 0x2, 0x20, 0x0, 0x0, 0x0, 0x0, 0x0,
    0x0, 0x0, 0x0, 0x0, 0x8, 0xf9, 0x0, 0x0,
    0x0, 0x0, 0x0, 0x0, 0x0, 0x0, 0x0, 0xc,
    0xf1, 0x0, 0x0, 0x0, 0x0, 0x0, 0x0, 0x0,
    0x0, 0x0, 0x1f, 0xb0, 0x0, 0x0, 0x0, 0x56,
    0x66, 0x66, 0x66, 0x61, 0x0, 0x6f, 0xc8, 0x88,
    0x99, 0x90, 0xdf, 0xff, 0xff, 0xff, 0xf2, 0x0,
    0xcf, 0xff, 0xff, 0xff, 0xf0, 0xdf, 0x21, 0x11,
    0x1d, 0xf1, 0x2, 0xfb, 0x0, 0xfd, 0x0, 0x0,
    0xcf, 0x10, 0x0, 0xc, 0xf1, 0xa, 0xf5, 0x0,
    0xfd, 0x0, 0x0, 0xcf, 0x10, 0x0, 0xc, 0xf1,
    0x1e, 0xd0, 0x0, 0xfc, 0x0, 0x0, 0xcf, 0x10,
    0x0, 0xc, 0xf1, 0x0, 0x10, 0x1, 0xfb, 0x0,
    0x0, 0xcf, 0x10, 0x0, 0xc, 0xf1, 0x1, 0x10,
    0x3, 0xfb, 0x1, 0x10, 0xcf, 0x10, 0x0, 0xc,
    0xf1, 0x7f, 0xff, 0xff, 0xff, 0xff, 0xf7, 0xcf,
    0x10, 0x0, 0xc, 0xf1, 0x49, 0x98, 0x8c, 0xfb,
    0x89, 0x94, 0xcf, 0x10, 0x0, 0xc, 0xf1, 0x0,
    0x0, 0xa, 0xf3, 0x0, 0x0, 0xcf, 0x10, 0x0,
    0xc, 0xf1, 0x0, 0x0, 0xe, 0xf3, 0x0, 0x0,
    0xcf, 0x10, 0x0, 0xc, 0xf1, 0x0, 0x0, 0x5f,
    0xff, 0x50, 0x0, 0xcf, 0x10, 0x0, 0xc, 0xf1,
    0x0, 0x0, 0xcf, 0x5d, 0xf7, 0x0, 0xcf, 0x98,
    0x88, 0x8e, 0xf1, 0x0, 0x5, 0xfb, 0x1, 0xdf,
    0x60, 0xcf, 0xff, 0xff, 0xff, 0xf1, 0x0, 0xe,
    0xf2, 0x0, 0x1e, 0xf2, 0xdf, 0x10, 0x0, 0xc,
    0xf1, 0x0, 0xbf, 0x70, 0x0, 0x5, 0x50, 0xdf,
    0x10, 0x0, 0xc, 0xf2, 0x9, 0xfb, 0x0, 0x0,
    0x0, 0x0, 0xbd, 0x10, 0x0, 0x5, 0x71, 0x7,
    0xd0, 0x0, 0x0, 0x0, 0x0, 0x0, 0x0, 0x0,
    0x0, 0x0, 0x0, 0x0, 0x0, 0x0, 0x0, 0x0,
    0x0, 0x0, 0x0, 0x0, 0x0,

    /* U+7801 "码" */
    0x0, 0x0, 0x0, 0x0, 0x0, 0x9, 0x87, 0x66,
    0x66, 0x66, 0x30, 0x0, 0xdf, 0xff, 0xff, 0xff,
    0xf2, 0xff, 0xff, 0xff, 0xff, 0xf5, 0x0, 0x7,
    0x87, 0xbf, 0x97, 0x78, 0x1, 0x0, 0x0, 0x0,
    0x8f, 0x20, 0x0, 0x0, 0x9, 0xf1, 0x0, 0x0,
    0x6, 0x72, 0x0, 0xa, 0xf0, 0x0, 0x0, 0x0,
    0xce, 0x0, 0x0, 0x0, 0xaf, 0x30, 0x0, 0xce,
    0x0, 0x0, 0x0, 0x1f, 0xa0, 0x0, 0x0, 0xc,
    0xf0, 0x0, 0xe, 0xc0, 0x0, 0x0, 0x5, 0xf6,
    0x0, 0x0, 0x0, 0xdd, 0x0, 0x0, 0xfa, 0x0,
    0x0, 0x0, 0xaf, 0x87, 0x77, 0x40, 0xe, 0xb0,
    0x0, 0x2f, 0x80, 0x0, 0x0, 0x1f, 0xff, 0xff,
    0xf9, 0x0, 0xf9, 0x0, 0x4, 0xf6, 0x0, 0x0,
    0x8, 0xff, 0x31, 0x2f, 0x80, 0x2f, 0x80, 0x0,
    0x6f, 0x50, 0x0, 0x0, 0xef, 0xf1, 0x1, 0xf8,
    0x4, 0xff, 0xff, 0xff, 0xff, 0xff, 0x20, 0x9f,
    0xef, 0x10, 0x1f, 0x80, 0x27, 0x77, 0x77, 0x77,
    0x7d, 0xf1, 0x2f, 0xd9, 0xf1, 0x1, 0xf8, 0x0,
    0x0, 0x0, 0x0, 0x0, 0xcf, 0x0, 0xb4, 0x9f,
    0x10, 0x1f, 0x80, 0x0, 0x0, 0x0, 0x0, 0xd,
    0xe0, 0x0, 0x9, 0xf1, 0x1, 0xf8, 0x7d, 0xdd,
    0xdd, 0xdd, 0xd9, 0xfd, 0x0, 0x0, 0x9f, 0x98,
    0x9f, 0x87, 0xcb, 0xbb, 0xbb, 0xcc, 0x8f, 0xb0,
    0x0, 0x9, 0xff, 0xff, 0xf8, 0x0, 0x0, 0x0,
    0x0, 0x1, 0xf9, 0x0, 0x0, 0x9f, 0x10, 0x1f,
    0x90, 0x0, 0x0, 0x0, 0x0, 0x4f, 0x70, 0x0,
    0xa, 0xf1, 0x0, 0x74, 0x0, 0x0, 0x0, 0x0,
    0xa, 0xf3, 0x0, 0x0, 0x35, 0x0, 0x0, 0x0,
    0x0, 0x0, 0xb, 0xde, 0xfd, 0x0, 0x0, 0x0,
    0x0, 0x0, 0x0, 0x0, 0x0, 0x0, 0x8f, 0xfb,
    0x20, 0x0, 0x0, 0x0, 0x0, 0x0, 0x0, 0x0,
    0x0, 0x1, 0x10, 0x0, 0x0,

    /* U+786E "确" */
    0x0, 0x0, 0x0, 0x0, 0x0, 0x0, 0x7, 0x93,
    0x0, 0x0, 0x0, 0x0, 0x0, 0x0, 0x0, 0x0,
    0x0, 0x1, 0xff, 0x50, 0x0, 0x0, 0x0, 0x0,
    0x66, 0x55, 0x55, 0x55, 0x0, 0x9f, 0xb2, 0x22,
    0x22, 0x0, 0x0, 0xf, 0xff, 0xff, 0xff, 0xd0,
    0x3f, 0xff, 0xff, 0xff, 0xa0, 0x0, 0x0, 0x32,
    0x5f, 0xb2, 0x23, 0x1d, 0xf5, 0x22, 0x2a, 0xf2,
    0x0, 0x0, 0x0, 0x6, 0xf6, 0x0, 0xb, 0xf6,
    0x0, 0x1, 0xfa, 0x0, 0x0, 0x0, 0x0, 0xaf,
    0x10, 0x9, 0xf9, 0x0, 0x0, 0x9f, 0x20, 0x0,
    0x0, 0x0, 0xf, 0xc0, 0x0, 0x7, 0x8f, 0xff,
    0xff, 0xff, 0xff, 0xf2, 0x0, 0x6, 0xf7, 0x11,
    0x10, 0x7, 0xf6, 0x56, 0xfb, 0x55, 0xbf, 0x10,
    0x0, 0xef, 0xff, 0xff, 0x70, 0x7f, 0x10, 0x1f,
    0x80, 0x9, 0xf1, 0x0, 0x9f, 0xf4, 0x36, 0xf6,
    0x7, 0xf1, 0x1, 0xf8, 0x0, 0x9f, 0x10, 0x6f,
    0xff, 0x10, 0x3f, 0x60, 0x7f, 0xff, 0xff, 0xff,
    0xff, 0xf1, 0xe, 0xfb, 0xf1, 0x3, 0xf6, 0x7,
    0xf6, 0x56, 0xfb, 0x55, 0xbf, 0x10, 0x17, 0x8f,
    0x10, 0x3f, 0x60, 0x8f, 0x10, 0x1f, 0x80, 0x9,
    0xf1, 0x0, 0x8, 0xf1, 0x3, 0xf6, 0x9, 0xf1,
    0x1, 0xf8, 0x0, 0x9f, 0x10, 0x0, 0x8f, 0x10,
    0x3f, 0x60, 0xaf, 0xee, 0xef, 0xfe, 0xef, 0xf1,
    0x0, 0x8, 0xf7, 0x79, 0xf6, 0xc, 0xf9, 0x89,
    0xfc, 0x88, 0xdf, 0x10, 0x0, 0x8f, 0xff, 0xff,
    0x60, 0xfe, 0x0, 0x1f, 0x80, 0x9, 0xf1, 0x0,
    0x8, 0xf1, 0x3, 0xf6, 0x4f, 0xa0, 0x1, 0xf8,
    0x0, 0x9f, 0x10, 0x0, 0x9f, 0x10, 0x18, 0x4c,
    0xf3, 0x0, 0x1f, 0x80, 0x9, 0xf1, 0x0, 0x9,
    0xf1, 0x0, 0x9, 0xfb, 0x0, 0x1, 0xf8, 0x6,
    0xef, 0x0, 0x0, 0x12, 0x0, 0x0, 0x6d, 0x10,
    0x0, 0x6, 0x30, 0xef, 0x90, 0x0, 0x0, 0x0,
    0x0, 0x0, 0x0, 0x0, 0x0, 0x0, 0x3, 0x10,
    0x0,

    /* U+788C "碌" */
    0x0, 0x0, 0x0, 0x0, 0x0, 0x14, 0x33, 0x33,
    0x33, 0x33, 0x30, 0x0, 0x0, 0x87, 0x77, 0x77,
    0x74, 0x6f, 0xff, 0xff, 0xff, 0xff, 0xf1, 0x0,
    0x1, 0xff, 0xff, 0xff, 0xf8, 0x14, 0x33, 0x33,
    0x33, 0x3b, 0xf0, 0x0, 0x0, 0x10, 0x6f, 0x61,
    0x11, 0x0, 0x0, 0x0, 0x0, 0xb, 0xe0, 0x0,
    0x0, 0x0, 0x9f, 0x10, 0x0, 0x6, 0xba, 0xaa,
    0xaa, 0xae, 0xc0, 0x0, 0x0, 0x0, 0xdd, 0x0,
    0x0, 0x8, 0xff, 0xff, 0xff, 0xff, 0xb0, 0x0,
    0x0, 0x3, 0xf8, 0x0, 0x0, 0x0, 0x0, 0x0,
    0x0, 0xe, 0xa0, 0x0, 0x0, 0xa, 0xf6, 0x33,
    0x31, 0x0, 0x0, 0x0, 0x0, 0xf, 0x90, 0x0,
    0x0, 0x3f, 0xff, 0xff, 0xf5, 0xba, 0xaa, 0xaa,
    0xaa, 0xaf, 0xda, 0xb0, 0x0, 0xcf, 0xf5, 0x59,
    0xf5, 0xff, 0xee, 0xef, 0xfe, 0xee, 0xee, 0xf1,
    0x9, 0xff, 0xf0, 0x7, 0xf2, 0x0, 0x0, 0xb,
    0xf2, 0x0, 0x0, 0x0, 0xb, 0xe9, 0xf0, 0x7,
    0xf2, 0x8, 0x30, 0xb, 0xf4, 0x0, 0x25, 0x0,
    0x0, 0x39, 0xf0, 0x7, 0xf2, 0x3f, 0xd0, 0xb,
    0xf9, 0x3, 0xef, 0x30, 0x0, 0x9, 0xf0, 0x7,
    0xf2, 0x9, 0xf8, 0xb, 0xff, 0x8f, 0xf6, 0x0,
    0x0, 0x9, 0xf0, 0x7, 0xf2, 0x2, 0xb2, 0x3e,
    0xff, 0xfc, 0x10, 0x0, 0x0, 0x9, 0xff, 0xff,
    0xf2, 0x0, 0x6, 0xff, 0xf6, 0xf7, 0x0, 0x0,
    0x0, 0x9, 0xf7, 0x7b, 0xf3, 0x2, 0xbf, 0xbc,
    0xf0, 0xcf, 0x50, 0x0, 0x0, 0x9, 0xf0, 0x7,
    0xf6, 0xaf, 0xf7, 0xb, 0xf0, 0x2f, 0xf5, 0x0,
    0x0, 0xa, 0xf0, 0x2, 0x52, 0xde, 0x30, 0xb,
    0xf0, 0x4, 0xff, 0x90, 0x0, 0x0, 0x10, 0x0,
    0x0, 0x31, 0x0, 0xc, 0xf0, 0x0, 0x5f, 0xb0,
    0x0, 0x0, 0x0, 0x0, 0x0, 0x0, 0xc, 0xdf,
    0xe0, 0x0, 0x4, 0x0, 0x0, 0x0, 0x0, 0x0,
    0x0, 0x0, 0x8, 0xff, 0x60, 0x0, 0x0, 0x0,
    0x0, 0x0, 0x0, 0x0, 0x0, 0x0, 0x1, 0x30,
    0x0, 0x0, 0x0, 0x0,

    /* U+79CB "秋" */
    0x0, 0x0, 0x0, 0x0, 0x4, 0x0, 0x0, 0x9,
    0x80, 0x0, 0x0, 0x0, 0x0, 0x0, 0x0, 0x48,
    0xef, 0x70, 0x0, 0xf, 0xf0, 0x0, 0x0, 0x0,
    0x4, 0x7a, 0xdf, 0xff, 0xd9, 0x50, 0x0, 0xf,
    0xd0, 0x0, 0x0, 0x0, 0x7, 0xff, 0xce, 0xf2,
    0x0, 0x0, 0x0, 0xf, 0xc0, 0x0, 0x0, 0x0,
    0x0, 0x20, 0xb, 0xf1, 0x0, 0x0, 0x0, 0xf,
    0xc0, 0x0, 0x0, 0x0, 0x0, 0x0, 0xb, 0xf1,
    0x0, 0x1, 0x0, 0xf, 0xb0, 0x2, 0x10, 0x0,
    0x0, 0x0, 0xb, 0xf1, 0x0, 0xb, 0xf4, 0xf,
    0xb0, 0xa, 0xf7, 0x0, 0x3, 0x22, 0x2b, 0xf3,
    0x23, 0x1c, 0xf2, 0xf, 0xc0, 0xd, 0xf3, 0x0,
    0xf, 0xff, 0xff, 0xff, 0xff, 0x6d, 0xf0, 0x1f,
    0xd0, 0xf, 0xe0, 0x0, 0x6, 0x65, 0x8f, 0xf6,
    0x66, 0x2f, 0xd0, 0x3f, 0xe0, 0x5f, 0x90, 0x0,
    0x0, 0x0, 0x8f, 0xf1, 0x0, 0x1f, 0xb0, 0x5f,
    0xf0, 0xaf, 0x50, 0x0, 0x0, 0x0, 0xef, 0xf1,
    0x60, 0x3e, 0x80, 0x7f, 0xf3, 0x9d, 0x0, 0x0,
    0x0, 0x6, 0xff, 0xf7, 0xfa, 0x0, 0x0, 0xbf,
    0xf7, 0x0, 0x0, 0x0, 0x0, 0xe, 0xeb, 0xf1,
    0xaf, 0x90, 0x0, 0xfe, 0xfb, 0x0, 0x0, 0x0,
    0x0, 0xaf, 0x5b, 0xf1, 0xc, 0xf4, 0x5, 0xf9,
    0xaf, 0x20, 0x0, 0x0, 0x7, 0xfc, 0xb, 0xf1,
    0x1, 0x50, 0xc, 0xf3, 0x4f, 0x90, 0x0, 0x0,
    0x2f, 0xe1, 0xb, 0xf1, 0x0, 0x0, 0x5f, 0xc0,
    0xd, 0xf2, 0x0, 0x0, 0x9, 0x40, 0xb, 0xf1,
    0x0, 0x1, 0xef, 0x30, 0x5, 0xfc, 0x0, 0x0,
    0x0, 0x0, 0xb, 0xf1, 0x0, 0xc, 0xf9, 0x0,
    0x0, 0xcf, 0x90, 0x0, 0x0, 0x0, 0xb, 0xf1,
    0x1, 0xcf, 0xc0, 0x0, 0x0, 0x2f, 0xf9, 0x0,
    0x0, 0x0, 0xb, 0xf1, 0x3d, 0xfd, 0x10, 0x0,
    0x0, 0x5, 0xff, 0xa0, 0x0, 0x0, 0xb, 0xf2,
    0x19, 0xd1, 0x0, 0x0, 0x0, 0x0, 0x5c, 0x10,
    0x0, 0x0, 0x0, 0x0, 0x0, 0x0, 0x0, 0x0,
    0x0, 0x0, 0x0, 0x0,

    /* U+79F0 "称" */
    0x0, 0x0, 0x0, 0x0, 0x0, 0x0, 0x8, 0x40,
    0x0, 0x0, 0x0, 0x0, 0x0, 0x0, 0x0, 0x2,
    0x96, 0x0, 0xf, 0xf1, 0x0, 0x0, 0x0, 0x0,
    0x0, 0x24, 0x7a, 0xef, 0xfe, 0x10, 0x4f, 0xa0,
    0x0, 0x0, 0x0, 0x0, 0x3, 0xff, 0xff, 0xf9,
    0x52, 0x0, 0x8f, 0x50, 0x0, 0x0, 0x0, 0x0,
    0x0, 0x75, 0x2a, 0xf0, 0x0, 0x0, 0xcf, 0x99,
    0x99, 0x99, 0x98, 0x0, 0x0, 0x0, 0xa, 0xf0,
    0x0, 0x1, 0xff, 0xff, 0xff, 0xff, 0xfd, 0x0,
    0x0, 0x0, 0xa, 0xf0, 0x0, 0x6, 0xf6, 0x0,
    0x0, 0x6, 0xf8, 0x0, 0x1, 0x11, 0x1a, 0xf1,
    0x11, 0xc, 0xf0, 0x0, 0x0, 0xa, 0xf4, 0x0,
    0x9, 0xff, 0xff, 0xff, 0xff, 0x4f, 0xa0, 0x9,
    0xd1, 0xe, 0xf0, 0x0, 0x5, 0x77, 0xdf, 0xf9,
    0x9a, 0x7f, 0x40, 0xa, 0xf1, 0x6, 0x70, 0x0,
    0x0, 0x0, 0xef, 0xf0, 0x0, 0x0, 0x0, 0x9,
    0xf1, 0x0, 0x0, 0x0, 0x0, 0x2, 0xff, 0xf3,
    0x50, 0x0, 0x0, 0x9, 0xf1, 0x0, 0x0, 0x0,
    0x0, 0x8, 0xfc, 0xfd, 0xe1, 0x7, 0xe6, 0x9,
    0xf1, 0x3c, 0x20, 0x0, 0x0, 0xe, 0xba, 0xf4,
    0xfa, 0xc, 0xf4, 0x9, 0xf1, 0x7f, 0xb0, 0x0,
    0x0, 0x8f, 0x5a, 0xf0, 0xa7, 0x2f, 0xd0, 0x9,
    0xf1, 0xd, 0xf5, 0x0, 0x1, 0xfd, 0xa, 0xf0,
    0x0, 0x8f, 0x70, 0x9, 0xf1, 0x4, 0xfe, 0x0,
    0xc, 0xf4, 0xa, 0xf0, 0x0, 0xef, 0x10, 0x9,
    0xf1, 0x0, 0xcf, 0x70, 0xa, 0xa0, 0xa, 0xf0,
    0x6, 0xfb, 0x0, 0x9, 0xf1, 0x0, 0x5f, 0xe0,
    0x0, 0x10, 0xa, 0xf0, 0x8, 0xf4, 0x0, 0x9,
    0xf1, 0x0, 0x9, 0x10, 0x0, 0x0, 0xa, 0xf0,
    0x0, 0x10, 0x0, 0xb, 0xf1, 0x0, 0x0, 0x0,
    0x0, 0x0, 0xb, 0xf0, 0x0, 0x0, 0xd, 0xef,
    0xf0, 0x0, 0x0, 0x0, 0x0, 0x0, 0xc, 0xf1,
    0x0, 0x0, 0xa, 0xfc, 0x50, 0x0, 0x0, 0x0,
    0x0, 0x0, 0x0, 0x0, 0x0, 0x0, 0x1, 0x0,
    0x0, 0x0, 0x0, 0x0,

    /* U+7A0B "程" */
    0x0, 0x0, 0x0, 0x16, 0x60, 0x0, 0x0, 0x0,
    0x0, 0x0, 0x0, 0x0, 0x3, 0x69, 0xcf, 0xff,
    0x20, 0x7a, 0xaa, 0xaa, 0xaa, 0xaa, 0x90, 0x4,
    0xff, 0xff, 0xf7, 0x52, 0xa, 0xff, 0xff, 0xff,
    0xff, 0xff, 0x0, 0x7, 0x41, 0xcf, 0x0, 0x0,
    0xaf, 0x10, 0x0, 0x0, 0x1f, 0xe0, 0x0, 0x0,
    0xc, 0xf0, 0x0, 0x9, 0xf1, 0x0, 0x0, 0x1,
    0xfe, 0x0, 0x0, 0x0, 0xcf, 0x0, 0x0, 0xaf,
    0x10, 0x0, 0x0, 0x1f, 0xe0, 0x0, 0x0, 0xc,
    0xf0, 0x0, 0xa, 0xf5, 0x55, 0x55, 0x55, 0xfe,
    0x0, 0x5c, 0xbb, 0xef, 0xcc, 0x60, 0xaf, 0xff,
    0xff, 0xff, 0xff, 0xf0, 0x6, 0xed, 0xdf, 0xfe,
    0xe8, 0x4, 0x66, 0x66, 0x66, 0x66, 0x66, 0x0,
    0x0, 0x2, 0xff, 0x0, 0x0, 0x0, 0x0, 0x0,
    0x0, 0x0, 0x0, 0x0, 0x0, 0x8f, 0xf0, 0x0,
    0x39, 0x98, 0x88, 0x88, 0x89, 0x99, 0x0, 0x0,
    0xe, 0xff, 0x5d, 0x5, 0xff, 0xff, 0xff, 0xff,
    0xff, 0xf1, 0x0, 0x7, 0xff, 0xf7, 0xf7, 0x0,
    0x0, 0xa, 0xf2, 0x0, 0x0, 0x0, 0x2, 0xfc,
    0xcf, 0xe, 0xe0, 0x0, 0x0, 0xaf, 0x20, 0x0,
    0x0, 0x0, 0xcf, 0x4c, 0xf0, 0x7d, 0x20, 0x0,
    0xa, 0xf2, 0x0, 0x0, 0x0, 0xaf, 0xc0, 0xcf,
    0x1, 0x10, 0x9e, 0xee, 0xff, 0xee, 0xee, 0xc0,
    0xc, 0xf2, 0xc, 0xf0, 0x0, 0x8, 0xdc, 0xbe,
    0xfc, 0xbb, 0xca, 0x0, 0x16, 0x0, 0xcf, 0x0,
    0x0, 0x0, 0x0, 0xaf, 0x20, 0x0, 0x0, 0x0,
    0x0, 0xc, 0xf0, 0x0, 0x0, 0x0, 0xa, 0xf2,
    0x0, 0x0, 0x0, 0x0, 0x0, 0xcf, 0x0, 0x0,
    0x0, 0x0, 0xaf, 0x20, 0x0, 0x0, 0x0, 0x0,
    0xc, 0xf0, 0x5, 0xbb, 0xbb, 0xbe, 0xfb, 0xbb,
    0xbb, 0xb0, 0x0, 0x0, 0xdf, 0x0, 0x7f, 0xee,
    0xee, 0xee, 0xee, 0xee, 0xfe,

    /* U+7A0D "稍" */
    0x0, 0x0, 0x0, 0x0, 0x10, 0x0, 0x0, 0x8,
    0xc3, 0x0, 0x0, 0x0, 0x0, 0x0, 0x2, 0x7d,
    0xc0, 0x5, 0x20, 0xa, 0xf3, 0x0, 0x1c, 0x30,
    0x2, 0x8b, 0xef, 0xff, 0xb3, 0x4f, 0xa0, 0xa,
    0xf3, 0x0, 0xaf, 0xc0, 0x1, 0xff, 0xcf, 0xd0,
    0x0, 0xd, 0xf2, 0x9, 0xf2, 0x4, 0xfd, 0x10,
    0x0, 0x30, 0xf, 0xc0, 0x0, 0x5, 0xfa, 0x9,
    0xf2, 0x3e, 0xf3, 0x0, 0x0, 0x0, 0xf, 0xc0,
    0x0, 0x0, 0xc5, 0x9, 0xf2, 0x17, 0x60, 0x0,
    0x0, 0x0, 0xf, 0xc0, 0x0, 0x0, 0x0, 0x9,
    0xf2, 0x0, 0x0, 0x0, 0x7, 0xba, 0xaf, 0xea,
    0xb8, 0x5, 0x77, 0x7c, 0xf8, 0x77, 0x77, 0x10,
    0xa, 0xff, 0xff, 0xff, 0xfb, 0xc, 0xff, 0xff,
    0xff, 0xff, 0xff, 0x20, 0x0, 0x0, 0x7f, 0xc0,
    0x0, 0xb, 0xf4, 0x33, 0x33, 0x33, 0xdf, 0x10,
    0x0, 0x0, 0xcf, 0xc0, 0x0, 0xb, 0xf1, 0x0,
    0x0, 0x0, 0xcf, 0x10, 0x0, 0x3, 0xff, 0xc6,
    0x40, 0xb, 0xfa, 0xaa, 0xaa, 0xaa, 0xef, 0x10,
    0x0, 0xa, 0xff, 0xef, 0xe2, 0xb, 0xff, 0xff,
    0xff, 0xff, 0xff, 0x10, 0x0, 0x3f, 0xbf, 0xc7,
    0xfc, 0xb, 0xf1, 0x0, 0x0, 0x0, 0xcf, 0x10,
    0x0, 0xcf, 0x3f, 0xc0, 0xdd, 0x2b, 0xf1, 0x0,
    0x0, 0x0, 0xcf, 0x10, 0x9, 0xfa, 0xf, 0xc0,
    0x30, 0xb, 0xfa, 0xaa, 0xaa, 0xaa, 0xef, 0x10,
    0xc, 0xf2, 0xf, 0xc0, 0x0, 0xb, 0xff, 0xff,
    0xff, 0xff, 0xff, 0x10, 0x1, 0x50, 0xf, 0xc0,
    0x0, 0xb, 0xf1, 0x0, 0x0, 0x0, 0xcf, 0x10,
    0x0, 0x0, 0xf, 0xd0, 0x0, 0xb, 0xf1, 0x0,
    0x0, 0x0, 0xcf, 0x10, 0x0, 0x0, 0xf, 0xd0,
    0x0, 0xb, 0xf1, 0x0, 0x0, 0x0, 0xef, 0x10,
    0x0, 0x0, 0xf, 0xd0, 0x0, 0xc, 0xf1, 0x0,
    0x3, 0xef, 0xff, 0x0, 0x0, 0x0, 0xd, 0xb0,
    0x0, 0xc, 0xf1, 0x0, 0x0, 0xcf, 0xb4, 0x0,
    0x0, 0x0, 0x0, 0x0, 0x0, 0x0, 0x0, 0x0,
    0x0, 0x10, 0x0, 0x0,

    /* U+7AE5 "童" */
    0x0, 0x0, 0x0, 0x0, 0x5, 0xb7, 0x0, 0x0,
    0x0, 0x0, 0x0, 0x0, 0x0, 0x0, 0x0, 0x3,
    0xfe, 0x0, 0x0, 0x0, 0x0, 0x0, 0x1, 0x66,
    0x66, 0x67, 0x77, 0xff, 0x87, 0x76, 0x66, 0x66,
    0x10, 0x3, 0xff, 0xff, 0xff, 0xff, 0xff, 0xff,
    0xff, 0xff, 0xff, 0x20, 0x0, 0x0, 0x0, 0x8c,
    0x0, 0x0, 0x0, 0xb9, 0x30, 0x0, 0x0, 0x0,
    0x0, 0x0, 0x9f, 0x50, 0x0, 0x3, 0xfd, 0x10,
    0x0, 0x0, 0x7b, 0xbb, 0xbb, 0xcf, 0xeb, 0xbb,
    0xbd, 0xfd, 0xba, 0xaa, 0xa3, 0x9c, 0xcb, 0xbb,
    0xbb, 0xbb, 0xbb, 0xbb, 0xbb, 0xbb, 0xbb, 0xc3,
    0x0, 0x4, 0x44, 0x44, 0x44, 0x44, 0x44, 0x44,
    0x44, 0x41, 0x0, 0x0, 0x1f, 0xff, 0xff, 0xff,
    0xff, 0xff, 0xff, 0xff, 0xf4, 0x0, 0x0, 0x1f,
    0xc2, 0x22, 0x22, 0xdf, 0x22, 0x22, 0x29, 0xf4,
    0x0, 0x0, 0x1f, 0xd7, 0x77, 0x77, 0xef, 0x77,
    0x77, 0x7b, 0xf4, 0x0, 0x0, 0x1f, 0xff, 0xff,
    0xff, 0xff, 0xff, 0xff, 0xff, 0xf4, 0x0, 0x0,
    0x1f, 0xb0, 0x0, 0x0, 0xdf, 0x0, 0x0, 0x8,
    0xf4, 0x0, 0x0, 0x1f, 0xff, 0xff, 0xff, 0xff,
    0xff, 0xff, 0xff, 0xf4, 0x0, 0x0, 0x17, 0x77,
    0x77, 0x77, 0xef, 0x77, 0x77, 0x77, 0x72, 0x0,
    0x0, 0x22, 0x11, 0x11, 0x11, 0xdf, 0x11, 0x11,
    0x11, 0x11, 0x0, 0x0, 0xdf, 0xff, 0xff, 0xff,
    0xff, 0xff, 0xff, 0xff, 0xfe, 0x0, 0x0, 0x55,
    0x55, 0x55, 0x55, 0xef, 0x55, 0x55, 0x55, 0x65,
    0x0, 0x0, 0x0, 0x0, 0x0, 0x0, 0xdf, 0x0,
    0x0, 0x0, 0x0, 0x0, 0x17, 0x77, 0x78, 0x88,
    0x88, 0xef, 0x88, 0x88, 0x88, 0x88, 0x70, 0x2f,
    0xfe, 0xee, 0xee, 0xee, 0xee, 0xee, 0xee, 0xee,
    0xef, 0xd0,

    /* U+7AEF "端" */
    0x0, 0x0, 0x1, 0x0, 0x0, 0x0, 0x0, 0x19,
    0x60, 0x0, 0x0, 0x0, 0x0, 0x2d, 0xb0, 0x0,
    0x4, 0x91, 0x2, 0xf9, 0x0, 0x19, 0x60, 0x0,
    0x0, 0xcf, 0x40, 0x0, 0x7f, 0x10, 0x1f, 0x90,
    0x1, 0xfa, 0x0, 0x0, 0x3, 0xfc, 0x0, 0x6,
    0xf1, 0x1, 0xf9, 0x0, 0xf, 0xa0, 0x0, 0x0,
    0x4, 0x0, 0x0, 0x6f, 0x10, 0x1f, 0x90, 0x0,
    0xfa, 0x0, 0x38, 0x77, 0x77, 0x88, 0x7, 0xfb,
    0xbb, 0xfe, 0xbb, 0xbf, 0xa0, 0x6, 0xff, 0xff,
    0xff, 0xf1, 0x5a, 0xaa, 0xaa, 0xaa, 0xaa, 0xa7,
    0x0, 0x0, 0x0, 0x0, 0x0, 0x0, 0x0, 0x0,
    0x0, 0x0, 0x0, 0x0, 0x0, 0x0, 0x0, 0x48,
    0x20, 0x10, 0x0, 0x0, 0x0, 0x0, 0x1, 0x10,
    0x3b, 0x60, 0x8, 0xf7, 0x2f, 0xff, 0xff, 0xff,
    0xff, 0xff, 0xf9, 0x2, 0xfb, 0x0, 0xaf, 0x21,
    0x87, 0x77, 0xaf, 0xa7, 0x77, 0x78, 0x40, 0xe,
    0xe0, 0xd, 0xe0, 0x0, 0x0, 0x8, 0xf1, 0x0,
    0x0, 0x0, 0x0, 0xaf, 0x20, 0xfa, 0x0, 0x66,
    0x66, 0xcf, 0x66, 0x66, 0x66, 0x10, 0x7, 0xf6,
    0x2f, 0x60, 0x1f, 0xff, 0xff, 0xff, 0xff, 0xff,
    0xf4, 0x0, 0x3f, 0xa6, 0xf3, 0x0, 0xf6, 0xd,
    0xa0, 0x8f, 0x10, 0x7f, 0x30, 0x0, 0x51, 0x9e,
    0x0, 0xf, 0x60, 0xda, 0x8, 0xf1, 0x7, 0xf3,
    0x0, 0x0, 0xc, 0xd7, 0xb1, 0xf6, 0xd, 0xa0,
    0x8f, 0x10, 0x7f, 0x30, 0x14, 0x7b, 0xff, 0xfc,
    0x1f, 0x60, 0xda, 0x8, 0xf1, 0x7, 0xf3, 0xe,
    0xff, 0xea, 0x51, 0x0, 0xf6, 0xd, 0xb0, 0x8f,
    0x10, 0x7f, 0x30, 0x9a, 0x40, 0x0, 0x0, 0xf,
    0x60, 0xeb, 0x8, 0xf2, 0x8, 0xf3, 0x0, 0x0,
    0x0, 0x0, 0x1, 0xf6, 0x1, 0x10, 0x13, 0x37,
    0xdf, 0x10, 0x0, 0x0, 0x0, 0x0, 0x1f, 0x60,
    0x0, 0x0, 0x2, 0xff, 0x70, 0x0, 0x0, 0x0,
    0x0, 0x0, 0x0, 0x0, 0x0, 0x0, 0x3, 0x0,
    0x0,

    /* U+7B49 "等" */
    0x0, 0x0, 0x0, 0x0, 0x0, 0x0, 0x0, 0x0,
    0x0, 0x0, 0x0, 0x0, 0x0, 0x0, 0x9c, 0x50,
    0x0, 0x0, 0x0, 0x2c, 0x60, 0x0, 0x0, 0x0,
    0x0, 0x1, 0xfe, 0x10, 0x0, 0x0, 0x0, 0x9f,
    0xa0, 0x0, 0x0, 0x0, 0x0, 0x9, 0xff, 0xff,
    0xff, 0xff, 0x42, 0xff, 0xed, 0xdd, 0xde, 0xe2,
    0x0, 0x3f, 0xd6, 0x8f, 0xc6, 0x66, 0x2c, 0xf9,
    0x77, 0xfd, 0x78, 0x81, 0x2, 0xef, 0x40, 0xe,
    0xf2, 0x0, 0x8f, 0xa0, 0x0, 0xbf, 0x20, 0x0,
    0x7, 0xf9, 0x0, 0x9, 0xe5, 0x1d, 0xc3, 0x0,
    0x0, 0x5f, 0xc0, 0x0, 0x0, 0x10, 0x0, 0x0,
    0x0, 0xf, 0xd0, 0x0, 0x0, 0x17, 0x20, 0x0,
    0x0, 0x1, 0xff, 0xff, 0xff, 0xff, 0xff, 0xff,
    0xff, 0xff, 0x10, 0x0, 0x0, 0x0, 0x87, 0x77,
    0x77, 0x7f, 0xe7, 0x77, 0x77, 0x78, 0x0, 0x0,
    0x0, 0x0, 0x0, 0x0, 0x0, 0xf, 0xd0, 0x0,
    0x0, 0x0, 0x0, 0x0, 0x1, 0x0, 0x0, 0x0,
    0x0, 0xf, 0xd0, 0x0, 0x0, 0x0, 0x0, 0x10,
    0x4f, 0xff, 0xff, 0xff, 0xff, 0xff, 0xff, 0xff,
    0xff, 0xff, 0xff, 0xf3, 0x29, 0x88, 0x88, 0x88,
    0x88, 0x88, 0x88, 0x89, 0xfe, 0x88, 0x88, 0x91,
    0x0, 0x0, 0x0, 0x0, 0x0, 0x0, 0x0, 0x2,
    0xfd, 0x0, 0x0, 0x0, 0x0, 0x1, 0x11, 0x0,
    0x0, 0x0, 0x0, 0x2, 0xfd, 0x1, 0x11, 0x0,
    0x0, 0x2f, 0xff, 0xff, 0xff, 0xff, 0xff, 0xff,
    0xff, 0xff, 0xfc, 0x0, 0x0, 0x18, 0x77, 0x79,
    0x77, 0x77, 0x77, 0x78, 0xfe, 0x77, 0x86, 0x0,
    0x0, 0x0, 0x1, 0xdd, 0x10, 0x0, 0x0, 0x2,
    0xfd, 0x0, 0x0, 0x0, 0x0, 0x0, 0x0, 0x9f,
    0xc0, 0x0, 0x0, 0x2, 0xfd, 0x0, 0x0, 0x0,
    0x0, 0x0, 0x0, 0xc, 0xf6, 0x0, 0x0, 0x3,
    0xfd, 0x0, 0x0, 0x0, 0x0, 0x0, 0x0, 0x3,
    0x70, 0x0, 0x2a, 0xae, 0xfb, 0x0, 0x0, 0x0,
    0x0, 0x0, 0x0, 0x0, 0x0, 0x0, 0xe, 0xff,
    0xb2, 0x0, 0x0, 0x0, 0x0, 0x0, 0x0, 0x0,
    0x0, 0x0, 0x3, 0x30, 0x0, 0x0, 0x0, 0x0,

    /* U+7C7B "类" */
    0x0, 0x0, 0x0, 0x0, 0x0, 0x23, 0x0, 0x0,
    0x1, 0x0, 0x0, 0x0, 0x0, 0x4a, 0x0, 0x0,
    0xbf, 0x20, 0x0, 0x9e, 0x40, 0x0, 0x0, 0x0,
    0xbf, 0xb0, 0x0, 0xaf, 0x20, 0x4, 0xfe, 0x30,
    0x0, 0x0, 0x0, 0xb, 0xfc, 0x0, 0xaf, 0x20,
    0x3f, 0xf3, 0x0, 0x0, 0x0, 0x0, 0x0, 0xce,
    0x20, 0xaf, 0x20, 0xbf, 0x40, 0x0, 0x0, 0x7,
    0x99, 0x88, 0xab, 0x88, 0xdf, 0x98, 0x9d, 0x88,
    0x89, 0x91, 0xc, 0xff, 0xff, 0xff, 0xff, 0xff,
    0xff, 0xff, 0xff, 0xff, 0xf2, 0x1, 0x10, 0x0,
    0x0, 0xcf, 0xef, 0x21, 0xb4, 0x0, 0x0, 0x0,
    0x0, 0x0, 0x0, 0x1c, 0xf7, 0xaf, 0x25, 0xff,
    0xa1, 0x0, 0x0, 0x0, 0x0, 0x5, 0xef, 0x70,
    0xaf, 0x20, 0x3d, 0xfe, 0x50, 0x0, 0x0, 0x4,
    0xcf, 0xe4, 0x0, 0xbf, 0x20, 0x0, 0x8f, 0xfa,
    0x10, 0x4, 0xef, 0xf9, 0x10, 0x0, 0xad, 0x20,
    0x0, 0x5, 0xff, 0x60, 0x0, 0xd9, 0x20, 0x0,
    0x0, 0x7f, 0x70, 0x0, 0x0, 0x27, 0x0, 0x0,
    0x0, 0x0, 0x0, 0x0, 0x9f, 0x50, 0x0, 0x0,
    0x0, 0x0, 0xf, 0xff, 0xff, 0xff, 0xff, 0xff,
    0xff, 0xff, 0xff, 0xff, 0xf9, 0x9, 0x99, 0x88,
    0x88, 0x8a, 0xff, 0xf8, 0x88, 0x88, 0x99, 0x96,
    0x0, 0x0, 0x0, 0x0, 0xa, 0xfb, 0xf8, 0x0,
    0x0, 0x0, 0x0, 0x0, 0x0, 0x0, 0x0, 0x5f,
    0xc0, 0xaf, 0x80, 0x0, 0x0, 0x0, 0x0, 0x0,
    0x0, 0x7, 0xfe, 0x10, 0xa, 0xfc, 0x20, 0x0,
    0x0, 0x0, 0x0, 0x17, 0xdf, 0xc2, 0x0, 0x0,
    0x7f, 0xfb, 0x50, 0x0, 0x5, 0x9c, 0xff, 0xf7,
    0x0, 0x0, 0x0, 0x3, 0xcf, 0xff, 0xb4, 0xb,
    0xff, 0xc7, 0x0, 0x0, 0x0, 0x0, 0x0, 0x4,
    0xbf, 0xe1, 0x2, 0x62, 0x0, 0x0, 0x0, 0x0,
    0x0, 0x0, 0x0, 0x2, 0x30,

    /* U+7EA2 "红" */
    0x0, 0x0, 0x1, 0x0, 0x0, 0x0, 0x0, 0x0,
    0x0, 0x0, 0x0, 0x0, 0x0, 0x0, 0xcc, 0x20,
    0x0, 0x0, 0x0, 0x0, 0x0, 0x0, 0x0, 0x0,
    0x0, 0x2f, 0xe0, 0x0, 0x0, 0x0, 0x0, 0x0,
    0x0, 0x0, 0x0, 0x0, 0x8, 0xf4, 0x0, 0x1,
    0x99, 0x98, 0x88, 0x88, 0x99, 0x70, 0x0, 0x1,
    0xfb, 0x0, 0x0, 0x1f, 0xff, 0xff, 0xff, 0xff,
    0xfc, 0x0, 0x0, 0x9f, 0x20, 0x7, 0x70, 0x0,
    0x0, 0xbf, 0x10, 0x0, 0x0, 0x0, 0x3f, 0x80,
    0x0, 0xef, 0x30, 0x0, 0xb, 0xf1, 0x0, 0x0,
    0x0, 0x1d, 0xd0, 0x0, 0x7f, 0x80, 0x0, 0x0,
    0xbf, 0x10, 0x0, 0x0, 0xd, 0xfc, 0xbb, 0xcf,
    0xd0, 0x0, 0x0, 0xb, 0xf1, 0x0, 0x0, 0x0,
    0xbf, 0xdb, 0xaf, 0xf3, 0x0, 0x0, 0x0, 0xbf,
    0x10, 0x0, 0x0, 0x1, 0x0, 0x6, 0xf7, 0x0,
    0x0, 0x0, 0xb, 0xf1, 0x0, 0x0, 0x0, 0x0,
    0x2, 0xfb, 0x0, 0x0, 0x0, 0x0, 0xbf, 0x10,
    0x0, 0x0, 0x0, 0x0, 0xde, 0x10, 0x0, 0x0,
    0x0, 0xb, 0xf1, 0x0, 0x0, 0x0, 0x0, 0xcf,
    0x32, 0x47, 0x91, 0x0, 0x0, 0xbf, 0x10, 0x0,
    0x0, 0x2, 0xef, 0xff, 0xff, 0xff, 0x10, 0x0,
    0xb, 0xf1, 0x0, 0x0, 0x0, 0xe, 0xfc, 0x96,
    0x41, 0x0, 0x0, 0x0, 0xbf, 0x10, 0x0, 0x0,
    0x0, 0x20, 0x0, 0x0, 0x0, 0x0, 0x0, 0xb,
    0xf1, 0x0, 0x0, 0x0, 0x0, 0x0, 0x0, 0x4,
    0x95, 0x0, 0x0, 0xbf, 0x10, 0x0, 0x0, 0x0,
    0x1, 0x48, 0xcf, 0xff, 0x70, 0x0, 0xb, 0xf1,
    0x0, 0x0, 0x0, 0x6e, 0xff, 0xfe, 0xa6, 0x2a,
    0xba, 0xaa, 0xef, 0xaa, 0xab, 0xb5, 0x2, 0xfe,
    0x83, 0x0, 0x0, 0xdf, 0xff, 0xff, 0xff, 0xff,
    0xff, 0x60, 0x3, 0x0, 0x0, 0x0, 0x0, 0x0,
    0x0, 0x0, 0x0, 0x0, 0x0,

    /* U+7EAA "纪" */
    0x0, 0x0, 0x0, 0x0, 0x0, 0x0, 0x0, 0x0,
    0x0, 0x0, 0x0, 0x0, 0x0, 0x0, 0xc7, 0x0,
    0x0, 0x0, 0x0, 0x0, 0x0, 0x0, 0x0, 0x0,
    0x0, 0x4f, 0xd0, 0x0, 0x11, 0x0, 0x0, 0x0,
    0x0, 0x0, 0x0, 0x0, 0xb, 0xf3, 0x0, 0xb,
    0xff, 0xff, 0xff, 0xff, 0xfc, 0x0, 0x0, 0x3,
    0xf9, 0x0, 0x0, 0x68, 0x77, 0x77, 0x77, 0x7f,
    0xb0, 0x0, 0x0, 0xce, 0x0, 0x7, 0x60, 0x0,
    0x0, 0x0, 0x1, 0xfb, 0x0, 0x0, 0x6f, 0x50,
    0x1, 0xff, 0x30, 0x0, 0x0, 0x0, 0x1f, 0xb0,
    0x0, 0x3f, 0xa0, 0x0, 0xaf, 0x50, 0x0, 0x0,
    0x0, 0x1, 0xfb, 0x0, 0xf, 0xfd, 0xcc, 0xcf,
    0x90, 0x0, 0x0, 0x0, 0x0, 0x1f, 0xb0, 0x0,
    0xbe, 0xca, 0xcf, 0xd0, 0x0, 0x0, 0x0, 0x0,
    0x1, 0xfb, 0x0, 0x0, 0x0, 0xd, 0xf2, 0x0,
    0x2f, 0xff, 0xff, 0xff, 0xff, 0xb0, 0x0, 0x0,
    0x9, 0xf5, 0x0, 0x1, 0xfe, 0xaa, 0xaa, 0xaa,
    0xfc, 0x0, 0x0, 0x7, 0xf8, 0x0, 0x0, 0x1f,
    0xb0, 0x0, 0x0, 0x1f, 0xc0, 0x0, 0x7, 0xfa,
    0x0, 0x36, 0x81, 0xfb, 0x0, 0x0, 0x0, 0x0,
    0x0, 0x5, 0xff, 0xbe, 0xff, 0xfe, 0x1f, 0xb0,
    0x0, 0x0, 0x0, 0x0, 0x0, 0x1f, 0xfe, 0xb8,
    0x53, 0x11, 0xfb, 0x0, 0x0, 0x0, 0x0, 0x0,
    0x0, 0x42, 0x0, 0x0, 0x0, 0x1f, 0xb0, 0x0,
    0x0, 0x0, 0x0, 0x0, 0x0, 0x0, 0x0, 0x1,
    0x41, 0xfb, 0x0, 0x0, 0x0, 0x0, 0x0, 0x0,
    0x2, 0x58, 0xbe, 0xff, 0x1f, 0xb0, 0x0, 0x0,
    0x0, 0xc9, 0x10, 0xdf, 0xff, 0xff, 0xd9, 0x61,
    0xfc, 0x0, 0x0, 0x0, 0x5f, 0xf0, 0xa, 0xfb,
    0x73, 0x0, 0x0, 0xf, 0xf9, 0x88, 0x88, 0x9f,
    0xf8, 0x0, 0x10, 0x0, 0x0, 0x0, 0x0, 0x6e,
    0xff, 0xff, 0xff, 0xe9, 0x0,

    /* U+7ED3 "结" */
    0x0, 0x0, 0x0, 0x0, 0x0, 0x0, 0x0, 0x5,
    0x60, 0x0, 0x0, 0x0, 0x0, 0x8, 0xd6, 0x0,
    0x0, 0x0, 0x0, 0xef, 0x0, 0x0, 0x0, 0x0,
    0x0, 0xdf, 0x80, 0x0, 0x0, 0x0, 0xe, 0xf0,
    0x0, 0x0, 0x0, 0x0, 0x3f, 0xd0, 0x0, 0x0,
    0x0, 0x0, 0xde, 0x0, 0x0, 0x0, 0x0, 0xb,
    0xf4, 0x0, 0x1, 0xba, 0xaa, 0xaf, 0xfa, 0xaa,
    0xaa, 0xa0, 0x3, 0xfb, 0x0, 0x78, 0x2f, 0xee,
    0xdd, 0xff, 0xdd, 0xde, 0xed, 0x0, 0xdf, 0x20,
    0xe, 0xf7, 0x0, 0x0, 0xd, 0xe0, 0x0, 0x0,
    0x0, 0x9f, 0x90, 0x17, 0xfb, 0x0, 0x0, 0x0,
    0xde, 0x0, 0x0, 0x0, 0x2f, 0xff, 0xff, 0xff,
    0x10, 0x1, 0x10, 0xd, 0xe0, 0x1, 0x11, 0x0,
    0xcb, 0x97, 0xef, 0x60, 0x4, 0xff, 0xff, 0xff,
    0xff, 0xff, 0x90, 0x0, 0x0, 0x3f, 0xb0, 0x0,
    0x28, 0x77, 0x77, 0x77, 0x77, 0x75, 0x0, 0x0,
    0xd, 0xf1, 0x0, 0x0, 0x0, 0x0, 0x0, 0x0,
    0x0, 0x0, 0x0, 0x9, 0xf6, 0x0, 0x0, 0x0,
    0x0, 0x0, 0x0, 0x0, 0x0, 0x0, 0x8, 0xfc,
    0x25, 0x7a, 0x20, 0xcf, 0xff, 0xff, 0xff, 0xff,
    0x20, 0xa, 0xff, 0xff, 0xff, 0xf1, 0xb, 0xf7,
    0x77, 0x77, 0x7d, 0xf1, 0x0, 0x6f, 0xc9, 0x74,
    0x21, 0x0, 0xbf, 0x10, 0x0, 0x0, 0xbf, 0x10,
    0x0, 0x0, 0x0, 0x0, 0x0, 0xb, 0xf1, 0x0,
    0x0, 0xb, 0xf1, 0x0, 0x0, 0x0, 0x0, 0x14,
    0x20, 0xbf, 0x10, 0x0, 0x0, 0xbf, 0x10, 0x15,
    0x68, 0xac, 0xff, 0xf5, 0xb, 0xf8, 0x88, 0x88,
    0x8d, 0xf1, 0x0, 0xff, 0xff, 0xfd, 0xa7, 0x10,
    0xbf, 0xff, 0xff, 0xff, 0xff, 0x10, 0x9, 0xa6,
    0x30, 0x0, 0x0, 0xb, 0xf1, 0x0, 0x0, 0xb,
    0xf1, 0x0, 0x0, 0x0, 0x0, 0x0, 0x0, 0xcf,
    0x10, 0x0, 0x0, 0xbf, 0x20, 0x0, 0x0, 0x0,
    0x0, 0x0, 0x2, 0x30, 0x0, 0x0, 0x0, 0x0,
    0x0,

    /* U+7EDC "络" */
    0x0, 0x0, 0x0, 0x0, 0x0, 0x0, 0x2, 0x0,
    0x0, 0x0, 0x0, 0x0, 0x0, 0x0, 0x32, 0x0,
    0x0, 0x0, 0x5f, 0xd0, 0x0, 0x0, 0x0, 0x0,
    0x0, 0x0, 0x9f, 0x70, 0x0, 0x0, 0xaf, 0x70,
    0x0, 0x0, 0x0, 0x0, 0x0, 0x0, 0xef, 0x20,
    0x0, 0x0, 0xff, 0x98, 0x88, 0x88, 0x85, 0x0,
    0x0, 0x5, 0xf8, 0x0, 0x0, 0x7, 0xff, 0xff,
    0xff, 0xff, 0xf2, 0x0, 0x0, 0xc, 0xf1, 0x7,
    0x10, 0x1f, 0xfe, 0x0, 0x0, 0x6f, 0xa0, 0x0,
    0x0, 0x4f, 0x70, 0x1f, 0xf1, 0x9f, 0xdf, 0x70,
    0x1, 0xef, 0x10, 0x0, 0x1, 0xee, 0x0, 0x8f,
    0x85, 0xfc, 0xe, 0xf2, 0xb, 0xf6, 0x0, 0x0,
    0xc, 0xfb, 0x77, 0xfe, 0xa, 0xf2, 0x6, 0xfc,
    0x9f, 0xa0, 0x0, 0x0, 0xe, 0xff, 0xef, 0xf5,
    0x0, 0x20, 0x0, 0xbf, 0xfc, 0x0, 0x0, 0x0,
    0x4, 0x30, 0x1f, 0xc0, 0x0, 0x0, 0x4, 0xef,
    0xfd, 0x40, 0x0, 0x0, 0x0, 0x0, 0x9f, 0x30,
    0x0, 0x6, 0xdf, 0xe6, 0x8f, 0xfd, 0x83, 0x0,
    0x0, 0x3, 0xf9, 0x0, 0x1b, 0xff, 0xf9, 0x10,
    0x1, 0x9f, 0xff, 0xf2, 0x0, 0x1d, 0xe1, 0x14,
    0x3a, 0xfd, 0x87, 0x77, 0x77, 0x78, 0xdd, 0xc0,
    0x2, 0xdf, 0xef, 0xff, 0x81, 0xa, 0xff, 0xff,
    0xff, 0xff, 0xb0, 0x10, 0x0, 0xff, 0xfc, 0x97,
    0x30, 0x9, 0xf1, 0x0, 0x0, 0x1f, 0xa0, 0x0,
    0x0, 0x42, 0x0, 0x0, 0x0, 0x9, 0xf1, 0x0,
    0x0, 0x1f, 0x90, 0x0, 0x0, 0x0, 0x0, 0x4,
    0x80, 0x9, 0xf1, 0x0, 0x0, 0x1f, 0x90, 0x0,
    0x0, 0x4, 0x7b, 0xff, 0xf0, 0x9, 0xf1, 0x0,
    0x0, 0x1f, 0x90, 0x0, 0x4, 0xff, 0xfe, 0xa5,
    0x10, 0x9, 0xff, 0xff, 0xff, 0xff, 0x90, 0x0,
    0x0, 0xda, 0x50, 0x0, 0x0, 0xa, 0xf9, 0x88,
    0x88, 0x9f, 0xa0, 0x0, 0x0, 0x0, 0x0, 0x0,
    0x0, 0xa, 0xf1, 0x0, 0x0, 0x1f, 0xa0, 0x0,
    0x0, 0x0, 0x0, 0x0, 0x0, 0x2, 0x30, 0x0,
    0x0, 0x0, 0x0, 0x0,

    /* U+7EED "续" */
    0x0, 0x0, 0x0, 0x0, 0x0, 0x0, 0x0, 0x6,
    0x60, 0x0, 0x0, 0x0, 0x0, 0x0, 0x8d, 0x80,
    0x0, 0x0, 0x0, 0xe, 0xf0, 0x0, 0x0, 0x0,
    0x0, 0x0, 0xdf, 0x50, 0x0, 0x11, 0x0, 0xd,
    0xe0, 0x0, 0x11, 0x10, 0x0, 0x3, 0xfb, 0x0,
    0x0, 0xff, 0xff, 0xff, 0xff, 0xff, 0xff, 0xa0,
    0x0, 0xb, 0xf3, 0x0, 0x0, 0x66, 0x65, 0x5e,
    0xf5, 0x55, 0x66, 0x40, 0x0, 0x2f, 0xb0, 0xe,
    0xa1, 0x0, 0x0, 0xd, 0xe0, 0x0, 0x0, 0x0,
    0x0, 0xbf, 0x40, 0x5f, 0xa0, 0xdc, 0xcc, 0xcf,
    0xfc, 0xcc, 0xcc, 0x30, 0x6, 0xfc, 0x0, 0xcf,
    0x10, 0xaa, 0x99, 0x99, 0x99, 0x99, 0xff, 0x0,
    0xd, 0xff, 0xff, 0xf7, 0x0, 0x2, 0x80, 0x1,
    0x53, 0x2, 0xfb, 0x0, 0x6, 0xb8, 0x6e, 0xe0,
    0x0, 0xb, 0xfc, 0x24, 0xfb, 0x6, 0xf5, 0x0,
    0x0, 0x0, 0x6f, 0x60, 0x0, 0x0, 0x9f, 0xd4,
    0xf9, 0x0, 0x10, 0x0, 0x0, 0x1, 0xec, 0x0,
    0x0, 0xb7, 0x6, 0x14, 0xf7, 0x0, 0x0, 0x0,
    0x0, 0xb, 0xf3, 0x0, 0x0, 0xbf, 0xa0, 0x4,
    0xf7, 0x0, 0x0, 0x0, 0x1, 0xcf, 0xe8, 0xac,
    0x40, 0xa, 0xf5, 0x5, 0xf6, 0x0, 0x0, 0x0,
    0x0, 0xef, 0xff, 0xdb, 0x20, 0x0, 0x40, 0x6,
    0xf5, 0x0, 0x0, 0x0, 0x0, 0x55, 0x20, 0x0,
    0x2, 0xff, 0xff, 0xff, 0xff, 0xff, 0xff, 0xd0,
    0x0, 0x0, 0x0, 0x0, 0x1, 0x88, 0x77, 0x7f,
    0xf7, 0x77, 0x77, 0x60, 0x0, 0x0, 0x13, 0x68,
    0x60, 0x0, 0x0, 0x9f, 0x80, 0x30, 0x0, 0x0,
    0x6, 0xef, 0xff, 0xff, 0x90, 0x0, 0x9, 0xfd,
    0x8, 0xfa, 0x20, 0x0, 0x3, 0xfe, 0xa7, 0x31,
    0x1, 0x48, 0xef, 0xd2, 0x4, 0xcf, 0xf9, 0x10,
    0x0, 0x20, 0x0, 0x0, 0x4f, 0xff, 0xe7, 0x0,
    0x0, 0x6, 0xef, 0xd0, 0x0, 0x0, 0x0, 0x0,
    0x7, 0xd6, 0x0, 0x0, 0x0, 0x0, 0x19, 0x30,
    0x0, 0x0, 0x0, 0x0, 0x0, 0x0, 0x0, 0x0,
    0x0, 0x0, 0x0, 0x0,

    /* U+7F51 "网" */
    0x88, 0x88, 0x88, 0x88, 0x88, 0x88, 0x88, 0x88,
    0x88, 0x88, 0xef, 0xff, 0xff, 0xff, 0xff, 0xff,
    0xff, 0xff, 0xff, 0xfe, 0xdf, 0x10, 0x0, 0x0,
    0x0, 0x0, 0x0, 0x0, 0x1, 0xfd, 0xcf, 0x10,
    0x0, 0x0, 0x30, 0x0, 0x0, 0x2, 0x1, 0xfc,
    0xcf, 0x11, 0x30, 0x0, 0xfe, 0x20, 0x0, 0x2f,
    0x91, 0xfc, 0xcf, 0x3f, 0xe0, 0x3, 0xfc, 0x3,
    0x0, 0x6f, 0xa1, 0xfc, 0xcf, 0x17, 0xf7, 0x7,
    0xf5, 0xbf, 0x30, 0xaf, 0x31, 0xfc, 0xcf, 0x10,
    0xdf, 0x2c, 0xf0, 0x5f, 0xb0, 0xed, 0x1, 0xfc,
    0xcf, 0x10, 0x3f, 0xbf, 0xa0, 0xb, 0xf8, 0xf8,
    0x1, 0xfc, 0xcf, 0x10, 0xa, 0xff, 0x40, 0x2,
    0xff, 0xf2, 0x1, 0xfc, 0xcf, 0x10, 0x2, 0xff,
    0x0, 0x0, 0x9f, 0xc0, 0x1, 0xfc, 0xcf, 0x10,
    0x6, 0xff, 0x70, 0x0, 0x9f, 0xe0, 0x1, 0xfc,
    0xcf, 0x10, 0xe, 0xee, 0xf2, 0x2, 0xff, 0xf7,
    0x1, 0xfc, 0xcf, 0x10, 0x8f, 0x67, 0xfb, 0xc,
    0xf6, 0xff, 0x11, 0xfc, 0xcf, 0x12, 0xfd, 0x0,
    0xc3, 0x7f, 0xb0, 0x9f, 0x91, 0xfc, 0xcf, 0x1b,
    0xf4, 0x0, 0x5, 0xff, 0x10, 0x1f, 0xc1, 0xfc,
    0xcf, 0x6f, 0xb0, 0x0, 0x1e, 0xf5, 0x0, 0x1,
    0x1, 0xfc, 0xcf, 0x13, 0x10, 0x0, 0x0, 0x60,
    0x0, 0x0, 0x1, 0xfc, 0xdf, 0x10, 0x0, 0x0,
    0x0, 0x0, 0x0, 0x0, 0x5, 0xfc, 0xdf, 0x10,
    0x0, 0x0, 0x0, 0x0, 0x0, 0xc, 0xff, 0xfa,
    0xff, 0x10, 0x0, 0x0, 0x0, 0x0, 0x0, 0x4,
    0xeb, 0x81,

    /* U+7F6E "置" */
    0x0, 0x45, 0x55, 0x55, 0x55, 0x55, 0x55, 0x55,
    0x55, 0x53, 0x0, 0x0, 0xcf, 0xee, 0xee, 0xfe,
    0xee, 0xef, 0xee, 0xee, 0xfa, 0x0, 0x0, 0xbf,
    0x0, 0x6, 0xe0, 0x0, 0x5f, 0x20, 0x2, 0xfa,
    0x0, 0x0, 0xcf, 0x44, 0x48, 0xf4, 0x44, 0x8f,
    0x64, 0x46, 0xf9, 0x0, 0x0, 0xcf, 0xff, 0xff,
    0xff, 0xff, 0xff, 0xff, 0xff, 0xfa, 0x0, 0x0,
    0x0, 0x0, 0x0, 0x0, 0xcb, 0x10, 0x0, 0x0,
    0x0, 0x0, 0x6, 0x88, 0x77, 0x77, 0x77, 0xff,
    0x77, 0x77, 0x77, 0x88, 0x0, 0xc, 0xff, 0xff,
    0xff, 0xff, 0xff, 0xff, 0xff, 0xff, 0xff, 0x10,
    0x0, 0x0, 0x0, 0x0, 0x5, 0xf7, 0x0, 0x0,
    0x0, 0x0, 0x0, 0x0, 0x0, 0xcf, 0xff, 0xff,
    0xff, 0xff, 0xff, 0xf8, 0x0, 0x0, 0x0, 0x0,
    0xdd, 0x55, 0x55, 0x55, 0x55, 0x56, 0xf7, 0x0,
    0x0, 0x0, 0x0, 0xcc, 0x22, 0x22, 0x22, 0x22,
    0x22, 0xf7, 0x0, 0x0, 0x0, 0x0, 0xcf, 0xff,
    0xff, 0xff, 0xff, 0xff, 0xf7, 0x0, 0x0, 0x0,
    0x0, 0xcc, 0x11, 0x11, 0x11, 0x11, 0x12, 0xf7,
    0x0, 0x0, 0x0, 0x0, 0xce, 0xbb, 0xbb, 0xbb,
    0xbb, 0xbb, 0xf7, 0x0, 0x0, 0x0, 0x0, 0xce,
    0xbb, 0xbb, 0xbb, 0xbb, 0xbb, 0xf7, 0x0, 0x0,
    0x0, 0x0, 0xcd, 0x55, 0x55, 0x55, 0x55, 0x55,
    0xf7, 0x0, 0x0, 0x0, 0x0, 0xcf, 0xff, 0xff,
    0xff, 0xff, 0xff, 0xf7, 0x0, 0x0, 0x0, 0x0,
    0xcb, 0x0, 0x0, 0x0, 0x0, 0x0, 0xf7, 0x0,
    0x0, 0x8f, 0xff, 0xff, 0xff, 0xff, 0xff, 0xff,
    0xff, 0xff, 0xff, 0xf9, 0x25, 0x54, 0x44, 0x44,
    0x44, 0x44, 0x44, 0x44, 0x44, 0x44, 0x53,

    /* U+81EA "自" */
    0x0, 0x0, 0x0, 0x57, 0x30, 0x0, 0x0, 0x0,
    0x0, 0x0, 0x0, 0x0, 0x9f, 0xa0, 0x0, 0x0,
    0x0, 0x0, 0x0, 0x0, 0x0, 0xbf, 0x40, 0x0,
    0x0, 0x0, 0x0, 0x0, 0x0, 0x0, 0xdf, 0x0,
    0x0, 0x0, 0x0, 0x0, 0xf, 0xff, 0xff, 0xff,
    0xff, 0xff, 0xff, 0xff, 0xf2, 0xf, 0xea, 0xaa,
    0xaa, 0xaa, 0xaa, 0xaa, 0xae, 0xf1, 0xf, 0xd0,
    0x0, 0x0, 0x0, 0x0, 0x0, 0xb, 0xf1, 0xf,
    0xd0, 0x0, 0x0, 0x0, 0x0, 0x0, 0xb, 0xf1,
    0xf, 0xd0, 0x0, 0x0, 0x0, 0x0, 0x0, 0xb,
    0xf1, 0xf, 0xff, 0xff, 0xff, 0xff, 0xff, 0xff,
    0xff, 0xf1, 0xf, 0xe7, 0x77, 0x77, 0x77, 0x77,
    0x77, 0x7d, 0xf1, 0xf, 0xd0, 0x0, 0x0, 0x0,
    0x0, 0x0, 0xb, 0xf1, 0xf, 0xd0, 0x0, 0x0,
    0x0, 0x0, 0x0, 0xb, 0xf1, 0xf, 0xe8, 0x88,
    0x88, 0x88, 0x88, 0x88, 0x8d, 0xf1, 0xf, 0xff,
    0xff, 0xff, 0xff, 0xff, 0xff, 0xff, 0xf1, 0xf,
    0xd0, 0x0, 0x0, 0x0, 0x0, 0x0, 0xb, 0xf1,
    0xf, 0xd0, 0x0, 0x0, 0x0, 0x0, 0x0, 0xb,
    0xf1, 0xf, 0xd0, 0x0, 0x0, 0x0, 0x0, 0x0,
    0xb, 0xf1, 0xf, 0xff, 0xff, 0xff, 0xff, 0xff,
    0xff, 0xff, 0xf1, 0xf, 0xe8, 0x88, 0x88, 0x88,
    0x88, 0x88, 0x8d, 0xf1, 0xf, 0xd0, 0x0, 0x0,
    0x0, 0x0, 0x0, 0xb, 0xf2, 0xf, 0xd0, 0x0,
    0x0, 0x0, 0x0, 0x0, 0xb, 0xf2,

    /* U+8272 "色" */
    0x0, 0x0, 0x0, 0x2, 0x10, 0x0, 0x0, 0x0,
    0x0, 0x0, 0x0, 0x0, 0x0, 0x0, 0xc, 0xf7,
    0x0, 0x0, 0x0, 0x0, 0x0, 0x0, 0x0, 0x0,
    0x0, 0x4f, 0xd1, 0x0, 0x0, 0x0, 0x0, 0x0,
    0x0, 0x0, 0x0, 0x1, 0xef, 0xb8, 0x88, 0x88,
    0x88, 0x40, 0x0, 0x0, 0x0, 0x0, 0xb, 0xff,
    0xff, 0xff, 0xff, 0xfd, 0x0, 0x0, 0x0, 0x0,
    0x0, 0x9f, 0xb0, 0x0, 0x0, 0xd, 0xf3, 0x0,
    0x0, 0x0, 0x0, 0x1b, 0xfc, 0x0, 0x0, 0x0,
    0x7f, 0x80, 0x0, 0x0, 0x0, 0x4, 0xef, 0xd1,
    0x0, 0x0, 0x3, 0xfd, 0x10, 0x0, 0x0, 0x0,
    0x3f, 0xfc, 0xff, 0xff, 0xff, 0xff, 0xff, 0xff,
    0xff, 0xa0, 0x0, 0x3, 0x81, 0xfe, 0x77, 0x77,
    0xcf, 0x87, 0x77, 0x9f, 0x90, 0x0, 0x0, 0x1,
    0xfc, 0x0, 0x0, 0xaf, 0x20, 0x0, 0x3f, 0x90,
    0x0, 0x0, 0x1, 0xfc, 0x0, 0x0, 0xaf, 0x20,
    0x0, 0x3f, 0x90, 0x0, 0x0, 0x1, 0xfc, 0x22,
    0x22, 0xbf, 0x32, 0x22, 0x5f, 0x90, 0x0, 0x0,
    0x1, 0xff, 0xff, 0xff, 0xff, 0xff, 0xff, 0xff,
    0x90, 0x0, 0x0, 0x1, 0xfd, 0x44, 0x44, 0x44,
    0x44, 0x44, 0x7f, 0xa0, 0x0, 0x0, 0x1, 0xfc,
    0x0, 0x0, 0x0, 0x0, 0x0, 0x2b, 0x80, 0x0,
    0x0, 0x1, 0xfc, 0x0, 0x0, 0x0, 0x0, 0x0,
    0x0, 0x0, 0x0, 0x0, 0x1, 0xfc, 0x0, 0x0,
    0x0, 0x0, 0x0, 0x0, 0x0, 0x0, 0x0, 0x1,
    0xfc, 0x0, 0x0, 0x0, 0x0, 0x0, 0x0, 0x8,
    0x30, 0x0, 0x0, 0xff, 0x10, 0x0, 0x0, 0x0,
    0x0, 0x0, 0x3f, 0xd0, 0x0, 0x0, 0xdf, 0xeb,
    0xbb, 0xbb, 0xbb, 0xbb, 0xbb, 0xff, 0x50, 0x0,
    0x0, 0x3b, 0xee, 0xee, 0xee, 0xee, 0xee, 0xed,
    0xb4, 0x0,

    /* U+8282 "节" */
    0x0, 0x0, 0x0, 0x68, 0x20, 0x0, 0x7, 0x82,
    0x0, 0x0, 0x0, 0x0, 0x0, 0x0, 0xaf, 0x40,
    0x0, 0xd, 0xf3, 0x0, 0x0, 0x0, 0x0, 0x0,
    0x0, 0xaf, 0x30, 0x0, 0xd, 0xf2, 0x0, 0x0,
    0x0, 0x79, 0x88, 0x88, 0xdf, 0xa8, 0x88, 0x8e,
    0xfa, 0x88, 0x89, 0x95, 0xbf, 0xff, 0xff, 0xff,
    0xff, 0xff, 0xff, 0xff, 0xff, 0xff, 0xf9, 0x21,
    0x10, 0x0, 0xaf, 0x40, 0x0, 0xd, 0xf3, 0x0,
    0x1, 0x11, 0x0, 0x0, 0x0, 0xbf, 0x40, 0x0,
    0xd, 0xf3, 0x0, 0x0, 0x0, 0x0, 0x0, 0x0,
    0xbf, 0x40, 0x0, 0xe, 0xf3, 0x0, 0x0, 0x0,
    0x0, 0x0, 0x0, 0x1, 0x0, 0x0, 0x0, 0x10,
    0x0, 0x0, 0x0, 0xf, 0xff, 0xff, 0xff, 0xff,
    0xff, 0xff, 0xff, 0xff, 0xff, 0x20, 0xa, 0xaa,
    0xaa, 0xaa, 0xff, 0xaa, 0xaa, 0xaa, 0xaa, 0xff,
    0x10, 0x0, 0x0, 0x0, 0x0, 0xfe, 0x0, 0x0,
    0x0, 0x0, 0xff, 0x0, 0x0, 0x0, 0x0, 0x0,
    0xfe, 0x0, 0x0, 0x0, 0x0, 0xff, 0x0, 0x0,
    0x0, 0x0, 0x0, 0xfe, 0x0, 0x0, 0x0, 0x1,
    0xfe, 0x0, 0x0, 0x0, 0x0, 0x0, 0xfe, 0x0,
    0x0, 0x0, 0x2, 0xfd, 0x0, 0x0, 0x0, 0x0,
    0x0, 0xfe, 0x0, 0x0, 0x0, 0x3, 0xfc, 0x0,
    0x0, 0x0, 0x0, 0x0, 0xfe, 0x0, 0x0, 0x23,
    0x4c, 0xf9, 0x0, 0x0, 0x0, 0x0, 0x0, 0xfe,
    0x0, 0x0, 0xdf, 0xff, 0xf3, 0x0, 0x0, 0x0,
    0x0, 0x0, 0xfe, 0x0, 0x0, 0x7f, 0xc8, 0x20,
    0x0, 0x0, 0x0, 0x0, 0x0, 0xff, 0x0, 0x0,
    0x0, 0x0, 0x0, 0x0, 0x0, 0x0, 0x0, 0x0,
    0xff, 0x0, 0x0, 0x0, 0x0, 0x0, 0x0, 0x0,
    0x0, 0x0, 0x1, 0xff, 0x0, 0x0, 0x0, 0x0,
    0x0, 0x0,

    /* U+84DD "蓝" */
    0x0, 0x0, 0x0, 0x0, 0xb9, 0x0, 0x0, 0x6c,
    0x50, 0x0, 0x0, 0x0, 0x0, 0x0, 0x0, 0x0,
    0xfb, 0x0, 0x0, 0x7f, 0x40, 0x0, 0x0, 0x0,
    0x5, 0x98, 0x88, 0x88, 0xfd, 0x88, 0x88, 0xbf,
    0xa8, 0x88, 0x89, 0x94, 0x9, 0xff, 0xff, 0xff,
    0xff, 0xff, 0xff, 0xff, 0xff, 0xff, 0xff, 0xf6,
    0x0, 0x0, 0x0, 0x0, 0xfb, 0x0, 0x0, 0x6f,
    0x40, 0x0, 0x0, 0x10, 0x0, 0x0, 0x0, 0x0,
    0x97, 0x0, 0x0, 0x5b, 0x40, 0x0, 0x0, 0x0,
    0x0, 0x0, 0x0, 0x0, 0x68, 0x10, 0x0, 0x97,
    0x20, 0x0, 0x0, 0x0, 0x0, 0x2, 0xf9, 0x0,
    0xcf, 0x10, 0x0, 0xff, 0x40, 0x0, 0x0, 0x0,
    0x0, 0x2, 0xf9, 0x0, 0xbf, 0x10, 0x6, 0xfe,
    0x88, 0x89, 0x99, 0x20, 0x0, 0x2, 0xf9, 0x0,
    0xbf, 0x10, 0xe, 0xff, 0xff, 0xff, 0xff, 0x30,
    0x0, 0x2, 0xf9, 0x0, 0xbf, 0x10, 0x9f, 0x90,
    0x18, 0x0, 0x0, 0x0, 0x0, 0x2, 0xf9, 0x0,
    0xbf, 0x15, 0xfe, 0x10, 0xaf, 0x90, 0x0, 0x0,
    0x0, 0x2, 0xf9, 0x0, 0xbf, 0x1a, 0xf5, 0x0,
    0xd, 0xf6, 0x0, 0x0, 0x0, 0x2, 0xb7, 0x0,
    0xbe, 0x20, 0x40, 0x0, 0x3, 0xf6, 0x0, 0x0,
    0x0, 0x0, 0x0, 0x0, 0x0, 0x0, 0x0, 0x0,
    0x0, 0x10, 0x0, 0x0, 0x0, 0x0, 0xff, 0xff,
    0xff, 0xff, 0xff, 0xff, 0xff, 0xff, 0xc0, 0x0,
    0x0, 0x0, 0xfe, 0x77, 0x7f, 0xd7, 0x77, 0xfc,
    0x77, 0x8f, 0xb0, 0x0, 0x0, 0x0, 0xfd, 0x0,
    0xf, 0xc0, 0x1, 0xf9, 0x0, 0x1f, 0xb0, 0x0,
    0x0, 0x0, 0xfd, 0x0, 0xf, 0xc0, 0x1, 0xf9,
    0x0, 0x1f, 0xb0, 0x0, 0x0, 0x0, 0xfd, 0x0,
    0xf, 0xc0, 0x1, 0xf9, 0x0, 0x1f, 0xb0, 0x0,
    0xa, 0xa9, 0xfe, 0x99, 0x9f, 0xe9, 0x9a, 0xfd,
    0x99, 0xaf, 0xd9, 0xa6, 0x1f, 0xff, 0xee, 0xee,
    0xee, 0xee, 0xee, 0xee, 0xee, 0xee, 0xee, 0xf9,

    /* U+85CF "藏" */
    0x0, 0x0, 0x0, 0x0, 0x65, 0x0, 0x1, 0x85,
    0x0, 0x0, 0x0, 0x0, 0x0, 0x0, 0x0, 0x0,
    0xfb, 0x0, 0x1, 0xf9, 0x0, 0x0, 0x0, 0x0,
    0x2, 0x76, 0x55, 0x55, 0xfc, 0x55, 0x56, 0xfb,
    0x55, 0x55, 0x67, 0x30, 0x3, 0xff, 0xff, 0xff,
    0xff, 0xff, 0xff, 0xff, 0xff, 0xff, 0xff, 0x60,
    0x0, 0x10, 0x0, 0x0, 0xfa, 0x0, 0x1, 0xf9,
    0x0, 0x9, 0x51, 0x0, 0x0, 0x0, 0x0, 0x0,
    0x85, 0x0, 0x0, 0x26, 0x92, 0xc, 0xf1, 0x0,
    0x0, 0xdb, 0x2, 0x55, 0x55, 0x55, 0x55, 0x5a,
    0xf7, 0x56, 0x86, 0x10, 0x0, 0xca, 0x8, 0xff,
    0xff, 0xff, 0xff, 0xff, 0xff, 0xff, 0xff, 0x30,
    0x0, 0xca, 0x8, 0xf3, 0x0, 0x0, 0x0, 0x3,
    0xf5, 0x0, 0x1, 0x0, 0x0, 0xcc, 0x7b, 0xf3,
    0xae, 0xdd, 0xdd, 0xc1, 0xf7, 0x0, 0x40, 0x0,
    0x0, 0xdf, 0xff, 0xf3, 0xbf, 0x9c, 0xf9, 0x80,
    0xf9, 0x3, 0xfb, 0x0, 0x0, 0x0, 0x8, 0xf3,
    0xad, 0x6, 0xf1, 0x0, 0xdb, 0x6, 0xf7, 0x0,
    0x0, 0x0, 0x7, 0xf2, 0xae, 0x5a, 0xf6, 0x50,
    0xbe, 0x9, 0xf2, 0x0, 0xa, 0xaa, 0x9c, 0xf2,
    0xaf, 0xff, 0xff, 0xf0, 0x8f, 0x1e, 0xd0, 0x0,
    0xa, 0xcf, 0xbd, 0xf2, 0xad, 0x0, 0x8, 0xf0,
    0x4f, 0x8f, 0x80, 0x0, 0x0, 0x7f, 0x9, 0xf1,
    0xaf, 0xee, 0xef, 0xf0, 0xf, 0xff, 0x20, 0x0,
    0x0, 0x9f, 0xa, 0xf0, 0xae, 0x6a, 0xf7, 0x60,
    0xb, 0xfa, 0x0, 0x0, 0x0, 0xeb, 0xd, 0xd0,
    0xad, 0x6, 0xf1, 0x0, 0x1e, 0xf7, 0x0, 0x0,
    0x4, 0xf6, 0x1f, 0xa0, 0xae, 0x7a, 0xf7, 0x70,
    0xbf, 0xfe, 0x6, 0x40, 0xc, 0xe1, 0x6f, 0x60,
    0xaf, 0xff, 0xff, 0xfa, 0xf9, 0x7f, 0x9a, 0xf0,
    0x7, 0x60, 0xdf, 0x10, 0x0, 0x0, 0x7, 0xef,
    0x60, 0xa, 0xff, 0xc0, 0x0, 0x4, 0xf9, 0x0,
    0x0, 0x0, 0x6, 0xc2, 0x0, 0x0, 0x8e, 0x40,
    0x0, 0x0, 0x1, 0x0, 0x0, 0x0, 0x0, 0x0,
    0x0, 0x0, 0x0, 0x0,

    /* U+884C "行" */
    0x0, 0x0, 0x7, 0x40, 0x0, 0x0, 0x0, 0x0,
    0x0, 0x0, 0x0, 0x0, 0x0, 0x0, 0x2f, 0xf4,
    0x0, 0x1, 0x0, 0x0, 0x0, 0x0, 0x10, 0x0,
    0x0, 0x0, 0xbf, 0x70, 0x0, 0xf, 0xff, 0xff,
    0xff, 0xff, 0xf7, 0x0, 0x0, 0x7, 0xfb, 0x0,
    0x0, 0xa, 0x99, 0x99, 0x99, 0x9a, 0xa4, 0x0,
    0x0, 0x3f, 0xe1, 0x0, 0x0, 0x0, 0x0, 0x0,
    0x0, 0x0, 0x0, 0x0, 0x2, 0xef, 0x40, 0x0,
    0x0, 0x0, 0x0, 0x0, 0x0, 0x0, 0x0, 0x0,
    0xa, 0xf6, 0x0, 0xc6, 0x0, 0x0, 0x0, 0x0,
    0x0, 0x0, 0x0, 0x0, 0x0, 0x60, 0x8, 0xfe,
    0x30, 0x0, 0x0, 0x0, 0x0, 0x0, 0x0, 0x0,
    0x0, 0x0, 0x3f, 0xf3, 0x4, 0xcc, 0xbb, 0xbb,
    0xbb, 0xbb, 0xbc, 0xc2, 0x0, 0x0, 0xcf, 0x90,
    0x5, 0xff, 0xff, 0xff, 0xff, 0xff, 0xff, 0xf2,
    0x0, 0x9, 0xff, 0x10, 0x0, 0x0, 0x0, 0x0,
    0x5f, 0x80, 0x0, 0x0, 0x0, 0x6f, 0xff, 0x10,
    0x0, 0x0, 0x0, 0x0, 0x5f, 0x80, 0x0, 0x0,
    0x6, 0xfe, 0xcf, 0x10, 0x0, 0x0, 0x0, 0x0,
    0x5f, 0x80, 0x0, 0x0, 0xe, 0xf4, 0xbf, 0x10,
    0x0, 0x0, 0x0, 0x0, 0x5f, 0x80, 0x0, 0x0,
    0x3, 0x50, 0xbf, 0x10, 0x0, 0x0, 0x0, 0x0,
    0x5f, 0x80, 0x0, 0x0, 0x0, 0x0, 0xbf, 0x10,
    0x0, 0x0, 0x0, 0x0, 0x5f, 0x80, 0x0, 0x0,
    0x0, 0x0, 0xbf, 0x10, 0x0, 0x0, 0x0, 0x0,
    0x5f, 0x80, 0x0, 0x0, 0x0, 0x0, 0xbf, 0x10,
    0x0, 0x0, 0x0, 0x0, 0x5f, 0x80, 0x0, 0x0,
    0x0, 0x0, 0xbf, 0x10, 0x0, 0x0, 0x0, 0x0,
    0x5f, 0x80, 0x0, 0x0, 0x0, 0x0, 0xbf, 0x10,
    0x0, 0x0, 0x0, 0x10, 0x8f, 0x80, 0x0, 0x0,
    0x0, 0x0, 0xcf, 0x10, 0x0, 0x0, 0x0, 0xdf,
    0xff, 0x60, 0x0, 0x0, 0x0, 0x0, 0xcf, 0x20,
    0x0, 0x0, 0x0, 0x7e, 0xb7, 0x0, 0x0, 0x0,

    /* U+8981 "要" */
    0x5, 0x99, 0x88, 0x88, 0x88, 0x88, 0x88, 0x88,
    0x88, 0x88, 0x99, 0x30, 0x7, 0xee, 0xdd, 0xdd,
    0xef, 0xed, 0xde, 0xfe, 0xdd, 0xdd, 0xee, 0x40,
    0x0, 0x0, 0x0, 0x0, 0x7f, 0x50, 0x5, 0xf6,
    0x0, 0x0, 0x0, 0x0, 0x0, 0x0, 0x0, 0x0,
    0x7f, 0x50, 0x5, 0xf6, 0x0, 0x0, 0x0, 0x0,
    0x0, 0x9, 0xff, 0xff, 0xff, 0xff, 0xff, 0xff,
    0xff, 0xff, 0x90, 0x0, 0x0, 0x9, 0xfa, 0x88,
    0xcf, 0xb8, 0x8b, 0xfb, 0x88, 0xaf, 0x90, 0x0,
    0x0, 0x8, 0xf4, 0x0, 0x7f, 0x50, 0x5, 0xf6,
    0x0, 0x4f, 0x80, 0x0, 0x0, 0x8, 0xf4, 0x0,
    0x7f, 0x50, 0x5, 0xf6, 0x0, 0x4f, 0x80, 0x0,
    0x0, 0x9, 0xf8, 0x66, 0xaf, 0x96, 0x69, 0xfa,
    0x66, 0x8f, 0x90, 0x0, 0x0, 0x9, 0xff, 0xff,
    0xff, 0xff, 0xff, 0xff, 0xff, 0xff, 0x90, 0x0,
    0x0, 0x0, 0x0, 0x0, 0x1, 0xe7, 0x0, 0x0,
    0x0, 0x0, 0x0, 0x0, 0x0, 0x0, 0x0, 0x0,
    0xb, 0xfa, 0x0, 0x0, 0x0, 0x0, 0x0, 0x10,
    0x4f, 0xff, 0xff, 0xff, 0xff, 0xff, 0xff, 0xff,
    0xff, 0xff, 0xff, 0xf1, 0x29, 0x98, 0x88, 0x8b,
    0xfe, 0x88, 0x88, 0x9f, 0xf8, 0x88, 0x99, 0xa0,
    0x0, 0x0, 0x0, 0x3f, 0xe3, 0x0, 0x0, 0x9f,
    0x60, 0x0, 0x0, 0x0, 0x0, 0x0, 0x2, 0xef,
    0xc6, 0x20, 0x6, 0xfb, 0x0, 0x0, 0x0, 0x0,
    0x0, 0x0, 0x4, 0x8c, 0xff, 0xfe, 0xaf, 0xd1,
    0x0, 0x0, 0x0, 0x0, 0x0, 0x0, 0x0, 0x0,
    0x3, 0x8f, 0xff, 0xfb, 0x62, 0x0, 0x0, 0x0,
    0x0, 0x0, 0x0, 0x0, 0x4a, 0xff, 0x95, 0xaf,
    0xff, 0xd8, 0x30, 0x0, 0x3, 0x88, 0x9b, 0xdf,
    0xff, 0x92, 0x0, 0x0, 0x4a, 0xff, 0xfd, 0x20,
    0x0, 0xcf, 0xff, 0xd9, 0x50, 0x0, 0x0, 0x0,
    0x0, 0x17, 0xd6, 0x0, 0x0, 0x24, 0x20, 0x0,
    0x0, 0x0, 0x0, 0x0, 0x0, 0x0, 0x0, 0x0,

    /* U+8BA4 "认" */
    0x0, 0x0, 0x0, 0x0, 0x0, 0x0, 0x3, 0x20,
    0x0, 0x0, 0x0, 0x0, 0x0, 0xa9, 0x0, 0x0,
    0x0, 0x2, 0xff, 0x0, 0x0, 0x0, 0x0, 0x0,
    0x2e, 0xfa, 0x0, 0x0, 0x0, 0x2f, 0xe0, 0x0,
    0x0, 0x0, 0x0, 0x0, 0x2e, 0xf9, 0x0, 0x0,
    0x2, 0xfd, 0x0, 0x0, 0x0, 0x0, 0x0, 0x0,
    0x2e, 0xf3, 0x0, 0x0, 0x1f, 0xd0, 0x0, 0x0,
    0x0, 0x0, 0x0, 0x0, 0x43, 0x0, 0x0, 0x2,
    0xfd, 0x0, 0x0, 0x0, 0x0, 0x0, 0x0, 0x0,
    0x0, 0x0, 0x0, 0x2f, 0xe0, 0x0, 0x0, 0x0,
    0x1, 0x0, 0x0, 0x0, 0x0, 0x0, 0x3, 0xff,
    0x0, 0x0, 0x0, 0x0, 0xff, 0xff, 0xf2, 0x0,
    0x0, 0x0, 0x4f, 0xf1, 0x0, 0x0, 0x0, 0xa,
    0x99, 0xef, 0x20, 0x0, 0x0, 0x6, 0xff, 0x40,
    0x0, 0x0, 0x0, 0x0, 0xc, 0xf1, 0x0, 0x0,
    0x0, 0x8f, 0xf7, 0x0, 0x0, 0x0, 0x0, 0x0,
    0xcf, 0x10, 0x0, 0x0, 0xc, 0xff, 0xb0, 0x0,
    0x0, 0x0, 0x0, 0xc, 0xf1, 0x0, 0x0, 0x1,
    0xfc, 0xcf, 0x10, 0x0, 0x0, 0x0, 0x0, 0xcf,
    0x10, 0x11, 0x0, 0x7f, 0x77, 0xf6, 0x0, 0x0,
    0x0, 0x0, 0xc, 0xf1, 0xc, 0x90, 0xe, 0xf1,
    0x2f, 0xd0, 0x0, 0x0, 0x0, 0x0, 0xcf, 0x1b,
    0xfc, 0x7, 0xfa, 0x0, 0xcf, 0x50, 0x0, 0x0,
    0x0, 0xc, 0xfb, 0xfc, 0x12, 0xff, 0x20, 0x5,
    0xfd, 0x0, 0x0, 0x0, 0x0, 0xdf, 0xfc, 0x10,
    0xcf, 0x80, 0x0, 0xc, 0xf8, 0x0, 0x0, 0x0,
    0x2f, 0xfd, 0x10, 0xaf, 0xd0, 0x0, 0x0, 0x3f,
    0xf5, 0x0, 0x0, 0x1, 0xde, 0x10, 0x9f, 0xe2,
    0x0, 0x0, 0x0, 0x7f, 0xf6, 0x0, 0x0, 0x1,
    0x31, 0xcf, 0xf3, 0x0, 0x0, 0x0, 0x0, 0x9f,
    0xf9, 0x0, 0x0, 0x0, 0x19, 0xf4, 0x0, 0x0,
    0x0, 0x0, 0x0, 0x9b, 0x10, 0x0, 0x0, 0x0,
    0x1, 0x0, 0x0, 0x0, 0x0, 0x0, 0x0, 0x0,
    0x0,

    /* U+8BAE "议" */
    0x0, 0x0, 0x20, 0x0, 0x0, 0x0, 0x38, 0x40,
    0x0, 0x0, 0x0, 0x0, 0x0, 0x9f, 0x30, 0x0,
    0x0, 0x7, 0xf8, 0x0, 0x0, 0x0, 0x0, 0x0,
    0x5, 0xfc, 0x0, 0x0, 0x0, 0x3f, 0xc0, 0x0,
    0x75, 0x10, 0x0, 0x0, 0xd, 0xf5, 0x0, 0x1,
    0x0, 0xff, 0x0, 0xf, 0xf4, 0x0, 0x0, 0x0,
    0x5f, 0xb0, 0xf, 0xf0, 0xb, 0xf3, 0x1, 0xfe,
    0x0, 0x0, 0x0, 0x0, 0x50, 0x0, 0xdf, 0x10,
    0x8f, 0x60, 0x4f, 0xa0, 0x0, 0x0, 0x0, 0x0,
    0x0, 0xa, 0xf3, 0x5, 0xf9, 0x7, 0xf7, 0x0,
    0x0, 0x20, 0x0, 0x0, 0x0, 0x6f, 0x60, 0x2d,
    0x80, 0xaf, 0x40, 0x0, 0x1f, 0xff, 0xff, 0x10,
    0x2, 0xfb, 0x0, 0x0, 0xe, 0xf0, 0x0, 0x0,
    0xa9, 0x9e, 0xf0, 0x0, 0xd, 0xf0, 0x0, 0x2,
    0xfd, 0x0, 0x0, 0x0, 0x0, 0xcf, 0x0, 0x0,
    0x8f, 0x60, 0x0, 0x6f, 0x90, 0x0, 0x0, 0x0,
    0xc, 0xf0, 0x0, 0x2, 0xfd, 0x0, 0xb, 0xf4,
    0x0, 0x0, 0x0, 0x0, 0xcf, 0x0, 0x0, 0xb,
    0xf6, 0x1, 0xff, 0x0, 0x0, 0x0, 0x0, 0xc,
    0xf0, 0x0, 0x0, 0x3f, 0xf1, 0x8f, 0x90, 0x0,
    0x0, 0x0, 0x0, 0xcf, 0x0, 0x30, 0x0, 0x9f,
    0xbe, 0xf2, 0x0, 0x0, 0x0, 0x0, 0xc, 0xf0,
    0x3f, 0x80, 0x0, 0xdf, 0xfa, 0x0, 0x0, 0x0,
    0x0, 0x0, 0xcf, 0x2e, 0xf6, 0x0, 0xa, 0xff,
    0xa0, 0x0, 0x0, 0x0, 0x0, 0xc, 0xfd, 0xf6,
    0x0, 0x7, 0xff, 0xff, 0xb1, 0x0, 0x0, 0x0,
    0x0, 0xdf, 0xf7, 0x0, 0x9, 0xff, 0x33, 0xef,
    0xe6, 0x0, 0x0, 0x0, 0x5f, 0xf8, 0x0, 0x4d,
    0xfe, 0x30, 0x2, 0xdf, 0xfe, 0x83, 0x0, 0xc,
    0xfa, 0x4, 0xcf, 0xfd, 0x20, 0x0, 0x0, 0x8f,
    0xff, 0x60, 0x0, 0x1b, 0x0, 0x3e, 0xf9, 0x0,
    0x0, 0x0, 0x0, 0x2b, 0xa0, 0x0, 0x0, 0x0,
    0x0, 0x14, 0x0, 0x0, 0x0, 0x0, 0x0, 0x0,
    0x0,

    /* U+8BB0 "记" */
    0x0, 0xb, 0x20, 0x0, 0x0, 0x0, 0x0, 0x0,
    0x0, 0x0, 0x0, 0x0, 0x6, 0xff, 0x40, 0x0,
    0xbb, 0xaa, 0xaa, 0xaa, 0xaa, 0xa1, 0x0, 0x0,
    0x6, 0xff, 0x50, 0xf, 0xff, 0xff, 0xff, 0xff,
    0xff, 0x10, 0x0, 0x0, 0x5, 0xff, 0x30, 0x0,
    0x0, 0x0, 0x0, 0xb, 0xf0, 0x0, 0x0, 0x0,
    0x6, 0x90, 0x0, 0x0, 0x0, 0x0, 0x0, 0xbf,
    0x0, 0x0, 0x0, 0x0, 0x0, 0x0, 0x0, 0x0,
    0x0, 0x0, 0xb, 0xf0, 0x0, 0x11, 0x11, 0x10,
    0x0, 0x0, 0x0, 0x0, 0x0, 0x0, 0xbf, 0x0,
    0xa, 0xff, 0xff, 0xc0, 0x0, 0x0, 0x0, 0x0,
    0x0, 0xb, 0xf0, 0x0, 0x69, 0x99, 0xfb, 0x0,
    0x0, 0x0, 0x0, 0x0, 0x0, 0xbf, 0x0, 0x0,
    0x0, 0x1f, 0xb0, 0x0, 0x1f, 0xff, 0xff, 0xff,
    0xff, 0xf1, 0x0, 0x0, 0x1, 0xfb, 0x0, 0x0,
    0xfd, 0x88, 0x88, 0x88, 0xef, 0x10, 0x0, 0x0,
    0x1f, 0xb0, 0x0, 0xf, 0xb0, 0x0, 0x0, 0x8,
    0xc1, 0x0, 0x0, 0x1, 0xfb, 0x0, 0x0, 0xfb,
    0x0, 0x0, 0x0, 0x0, 0x0, 0x0, 0x0, 0x1f,
    0xb0, 0x0, 0xf, 0xb0, 0x0, 0x0, 0x0, 0x0,
    0x0, 0x0, 0x1, 0xfb, 0x0, 0x30, 0xfb, 0x0,
    0x0, 0x0, 0x0, 0x0, 0x0, 0x0, 0x1f, 0xb0,
    0xbd, 0xf, 0xb0, 0x0, 0x0, 0x0, 0x0, 0x0,
    0x0, 0x1, 0xfb, 0xaf, 0xc0, 0xfb, 0x0, 0x0,
    0x0, 0x0, 0x80, 0x0, 0x0, 0x3f, 0xff, 0xb0,
    0xf, 0xb0, 0x0, 0x0, 0x0, 0x3f, 0xf1, 0x0,
    0xa, 0xff, 0xa0, 0x0, 0xfe, 0x0, 0x0, 0x0,
    0x7, 0xfc, 0x0, 0x0, 0xcf, 0x90, 0x0, 0xc,
    0xfd, 0x99, 0x99, 0x9a, 0xff, 0x60, 0x0, 0x1,
    0x70, 0x0, 0x0, 0x3c, 0xff, 0xff, 0xff, 0xfe,
    0x90, 0x0,

    /* U+8BBE "设" */
    0x0, 0x20, 0x0, 0x0, 0x0, 0x0, 0x0, 0x0,
    0x0, 0x0, 0x0, 0x1, 0xec, 0x0, 0x0, 0x4,
    0x77, 0x77, 0x77, 0x71, 0x0, 0x0, 0x0, 0xbf,
    0xc0, 0x0, 0x8, 0xff, 0xff, 0xff, 0xf1, 0x0,
    0x0, 0x0, 0xb, 0xfa, 0x0, 0x9, 0xf3, 0x0,
    0xc, 0xf1, 0x0, 0x0, 0x0, 0x1, 0xdf, 0x30,
    0xa, 0xf2, 0x0, 0xc, 0xf1, 0x0, 0x0, 0x0,
    0x0, 0x23, 0x0, 0xd, 0xf0, 0x0, 0xc, 0xf1,
    0x0, 0x0, 0x0, 0x0, 0x0, 0x0, 0x2f, 0xd0,
    0x0, 0xc, 0xf1, 0x0, 0x0, 0x32, 0x22, 0x20,
    0x0, 0xbf, 0x60, 0x0, 0xc, 0xf7, 0x33, 0x40,
    0xff, 0xff, 0xf2, 0xa, 0xfb, 0x0, 0x0, 0xb,
    0xff, 0xff, 0xf2, 0x87, 0x7d, 0xf1, 0x1a, 0xc0,
    0x0, 0x0, 0x1, 0x78, 0x88, 0x81, 0x0, 0xb,
    0xf1, 0x4, 0x87, 0x77, 0x77, 0x77, 0x77, 0x70,
    0x0, 0x0, 0xb, 0xf1, 0x8, 0xff, 0xff, 0xff,
    0xff, 0xff, 0xc0, 0x0, 0x0, 0xb, 0xf1, 0x0,
    0xd, 0xf1, 0x0, 0x0, 0xaf, 0x60, 0x0, 0x0,
    0xb, 0xf1, 0x0, 0x7, 0xf5, 0x0, 0x1, 0xfe,
    0x0, 0x0, 0x0, 0xb, 0xf1, 0x0, 0x1, 0xfc,
    0x0, 0x9, 0xf7, 0x0, 0x0, 0x0, 0xb, 0xf1,
    0x44, 0x0, 0x8f, 0x60, 0x3f, 0xd0, 0x0, 0x0,
    0x0, 0xb, 0xf4, 0xec, 0x0, 0xe, 0xf6, 0xef,
    0x40, 0x0, 0x0, 0x0, 0xb, 0xff, 0xf8, 0x0,
    0x3, 0xff, 0xf7, 0x0, 0x0, 0x0, 0x0, 0xd,
    0xff, 0x80, 0x0, 0x4, 0xef, 0xf7, 0x0, 0x0,
    0x0, 0x0, 0x3f, 0xf8, 0x0, 0x2, 0xaf, 0xe8,
    0xdf, 0xe8, 0x30, 0x0, 0x0, 0xb, 0xb0, 0x26,
    0xcf, 0xf9, 0x10, 0x7, 0xef, 0xff, 0xd7, 0x0,
    0x1, 0x0, 0xaf, 0xf9, 0x10, 0x0, 0x0, 0x5,
    0xaf, 0xf1, 0x0, 0x0, 0x0, 0x4, 0x0, 0x0,
    0x0, 0x0, 0x0, 0x0, 0x20,

    /* U+8BD5 "试" */
    0x0, 0x0, 0x0, 0x0, 0x0, 0x0, 0x1, 0x95,
    0x0, 0x30, 0x0, 0x0, 0x8, 0x0, 0x0, 0x0,
    0x0, 0x0, 0x1f, 0xd0, 0x8f, 0x60, 0x0, 0x8,
    0xfc, 0x0, 0x0, 0x0, 0x0, 0x1, 0xfc, 0x2,
    0xef, 0x40, 0x0, 0xb, 0xfa, 0x0, 0x0, 0x0,
    0x0, 0x1f, 0xc0, 0x4, 0xfd, 0x0, 0x0, 0xd,
    0xf4, 0x0, 0x0, 0x0, 0x0, 0xfc, 0x0, 0x6,
    0x0, 0x0, 0x0, 0x25, 0x6, 0x77, 0x77, 0x77,
    0x7f, 0xe7, 0x77, 0x78, 0x20, 0x0, 0x0, 0x0,
    0xcf, 0xff, 0xff, 0xff, 0xff, 0xff, 0xff, 0xf3,
    0x1, 0x0, 0x0, 0x1, 0x11, 0x0, 0x0, 0xd,
    0xe0, 0x0, 0x11, 0x0, 0xcf, 0xff, 0xb0, 0x0,
    0x0, 0x0, 0x0, 0xbf, 0x0, 0x0, 0x0, 0x9,
    0xbb, 0xfa, 0x0, 0x0, 0x0, 0x0, 0xa, 0xf1,
    0x0, 0x0, 0x0, 0x0, 0x1f, 0xa0, 0xc, 0xff,
    0xff, 0xf0, 0x8f, 0x40, 0x0, 0x0, 0x0, 0x1,
    0xf9, 0x0, 0x8a, 0xdf, 0xbb, 0x6, 0xf6, 0x0,
    0x0, 0x0, 0x0, 0x1f, 0x90, 0x0, 0x9, 0xf1,
    0x0, 0x3f, 0x90, 0x0, 0x0, 0x0, 0x1, 0xf9,
    0x0, 0x0, 0x9f, 0x10, 0x1, 0xfc, 0x0, 0x0,
    0x0, 0x0, 0x1f, 0x90, 0x0, 0x9, 0xf1, 0x0,
    0xd, 0xf0, 0x0, 0x0, 0x0, 0x1, 0xf9, 0x4,
    0x10, 0x9f, 0x10, 0x0, 0x9f, 0x40, 0x0, 0x0,
    0x0, 0x1f, 0x95, 0xf9, 0x9, 0xf1, 0x0, 0x5,
    0xf9, 0x0, 0x20, 0x0, 0x1, 0xfd, 0xfe, 0x30,
    0x9f, 0x7c, 0x90, 0xf, 0xe0, 0xd, 0x60, 0x0,
    0x2f, 0xfd, 0x36, 0xae, 0xff, 0xfb, 0x0, 0x9f,
    0x70, 0xff, 0x0, 0x9, 0xfd, 0x10, 0xef, 0xd8,
    0x40, 0x0, 0x1, 0xff, 0x8f, 0xc0, 0x0, 0x3d,
    0x10, 0x4, 0x30, 0x0, 0x0, 0x0, 0x8, 0xff,
    0xf7, 0x0, 0x0, 0x0, 0x0, 0x0, 0x0, 0x0,
    0x0, 0x0, 0x9, 0xfd, 0x0, 0x0, 0x0, 0x0,
    0x0, 0x0, 0x0, 0x0, 0x0, 0x0, 0x1, 0x0,
    0x0,

    /* U+8BE6 "详" */
    0x0, 0x0, 0x0, 0x0, 0x0, 0x5, 0x20, 0x0,
    0x6, 0x61, 0x0, 0x0, 0x0, 0x27, 0x0, 0x0,
    0x4, 0xfb, 0x0, 0x0, 0xdf, 0x40, 0x0, 0x0,
    0xd, 0xf6, 0x0, 0x0, 0xc, 0xf3, 0x0, 0x2f,
    0xb0, 0x0, 0x0, 0x0, 0x3f, 0xf2, 0x0, 0x0,
    0x4f, 0xa0, 0x7, 0xf4, 0x0, 0x0, 0x0, 0x0,
    0x7f, 0xa0, 0x1, 0x10, 0x61, 0x0, 0xde, 0x1,
    0x11, 0x0, 0x0, 0x0, 0x70, 0x5, 0xff, 0xff,
    0xff, 0xff, 0xff, 0xff, 0xf4, 0x0, 0x0, 0x0,
    0x0, 0x38, 0x77, 0x77, 0xef, 0x87, 0x77, 0x78,
    0x20, 0x22, 0x22, 0x10, 0x0, 0x0, 0x0, 0xc,
    0xf1, 0x0, 0x0, 0x0, 0x2f, 0xff, 0xfc, 0x0,
    0x0, 0x0, 0x0, 0xcf, 0x10, 0x0, 0x0, 0x1,
    0x77, 0x7f, 0xb0, 0x0, 0x0, 0x0, 0xc, 0xf1,
    0x0, 0x0, 0x0, 0x0, 0x1, 0xfb, 0x0, 0x9,
    0xba, 0xaa, 0xef, 0xaa, 0xab, 0xb9, 0x0, 0x0,
    0x1f, 0xb0, 0x0, 0xae, 0xed, 0xdf, 0xfe, 0xde,
    0xee, 0xa0, 0x0, 0x1, 0xfb, 0x0, 0x0, 0x0,
    0x0, 0xcf, 0x10, 0x0, 0x0, 0x0, 0x0, 0x1f,
    0xb0, 0x0, 0x0, 0x0, 0xc, 0xf1, 0x0, 0x0,
    0x0, 0x0, 0x1, 0xfb, 0x0, 0x0, 0x0, 0x0,
    0xcf, 0x10, 0x0, 0x0, 0x0, 0x0, 0x1f, 0xb0,
    0x2, 0x98, 0x88, 0x8e, 0xf9, 0x88, 0x88, 0x99,
    0x0, 0x1, 0xfb, 0x36, 0x4f, 0xff, 0xff, 0xff,
    0xff, 0xff, 0xff, 0xf0, 0x0, 0x1f, 0xde, 0xd0,
    0x0, 0x0, 0xc, 0xf1, 0x0, 0x0, 0x0, 0x0,
    0x2, 0xff, 0xe2, 0x0, 0x0, 0x0, 0xcf, 0x10,
    0x0, 0x0, 0x0, 0x0, 0x9f, 0xd1, 0x0, 0x0,
    0x0, 0xc, 0xf1, 0x0, 0x0, 0x0, 0x0, 0x2,
    0xd2, 0x0, 0x0, 0x0, 0x0, 0xdf, 0x20, 0x0,
    0x0, 0x0, 0x0, 0x0, 0x0, 0x0, 0x0, 0x0,
    0xd, 0xf2, 0x0, 0x0, 0x0,

    /* U+8BF7 "请" */
    0x0, 0x0, 0x0, 0x0, 0x0, 0x0, 0x5, 0x61,
    0x0, 0x0, 0x0, 0x0, 0x64, 0x0, 0x0, 0x0,
    0x0, 0xc, 0xf2, 0x0, 0x0, 0x0, 0x1, 0xef,
    0x40, 0x2, 0x77, 0x77, 0x7d, 0xf7, 0x77, 0x77,
    0x80, 0x0, 0x2e, 0xf4, 0x5, 0xee, 0xee, 0xef,
    0xfe, 0xee, 0xee, 0xe0, 0x0, 0x2, 0xfe, 0x0,
    0x0, 0x0, 0xb, 0xf1, 0x0, 0x0, 0x0, 0x0,
    0x0, 0x43, 0x0, 0xcf, 0xff, 0xff, 0xff, 0xff,
    0xff, 0x60, 0x0, 0x0, 0x0, 0x0, 0x45, 0x44,
    0x4c, 0xf5, 0x44, 0x45, 0x20, 0x10, 0x0, 0x0,
    0x0, 0x0, 0x0, 0xb, 0xf1, 0x0, 0x0, 0x0,
    0xff, 0xff, 0xb0, 0x1f, 0xff, 0xff, 0xff, 0xff,
    0xff, 0xff, 0xfd, 0x88, 0x8f, 0xa0, 0x7, 0x66,
    0x66, 0x66, 0x66, 0x66, 0x66, 0x65, 0x0, 0x1f,
    0xa0, 0x0, 0x3, 0x33, 0x33, 0x33, 0x33, 0x32,
    0x0, 0x0, 0x1f, 0xa0, 0x0, 0xf, 0xff, 0xff,
    0xff, 0xff, 0xfc, 0x0, 0x0, 0x1f, 0xa0, 0x0,
    0xf, 0xd3, 0x33, 0x33, 0x34, 0xfc, 0x0, 0x0,
    0x1f, 0xa0, 0x0, 0xf, 0xd3, 0x33, 0x33, 0x33,
    0xfb, 0x0, 0x0, 0x1f, 0xa0, 0x0, 0xf, 0xff,
    0xff, 0xff, 0xff, 0xfb, 0x0, 0x0, 0x1f, 0xa0,
    0x40, 0xf, 0xd2, 0x22, 0x22, 0x22, 0xfb, 0x0,
    0x0, 0x1f, 0xa4, 0xf8, 0xf, 0xd1, 0x11, 0x11,
    0x12, 0xfb, 0x0, 0x0, 0x1f, 0xdf, 0xe3, 0xf,
    0xff, 0xff, 0xff, 0xff, 0xfb, 0x0, 0x0, 0x5f,
    0xfd, 0x20, 0xf, 0xd3, 0x33, 0x33, 0x34, 0xfb,
    0x0, 0x0, 0xcf, 0xc0, 0x0, 0xf, 0xd0, 0x0,
    0x0, 0x1, 0xfb, 0x0, 0x0, 0x2b, 0x0, 0x0,
    0xf, 0xd0, 0x0, 0x0, 0x5a, 0xfb, 0x0, 0x0,
    0x0, 0x0, 0x0, 0xf, 0xd0, 0x0, 0x0, 0x5f,
    0xd4, 0x0, 0x0, 0x0, 0x0, 0x0, 0x0, 0x0,
    0x0, 0x0, 0x1, 0x0, 0x0,

    /* U+8D25 "败" */
    0x0, 0x0, 0x0, 0x0, 0x0, 0x0, 0x0, 0x3,
    0x0, 0x0, 0x0, 0x0, 0x0, 0x0, 0x0, 0x0,
    0x0, 0x0, 0x0, 0xe, 0xe1, 0x0, 0x0, 0x0,
    0x0, 0x35, 0x55, 0x55, 0x55, 0x53, 0x0, 0x2f,
    0xc0, 0x0, 0x0, 0x0, 0x0, 0xaf, 0xff, 0xff,
    0xff, 0xf9, 0x0, 0x5f, 0x70, 0x0, 0x0, 0x0,
    0x0, 0xaf, 0x21, 0x11, 0x12, 0xf8, 0x0, 0xaf,
    0x20, 0x0, 0x0, 0x0, 0x0, 0xaf, 0x10, 0x0,
    0x1, 0xf8, 0x0, 0xef, 0x77, 0x77, 0x77, 0x70,
    0x0, 0xaf, 0x10, 0xc9, 0x1, 0xf8, 0x4, 0xff,
    0xff, 0xff, 0xff, 0xd0, 0x0, 0x9f, 0x10, 0xed,
    0x1, 0xf8, 0xa, 0xf2, 0x0, 0xf, 0x90, 0x0,
    0x0, 0x9f, 0x10, 0xec, 0x1, 0xf8, 0x1f, 0xf0,
    0x0, 0x2f, 0x80, 0x0, 0x0, 0x9f, 0x10, 0xeb,
    0x1, 0xf8, 0xaf, 0xf3, 0x0, 0x3f, 0x60, 0x0,
    0x0, 0x9f, 0x10, 0xeb, 0x1, 0xf9, 0xdb, 0xf6,
    0x0, 0x5f, 0x40, 0x0, 0x0, 0x9f, 0x10, 0xea,
    0x1, 0xf8, 0x11, 0xda, 0x0, 0x7f, 0x10, 0x0,
    0x0, 0xaf, 0x10, 0xf9, 0x1, 0xf8, 0x0, 0xae,
    0x0, 0xae, 0x0, 0x0, 0x0, 0xaf, 0x11, 0xf8,
    0x1, 0xf8, 0x0, 0x6f, 0x30, 0xea, 0x0, 0x0,
    0x0, 0xaf, 0x14, 0xf5, 0x1, 0xf9, 0x0, 0x1f,
    0x94, 0xf6, 0x0, 0x0, 0x0, 0x69, 0x8, 0xf2,
    0x0, 0x84, 0x0, 0xa, 0xfc, 0xf0, 0x0, 0x0,
    0x0, 0x0, 0xd, 0xc2, 0xd2, 0x0, 0x0, 0x2,
    0xff, 0x90, 0x0, 0x0, 0x0, 0x0, 0x7f, 0x54,
    0xfe, 0x20, 0x0, 0x2, 0xff, 0x50, 0x0, 0x0,
    0x0, 0x5, 0xfc, 0x0, 0x4f, 0xe2, 0x0, 0x2e,
    0xff, 0xe3, 0x0, 0x0, 0x0, 0x8f, 0xd1, 0x0,
    0x6, 0xfa, 0x5, 0xff, 0x44, 0xff, 0x60, 0x0,
    0xc, 0xfd, 0x10, 0x0, 0x0, 0x74, 0xcf, 0xd2,
    0x0, 0x3e, 0xfc, 0x40, 0x3, 0x90, 0x0, 0x0,
    0x0, 0xb, 0xf8, 0x0, 0x0, 0x1, 0xbf, 0x70,
    0x0, 0x0, 0x0, 0x0, 0x0, 0x1, 0x30, 0x0,
    0x0, 0x0, 0x3, 0x0,

    /* U+8F93 "输" */
    0x0, 0x0, 0x30, 0x0, 0x0, 0x0, 0x4, 0x93,
    0x0, 0x0, 0x0, 0x0, 0x0, 0x3, 0xfe, 0x0,
    0x0, 0x0, 0xc, 0xfd, 0x0, 0x0, 0x0, 0x0,
    0x0, 0x4, 0xf9, 0x0, 0x0, 0x0, 0x6f, 0xdf,
    0x80, 0x0, 0x0, 0x0, 0x0, 0x7, 0xf4, 0x0,
    0x0, 0x2, 0xfe, 0x18, 0xf8, 0x0, 0x0, 0x0,
    0xd, 0xde, 0xfd, 0xde, 0x50, 0xd, 0xf4, 0x0,
    0xbf, 0x90, 0x0, 0x0, 0xa, 0xbf, 0xfa, 0xbb,
    0x40, 0xcf, 0x80, 0x0, 0x1d, 0xfd, 0x40, 0x0,
    0x0, 0x1f, 0x90, 0x0, 0x1b, 0xfc, 0xff, 0xff,
    0xff, 0xaf, 0xfc, 0x50, 0x0, 0x5f, 0x52, 0x13,
    0xef, 0xa1, 0x77, 0x77, 0x77, 0x3, 0xbf, 0xa0,
    0x0, 0xaf, 0x5f, 0x72, 0xec, 0x44, 0x44, 0x40,
    0x0, 0x0, 0x34, 0x0, 0x0, 0xfa, 0x4f, 0x60,
    0x2b, 0xff, 0xff, 0xf1, 0x0, 0x1, 0xfa, 0x0,
    0x7, 0xf4, 0x3f, 0x72, 0xb, 0xf6, 0x6b, 0xf1,
    0x6f, 0x71, 0xf9, 0x0, 0x2f, 0xfb, 0xdf, 0xff,
    0x1a, 0xf0, 0x8, 0xf1, 0x6f, 0x60, 0xf9, 0x0,
    0x1f, 0xfd, 0xcf, 0xa5, 0xa, 0xf6, 0x6b, 0xf1,
    0x5f, 0x60, 0xf9, 0x0, 0x2, 0x0, 0x3f, 0x60,
    0xa, 0xff, 0xff, 0xf1, 0x5f, 0x60, 0xf9, 0x0,
    0x0, 0x0, 0x3f, 0x60, 0xa, 0xf0, 0x8, 0xf1,
    0x5f, 0x60, 0xf9, 0x0, 0x0, 0x0, 0x3f, 0x86,
    0x2a, 0xf0, 0x8, 0xf1, 0x5f, 0x60, 0xf9, 0x0,
    0x2, 0x48, 0xcf, 0xff, 0x3a, 0xff, 0xff, 0xf1,
    0x5f, 0x60, 0xf9, 0x0, 0x1e, 0xff, 0xff, 0xb3,
    0xa, 0xf8, 0x8c, 0xf1, 0x5f, 0x60, 0xf9, 0x0,
    0x7, 0x84, 0x4f, 0x60, 0xa, 0xf0, 0x8, 0xf1,
    0x6f, 0x60, 0xf9, 0x0, 0x0, 0x0, 0x4f, 0x70,
    0xa, 0xf0, 0x8, 0xf1, 0x49, 0x40, 0xf8, 0x0,
    0x0, 0x0, 0x4f, 0x70, 0xb, 0xf0, 0x9e, 0xf0,
    0x1, 0x69, 0xf7, 0x0, 0x0, 0x0, 0x4f, 0x70,
    0xb, 0xf0, 0x6d, 0x70, 0x0, 0xbe, 0x91, 0x0,
    0x0, 0x0, 0x0, 0x0, 0x0, 0x0, 0x0, 0x0,
    0x0, 0x0, 0x0, 0x0,

    /* U+8FD1 "近" */
    0x0, 0x0, 0x20, 0x0, 0x0, 0x0, 0x0, 0x0,
    0x14, 0x8c, 0x40, 0x0, 0x1, 0xce, 0x20, 0x0,
    0x5, 0x9a, 0xbd, 0xff, 0xff, 0xfc, 0x0, 0x0,
    0x9, 0xfe, 0x10, 0x0, 0xaf, 0xff, 0xdc, 0xa8,
    0x75, 0x40, 0x0, 0x0, 0xb, 0xfc, 0x0, 0x9,
    0xf3, 0x0, 0x0, 0x0, 0x0, 0x0, 0x0, 0x0,
    0xd, 0xf5, 0x0, 0x9f, 0x20, 0x0, 0x0, 0x0,
    0x0, 0x0, 0x0, 0x0, 0x34, 0x0, 0x9, 0xf1,
    0x0, 0x0, 0x0, 0x0, 0x0, 0x0, 0x0, 0x0,
    0x0, 0x0, 0x9f, 0x32, 0x22, 0x22, 0x22, 0x33,
    0x10, 0x11, 0x0, 0x0, 0x0, 0xa, 0xff, 0xff,
    0xff, 0xff, 0xff, 0xf6, 0xc, 0xff, 0xff, 0x20,
    0x0, 0xbf, 0x76, 0x66, 0xef, 0x77, 0x77, 0x30,
    0x79, 0x9d, 0xf2, 0x0, 0xc, 0xf0, 0x0, 0xc,
    0xf1, 0x0, 0x0, 0x0, 0x0, 0xbf, 0x10, 0x0,
    0xee, 0x0, 0x0, 0xcf, 0x10, 0x0, 0x0, 0x0,
    0xb, 0xf1, 0x0, 0x1f, 0xc0, 0x0, 0xc, 0xf1,
    0x0, 0x0, 0x0, 0x0, 0xbf, 0x10, 0x6, 0xf9,
    0x0, 0x0, 0xdf, 0x10, 0x0, 0x0, 0x0, 0xb,
    0xf1, 0x0, 0xbf, 0x50, 0x0, 0xd, 0xf1, 0x0,
    0x0, 0x0, 0x0, 0xbf, 0x10, 0x4f, 0xe0, 0x0,
    0x0, 0xdf, 0x10, 0x0, 0x0, 0x0, 0xb, 0xf1,
    0x2e, 0xf6, 0x0, 0x0, 0xd, 0xf1, 0x0, 0x0,
    0x0, 0x0, 0xbf, 0x13, 0xdc, 0x0, 0x0, 0x0,
    0xdf, 0x20, 0x0, 0x0, 0x0, 0x6f, 0xfd, 0x50,
    0x10, 0x0, 0x0, 0x9, 0xb1, 0x0, 0x0, 0x0,
    0x8f, 0xfd, 0xff, 0xd8, 0x52, 0x0, 0x0, 0x0,
    0x0, 0x1, 0x30, 0xbf, 0xe3, 0x1, 0x8e, 0xff,
    0xff, 0xed, 0xdc, 0xcd, 0xef, 0xf9, 0x6, 0xf3,
    0x0, 0x0, 0x3, 0x7a, 0xcd, 0xef, 0xff, 0xff,
    0xff, 0x50, 0x1, 0x0, 0x0, 0x0, 0x0, 0x0,
    0x0, 0x0, 0x1, 0x11, 0x10,

    /* U+8FD4 "返" */
    0x0, 0x0, 0x0, 0x0, 0x0, 0x0, 0x0, 0x0,
    0x0, 0x0, 0x0, 0x0, 0x9, 0xf1, 0x0, 0x0,
    0x0, 0x0, 0x1, 0x35, 0x9c, 0xa0, 0x0, 0x0,
    0xaf, 0x70, 0x0, 0x3b, 0xcd, 0xef, 0xff, 0xff,
    0xff, 0x30, 0x0, 0x3, 0xfd, 0x0, 0x4, 0xff,
    0xdb, 0xa9, 0x87, 0x65, 0x42, 0x0, 0x0, 0xe,
    0xf3, 0x0, 0x4f, 0x80, 0x0, 0x0, 0x0, 0x0,
    0x0, 0x0, 0x0, 0x89, 0x20, 0x3, 0xf8, 0x0,
    0x0, 0x0, 0x0, 0x0, 0x0, 0x0, 0x0, 0x0,
    0x0, 0x3f, 0xa3, 0x33, 0x33, 0x33, 0x32, 0x0,
    0x0, 0x0, 0x0, 0x0, 0x3, 0xff, 0xff, 0xff,
    0xff, 0xff, 0x90, 0x0, 0x1, 0x0, 0x0, 0x0,
    0x3f, 0xa4, 0x44, 0x44, 0x4a, 0xf6, 0x0, 0x5,
    0xff, 0xff, 0x20, 0x3, 0xf7, 0x0, 0x0, 0x0,
    0xbf, 0x20, 0x0, 0x38, 0x7e, 0xf2, 0x0, 0x4f,
    0x70, 0xba, 0x0, 0xf, 0xe0, 0x0, 0x0, 0x0,
    0xcf, 0x10, 0x7, 0xf6, 0x1d, 0xfd, 0x24, 0xf9,
    0x0, 0x0, 0x0, 0xc, 0xf1, 0x0, 0x9f, 0x40,
    0xa, 0xff, 0xcf, 0x30, 0x0, 0x0, 0x0, 0xcf,
    0x10, 0xd, 0xf1, 0x0, 0x6, 0xff, 0xe0, 0x0,
    0x0, 0x0, 0xc, 0xf1, 0x2, 0xfc, 0x0, 0x0,
    0x1e, 0xff, 0x90, 0x0, 0x0, 0x0, 0xcf, 0x10,
    0xaf, 0x60, 0x0, 0x2d, 0xfb, 0xff, 0x90, 0x0,
    0x0, 0xc, 0xf1, 0x4f, 0xf1, 0x0, 0x7f, 0xfa,
    0x4, 0xff, 0x90, 0x0, 0x0, 0xcf, 0x19, 0xf7,
    0x4, 0xef, 0xf6, 0x0, 0x5, 0xf6, 0x0, 0x0,
    0x3e, 0xfa, 0x13, 0x0, 0xa, 0x91, 0x0, 0x0,
    0x2, 0x0, 0x0, 0x5f, 0xfd, 0xff, 0xa5, 0x20,
    0x0, 0x0, 0x0, 0x0, 0x1, 0x31, 0x7f, 0xf5,
    0x1, 0x8e, 0xff, 0xfe, 0xdd, 0xdd, 0xde, 0xff,
    0xfd, 0x3, 0xd8, 0x0, 0x0, 0x3, 0x7a, 0xce,
    0xff, 0xff, 0xff, 0xff, 0x70, 0x0, 0x0, 0x0,
    0x0, 0x0, 0x0, 0x0, 0x0, 0x0, 0x0, 0x0,
    0x0,

    /* U+8FD8 "还" */
    0x0, 0x45, 0x0, 0x0, 0x0, 0x0, 0x0, 0x0,
    0x0, 0x0, 0x0, 0x0, 0x3f, 0xf2, 0x0, 0xcc,
    0xbb, 0xbb, 0xbb, 0xbb, 0xbb, 0xc9, 0x0, 0x0,
    0x9f, 0xd0, 0xf, 0xee, 0xee, 0xef, 0xfe, 0xee,
    0xee, 0xb0, 0x0, 0x0, 0xcf, 0xa0, 0x0, 0x0,
    0x2, 0xfe, 0x0, 0x0, 0x0, 0x0, 0x0, 0x2,
    0xf8, 0x0, 0x0, 0x0, 0xaf, 0x60, 0x0, 0x0,
    0x0, 0x0, 0x0, 0x1, 0x0, 0x0, 0x0, 0x4f,
    0xf0, 0x0, 0x0, 0x0, 0x0, 0x0, 0x0, 0x0,
    0x0, 0x0, 0xd, 0xff, 0x0, 0x42, 0x0, 0x0,
    0x7, 0x99, 0x99, 0x0, 0x0, 0xa, 0xff, 0xf0,
    0x2f, 0xd1, 0x0, 0x0, 0xcf, 0xff, 0xf0, 0x0,
    0x8, 0xf9, 0xcf, 0x0, 0x9f, 0xc0, 0x0, 0x1,
    0x10, 0xdf, 0x0, 0x9, 0xfb, 0xc, 0xf0, 0x0,
    0xbf, 0xa0, 0x0, 0x0, 0xd, 0xf0, 0x1b, 0xfc,
    0x0, 0xcf, 0x0, 0x1, 0xef, 0x70, 0x0, 0x0,
    0xde, 0x4e, 0xfb, 0x0, 0xc, 0xf0, 0x0, 0x3,
    0xff, 0x40, 0x0, 0xd, 0xe0, 0xca, 0x0, 0x0,
    0xcf, 0x0, 0x0, 0x7, 0x90, 0x0, 0x0, 0xde,
    0x1, 0x0, 0x0, 0xc, 0xf0, 0x0, 0x0, 0x0,
    0x0, 0x0, 0xd, 0xe0, 0x0, 0x0, 0x0, 0xcf,
    0x0, 0x0, 0x0, 0x0, 0x0, 0x0, 0xde, 0x0,
    0x0, 0x0, 0xc, 0xf0, 0x0, 0x0, 0x0, 0x0,
    0x0, 0xe, 0xf1, 0x0, 0x0, 0x0, 0xdf, 0x10,
    0x0, 0x0, 0x0, 0x0, 0x9, 0xff, 0xe5, 0x0,
    0x0, 0x6, 0x80, 0x0, 0x0, 0x0, 0x0, 0x8,
    0xff, 0xcf, 0xfe, 0x84, 0x10, 0x0, 0x0, 0x0,
    0x0, 0x13, 0x6, 0xff, 0x30, 0x29, 0xff, 0xff,
    0xfe, 0xdd, 0xdd, 0xee, 0xff, 0xc0, 0x6f, 0x50,
    0x0, 0x1, 0x58, 0xbc, 0xde, 0xff, 0xff, 0xff,
    0xf7, 0x0, 0x30, 0x0, 0x0, 0x0, 0x0, 0x0,
    0x0, 0x0, 0x0, 0x0, 0x0,

    /* U+8FDE "连" */
    0x0, 0x0, 0x0, 0x0, 0x0, 0x0, 0x50, 0x0,
    0x0, 0x0, 0x0, 0x0, 0x6, 0x0, 0x0, 0x0,
    0x0, 0x4f, 0xd0, 0x0, 0x0, 0x0, 0x0, 0xa,
    0xf6, 0x0, 0x0, 0x0, 0xa, 0xf5, 0x0, 0x0,
    0x0, 0x0, 0x0, 0x3f, 0xf2, 0x4, 0x66, 0x55,
    0xff, 0x55, 0x55, 0x55, 0x66, 0x0, 0x0, 0x7f,
    0xb0, 0x9f, 0xff, 0xff, 0xff, 0xff, 0xff, 0xff,
    0xf0, 0x0, 0x0, 0xcf, 0x62, 0x22, 0x3f, 0xd2,
    0x22, 0x22, 0x22, 0x23, 0x0, 0x0, 0x4, 0x70,
    0x0, 0x8, 0xf4, 0x8, 0xf4, 0x0, 0x0, 0x0,
    0x0, 0x0, 0x0, 0x0, 0x3, 0xfb, 0x0, 0x7f,
    0x30, 0x0, 0x0, 0x0, 0x0, 0x0, 0x0, 0x2,
    0xef, 0x20, 0x7, 0xf3, 0x0, 0x0, 0x0, 0x8,
    0xff, 0xff, 0x10, 0x9f, 0xff, 0xff, 0xff, 0xff,
    0xff, 0xf3, 0x0, 0x49, 0x8f, 0xf0, 0x3, 0xb9,
    0x88, 0x8c, 0xfa, 0x88, 0x9a, 0x20, 0x0, 0x0,
    0xef, 0x0, 0x0, 0x0, 0x0, 0x7f, 0x30, 0x0,
    0x0, 0x0, 0x0, 0xe, 0xf0, 0x0, 0x0, 0x0,
    0x7, 0xf3, 0x0, 0x0, 0x0, 0x0, 0x0, 0xef,
    0x5, 0x87, 0x77, 0x77, 0xbf, 0x97, 0x77, 0x77,
    0x20, 0x0, 0xe, 0xf0, 0x9f, 0xff, 0xff, 0xff,
    0xff, 0xff, 0xff, 0xf5, 0x0, 0x0, 0xef, 0x1,
    0x11, 0x10, 0x0, 0x8f, 0x40, 0x0, 0x11, 0x0,
    0x0, 0xe, 0xf0, 0x0, 0x0, 0x0, 0x7, 0xf3,
    0x0, 0x0, 0x0, 0x0, 0x0, 0xef, 0x0, 0x0,
    0x0, 0x0, 0x7f, 0x30, 0x0, 0x0, 0x0, 0x0,
    0x6f, 0xfc, 0x20, 0x0, 0x0, 0x8, 0xf4, 0x0,
    0x0, 0x0, 0x0, 0x9f, 0xea, 0xff, 0xb6, 0x20,
    0x0, 0x5a, 0x30, 0x0, 0x0, 0x0, 0xaf, 0xd1,
    0x1, 0x9f, 0xff, 0xfe, 0xdc, 0xcc, 0xcd, 0xde,
    0xfd, 0x1, 0xb1, 0x0, 0x0, 0x4, 0x8a, 0xcd,
    0xef, 0xff, 0xff, 0xff, 0x80,

    /* U+9009 "选" */
    0x0, 0x0, 0x0, 0x0, 0x0, 0x0, 0x18, 0x80,
    0x0, 0x0, 0x0, 0x0, 0x0, 0x20, 0x0, 0x5,
    0xa5, 0x3, 0xff, 0x0, 0x0, 0x0, 0x0, 0x0,
    0xdf, 0x10, 0x0, 0xaf, 0x70, 0x2f, 0xf0, 0x0,
    0x0, 0x0, 0x0, 0x9, 0xf8, 0x0, 0xe, 0xf0,
    0x2, 0xff, 0x0, 0x0, 0x0, 0x0, 0x0, 0x2f,
    0xe0, 0x3, 0xff, 0xff, 0xff, 0xff, 0xff, 0xf8,
    0x0, 0x0, 0x0, 0xaf, 0x40, 0xaf, 0x97, 0x78,
    0xff, 0x77, 0x78, 0x40, 0x0, 0x0, 0x3, 0x50,
    0x1f, 0xe0, 0x0, 0x2f, 0xf0, 0x0, 0x0, 0x0,
    0x0, 0x0, 0x0, 0x0, 0x57, 0x0, 0x2, 0xff,
    0x0, 0x0, 0x0, 0x0, 0x0, 0x0, 0x0, 0x2,
    0x10, 0x0, 0x2f, 0xf0, 0x0, 0x1, 0x10, 0x8,
    0xaa, 0xaa, 0x13, 0xff, 0xff, 0xff, 0xff, 0xff,
    0xff, 0xff, 0x0, 0xae, 0xef, 0xf2, 0x28, 0x87,
    0x8f, 0xd7, 0x8f, 0xd7, 0x88, 0x80, 0x0, 0x0,
    0xbf, 0x10, 0x0, 0x1, 0xfb, 0x2, 0xfa, 0x0,
    0x0, 0x0, 0x0, 0xb, 0xf1, 0x0, 0x0, 0x3f,
    0x90, 0x2f, 0xa0, 0x0, 0x0, 0x0, 0x0, 0xbf,
    0x10, 0x0, 0x8, 0xf5, 0x2, 0xfa, 0x0, 0x0,
    0x0, 0x0, 0xb, 0xf1, 0x0, 0x0, 0xdf, 0x10,
    0x2f, 0xa0, 0x6, 0x51, 0x0, 0x0, 0xbf, 0x10,
    0x0, 0x9f, 0x80, 0x2, 0xfb, 0x0, 0xcf, 0x60,
    0x0, 0xb, 0xf1, 0x0, 0x9f, 0xd0, 0x0, 0x1f,
    0xfc, 0xcf, 0xf1, 0x0, 0x0, 0xbf, 0x20, 0x8f,
    0xe2, 0x0, 0x0, 0x8f, 0xff, 0xf7, 0x0, 0x0,
    0x7f, 0xfe, 0x50, 0x63, 0x0, 0x0, 0x0, 0x0,
    0x0, 0x0, 0x0, 0x8f, 0xfb, 0xef, 0xd7, 0x30,
    0x0, 0x0, 0x0, 0x0, 0x1, 0x30, 0x7f, 0xf3,
    0x0, 0x7d, 0xff, 0xfe, 0xdc, 0xcc, 0xcd, 0xef,
    0xf9, 0x1, 0xb5, 0x0, 0x0, 0x2, 0x69, 0xac,
    0xde, 0xee, 0xee, 0xee, 0x30, 0x0, 0x0, 0x0,
    0x0, 0x0, 0x0, 0x0, 0x0, 0x0, 0x0, 0x0,
    0x0,

    /* U+901F "速" */
    0x0, 0x0, 0x0, 0x0, 0x0, 0x0, 0x0, 0x75,
    0x0, 0x0, 0x0, 0x0, 0x0, 0x1, 0x10, 0x0,
    0x0, 0x0, 0x0, 0xfb, 0x0, 0x0, 0x0, 0x0,
    0x0, 0x3f, 0xb0, 0x1, 0x11, 0x0, 0x0, 0xeb,
    0x0, 0x0, 0x11, 0x10, 0x0, 0xd, 0xf3, 0xb,
    0xff, 0xff, 0xff, 0xff, 0xff, 0xff, 0xff, 0x90,
    0x0, 0x7, 0xfa, 0x5, 0x87, 0x77, 0x77, 0xfd,
    0x77, 0x77, 0x78, 0x50, 0x0, 0x1, 0xfd, 0x0,
    0x0, 0x0, 0x0, 0xea, 0x0, 0x0, 0x0, 0x0,
    0x0, 0x0, 0x30, 0x0, 0xaf, 0xff, 0xff, 0xff,
    0xff, 0xff, 0xfb, 0x0, 0x0, 0x0, 0x0, 0x0,
    0xaf, 0x98, 0x88, 0xfd, 0x88, 0x89, 0xfb, 0x0,
    0x0, 0x0, 0x0, 0x0, 0x9f, 0x10, 0x0, 0xea,
    0x0, 0x1, 0xfb, 0x0, 0x9, 0xba, 0xa8, 0x0,
    0x9f, 0x10, 0x0, 0xea, 0x0, 0x1, 0xfa, 0x0,
    0xc, 0xff, 0xfc, 0x0, 0xaf, 0x77, 0x77, 0xfd,
    0x77, 0x78, 0xfb, 0x0, 0x1, 0x1, 0xfb, 0x0,
    0xaf, 0xff, 0xff, 0xff, 0xff, 0xff, 0xfb, 0x0,
    0x0, 0x1, 0xfb, 0x0, 0x0, 0x0, 0xcf, 0xfa,
    0x3, 0x0, 0x0, 0x0, 0x0, 0x1, 0xfb, 0x0,
    0x0, 0x7, 0xfb, 0xea, 0x8f, 0x70, 0x0, 0x0,
    0x0, 0x1, 0xfb, 0x0, 0x0, 0x5f, 0xe1, 0xea,
    0x4e, 0xfa, 0x0, 0x0, 0x0, 0x1, 0xfb, 0x0,
    0x5, 0xff, 0x20, 0xea, 0x1, 0xcf, 0xd2, 0x0,
    0x0, 0x1, 0xfb, 0x1, 0x9f, 0xf3, 0x0, 0xfb,
    0x0, 0xa, 0xff, 0x40, 0x0, 0x1, 0xfb, 0x9,
    0xfe, 0x20, 0x0, 0xfb, 0x0, 0x0, 0x8b, 0x0,
    0x0, 0x2, 0xfe, 0x60, 0x51, 0x0, 0x0, 0xfb,
    0x0, 0x0, 0x0, 0x0, 0x0, 0x6e, 0xfe, 0xfe,
    0x95, 0x31, 0x0, 0x54, 0x0, 0x0, 0x1, 0x22,
    0xa, 0xfd, 0x20, 0x3b, 0xff, 0xff, 0xff, 0xee,
    0xee, 0xff, 0xff, 0xf4, 0x3, 0xd1, 0x0, 0x0,
    0x15, 0x8a, 0xcd, 0xde, 0xee, 0xee, 0xee, 0xe0,
    0x0, 0x0, 0x0, 0x0, 0x0, 0x0, 0x0, 0x0,
    0x0, 0x0, 0x0, 0x0,

    /* U+91CD "重" */
    0x0, 0x0, 0x0, 0x0, 0x0, 0x0, 0x0, 0x0,
    0x0, 0x0, 0x0, 0x0, 0x0, 0x0, 0x0, 0x0,
    0x0, 0x13, 0x58, 0xbe, 0x30, 0x0, 0x0, 0x39,
    0x9a, 0xab, 0xcd, 0xef, 0xff, 0xff, 0xff, 0xb0,
    0x0, 0x0, 0x1f, 0xfe, 0xdb, 0xa9, 0xef, 0x75,
    0x42, 0x10, 0x0, 0x0, 0x0, 0x0, 0x0, 0x0,
    0x0, 0xdf, 0x10, 0x0, 0x0, 0x0, 0x0, 0x29,
    0x98, 0x88, 0x88, 0x88, 0xef, 0x98, 0x88, 0x88,
    0x88, 0x97, 0x4f, 0xff, 0xff, 0xff, 0xff, 0xff,
    0xff, 0xff, 0xff, 0xff, 0xfb, 0x0, 0x0, 0x0,
    0x0, 0x0, 0xdf, 0x10, 0x0, 0x0, 0x0, 0x0,
    0x0, 0x0, 0x77, 0x77, 0x77, 0xef, 0x77, 0x77,
    0x77, 0x50, 0x0, 0x0, 0x0, 0xff, 0xff, 0xff,
    0xff, 0xff, 0xff, 0xff, 0xb0, 0x0, 0x0, 0x0,
    0xfc, 0x0, 0x0, 0xdf, 0x10, 0x0, 0x2f, 0xa0,
    0x0, 0x0, 0x0, 0xfe, 0x88, 0x88, 0xef, 0x98,
    0x88, 0x9f, 0xa0, 0x0, 0x0, 0x0, 0xff, 0xff,
    0xff, 0xff, 0xff, 0xff, 0xff, 0xa0, 0x0, 0x0,
    0x0, 0xfc, 0x0, 0x0, 0xdf, 0x10, 0x0, 0x3f,
    0xa0, 0x0, 0x0, 0x0, 0xff, 0xff, 0xff, 0xff,
    0xff, 0xff, 0xff, 0xb0, 0x0, 0x0, 0x0, 0x88,
    0x88, 0x88, 0xef, 0x98, 0x88, 0x88, 0x60, 0x0,
    0x0, 0x0, 0x0, 0x0, 0x0, 0xdf, 0x10, 0x0,
    0x0, 0x0, 0x0, 0x0, 0x3f, 0xff, 0xff, 0xff,
    0xff, 0xff, 0xff, 0xff, 0xfd, 0x0, 0x0, 0x16,
    0x66, 0x55, 0x55, 0xef, 0x65, 0x55, 0x56, 0x65,
    0x0, 0x0, 0x0, 0x0, 0x0, 0x0, 0xdf, 0x10,
    0x0, 0x0, 0x0, 0x0, 0x9, 0x88, 0x88, 0x88,
    0x88, 0xef, 0x88, 0x88, 0x88, 0x88, 0x85, 0x1f,
    0xff, 0xee, 0xee, 0xee, 0xee, 0xee, 0xee, 0xee,
    0xee, 0xf9,

    /* U+949F "钟" */
    0x0, 0x0, 0x0, 0x0, 0x0, 0x0, 0x0, 0x1,
    0x20, 0x0, 0x0, 0x0, 0x0, 0x4, 0xea, 0x10,
    0x0, 0x0, 0x0, 0xdf, 0x20, 0x0, 0x0, 0x0,
    0x0, 0x9f, 0xb0, 0x0, 0x0, 0x0, 0xd, 0xf1,
    0x0, 0x0, 0x0, 0x0, 0xe, 0xf3, 0x0, 0x0,
    0x0, 0x0, 0xcf, 0x10, 0x0, 0x0, 0x0, 0x7,
    0xff, 0xaa, 0xb7, 0x0, 0x0, 0xc, 0xf1, 0x0,
    0x0, 0x0, 0x2, 0xff, 0xdd, 0xde, 0x91, 0x88,
    0x88, 0xef, 0x98, 0x88, 0x80, 0x0, 0xcf, 0x70,
    0x0, 0x0, 0x1f, 0xff, 0xff, 0xff, 0xff, 0xff,
    0x0, 0xaf, 0xb0, 0x0, 0x0, 0x1, 0xfb, 0x0,
    0xcf, 0x10, 0xc, 0xf0, 0xa, 0xd5, 0x99, 0x89,
    0x90, 0xf, 0xb0, 0xc, 0xf1, 0x0, 0xcf, 0x0,
    0x11, 0x7e, 0xff, 0xee, 0x0, 0xfb, 0x0, 0xcf,
    0x10, 0xc, 0xf0, 0x0, 0x0, 0x1f, 0xb0, 0x0,
    0xf, 0xb0, 0xc, 0xf1, 0x0, 0xcf, 0x0, 0x0,
    0x1, 0xfb, 0x0, 0x0, 0xfb, 0x0, 0xcf, 0x10,
    0xc, 0xf0, 0x0, 0x68, 0x8f, 0xd7, 0x86, 0xf,
    0xb0, 0xc, 0xf1, 0x0, 0xcf, 0x0, 0xc, 0xff,
    0xff, 0xff, 0xb0, 0xfe, 0x88, 0xef, 0x98, 0x8e,
    0xf0, 0x0, 0x10, 0x1f, 0xb0, 0x11, 0xf, 0xff,
    0xff, 0xff, 0xff, 0xff, 0x0, 0x0, 0x1, 0xfb,
    0x0, 0x1, 0xfb, 0x0, 0xcf, 0x10, 0xc, 0xf0,
    0x0, 0x0, 0x1f, 0xb0, 0x10, 0x18, 0x60, 0xc,
    0xf1, 0x0, 0x68, 0x0, 0x0, 0x1, 0xfb, 0x4e,
    0x60, 0x0, 0x0, 0xcf, 0x10, 0x0, 0x0, 0x0,
    0x0, 0x3f, 0xef, 0xe4, 0x0, 0x0, 0xc, 0xf1,
    0x0, 0x0, 0x0, 0x0, 0x8, 0xff, 0xc1, 0x0,
    0x0, 0x0, 0xdf, 0x10, 0x0, 0x0, 0x0, 0x0,
    0x9f, 0x90, 0x0, 0x0, 0x0, 0xd, 0xf1, 0x0,
    0x0, 0x0, 0x0, 0x0, 0x40, 0x0, 0x0, 0x0,
    0x0, 0xef, 0x20, 0x0, 0x0,

    /* U+952E "键" */
    0x0, 0x0, 0x63, 0x0, 0x0, 0x0, 0x0, 0x0,
    0xa8, 0x0, 0x0, 0x0, 0x0, 0x0, 0xff, 0x20,
    0x0, 0x0, 0x0, 0x0, 0xdb, 0x0, 0x0, 0x0,
    0x0, 0x6, 0xf9, 0x0, 0x87, 0x77, 0x23, 0x99,
    0xed, 0x88, 0x85, 0x0, 0x0, 0xd, 0xf5, 0x43,
    0xff, 0xff, 0x25, 0xed, 0xff, 0xdd, 0xf9, 0x0,
    0x0, 0x6f, 0xff, 0xfa, 0x11, 0xce, 0x0, 0x0,
    0xea, 0x1, 0xf8, 0x0, 0x1, 0xee, 0x77, 0x75,
    0x0, 0xf9, 0x1, 0x0, 0xea, 0x1, 0xf8, 0x10,
    0xc, 0xf4, 0x0, 0x0, 0x3, 0xf4, 0x6f, 0xff,
    0xff, 0xff, 0xff, 0xf0, 0x8, 0x80, 0x0, 0x0,
    0x8, 0xf0, 0x26, 0x55, 0xfc, 0x56, 0xfb, 0x80,
    0x0, 0x3e, 0xee, 0xec, 0xe, 0xb0, 0x0, 0x0,
    0xea, 0x1, 0xf8, 0x0, 0x0, 0x2b, 0xfb, 0x97,
    0x7f, 0x94, 0x22, 0x87, 0xfd, 0x77, 0xf8, 0x0,
    0x0, 0x1, 0xf6, 0x0, 0xef, 0xff, 0xa4, 0xff,
    0xff, 0xff, 0xf8, 0x0, 0x0, 0x1, 0xf6, 0x0,
    0x54, 0x3f, 0x80, 0x0, 0xea, 0x0, 0x0, 0x0,
    0x1, 0x88, 0xfc, 0x96, 0x0, 0x1f, 0x64, 0x76,
    0xfc, 0x66, 0x73, 0x0, 0x2, 0xfe, 0xfe, 0xd8,
    0x77, 0x2f, 0x5a, 0xff, 0xff, 0xff, 0xf6, 0x0,
    0x0, 0x1, 0xf6, 0x0, 0xcd, 0x4f, 0x30, 0x0,
    0xea, 0x0, 0x0, 0x0, 0x0, 0x1, 0xf6, 0x0,
    0x8f, 0x8f, 0x1, 0x0, 0xea, 0x0, 0x1, 0x0,
    0x0, 0x1, 0xf6, 0x15, 0x2f, 0xec, 0x1f, 0xff,
    0xff, 0xff, 0xfe, 0x0, 0x0, 0x1, 0xf8, 0xdf,
    0x1b, 0xf8, 0x7, 0x66, 0xfc, 0x66, 0x66, 0x0,
    0x0, 0x1, 0xff, 0xf6, 0x7, 0xfd, 0x20, 0x0,
    0xea, 0x0, 0x0, 0x0, 0x0, 0x8, 0xff, 0x40,
    0x3f, 0xcd, 0xf9, 0x40, 0xea, 0x0, 0x0, 0x0,
    0x0, 0x7, 0xf4, 0x4, 0xef, 0x11, 0x9f, 0xff,
    0xfe, 0xcc, 0xbd, 0xe1, 0x0, 0x0, 0x20, 0x7,
    0xf4, 0x0, 0x1, 0x58, 0xac, 0xde, 0xee, 0xb0,
    0x0, 0x0, 0x0, 0x0, 0x20, 0x0, 0x0, 0x0,
    0x0, 0x0, 0x0, 0x0,

    /* U+95ED "闭" */
    0x0, 0x5c, 0x10, 0x0, 0x0, 0x0, 0x0, 0x0,
    0x0, 0x0, 0x0, 0xcf, 0xc0, 0x0, 0x9b, 0xbb,
    0xbb, 0xbb, 0xbb, 0xba, 0x0, 0x1e, 0xf8, 0x0,
    0xcf, 0xff, 0xff, 0xff, 0xff, 0xfe, 0x0, 0x5,
    0xfb, 0x0, 0x10, 0x0, 0x0, 0x0, 0x0, 0xfe,
    0x0, 0x0, 0x50, 0x0, 0x0, 0x14, 0x40, 0x0,
    0x0, 0xfd, 0xab, 0x20, 0x0, 0x0, 0x0, 0x3f,
    0xd0, 0x0, 0x0, 0xfd, 0xef, 0x10, 0x0, 0x0,
    0x0, 0x2f, 0xc0, 0x0, 0x0, 0xfd, 0xdf, 0x0,
    0x0, 0x0, 0x0, 0x2f, 0xb0, 0x0, 0x0, 0xfd,
    0xdf, 0x7, 0xcc, 0xbb, 0xbb, 0xcf, 0xeb, 0xcc,
    0x30, 0xfd, 0xdf, 0x9, 0xff, 0xff, 0xff, 0xff,
    0xff, 0xff, 0x40, 0xfd, 0xdf, 0x0, 0x0, 0x0,
    0xd, 0xff, 0xb0, 0x0, 0x0, 0xfd, 0xdf, 0x0,
    0x0, 0x0, 0x6f, 0xcf, 0xb0, 0x0, 0x0, 0xfd,
    0xdf, 0x0, 0x0, 0x2, 0xef, 0x4f, 0xb0, 0x0,
    0x0, 0xfd, 0xdf, 0x0, 0x0, 0xd, 0xf7, 0x2f,
    0xb0, 0x0, 0x0, 0xfd, 0xdf, 0x0, 0x1, 0xcf,
    0xc0, 0x2f, 0xb0, 0x0, 0x0, 0xfd, 0xdf, 0x0,
    0x2d, 0xfd, 0x10, 0x2f, 0xb0, 0x0, 0x0, 0xfd,
    0xdf, 0x7, 0xff, 0xd1, 0x0, 0x2f, 0xb0, 0x0,
    0x0, 0xfd, 0xdf, 0x2e, 0xfa, 0x10, 0x0, 0x2f,
    0xb0, 0x0, 0x0, 0xfd, 0xdf, 0x1, 0x50, 0x0,
    0x24, 0xaf, 0xb0, 0x0, 0x0, 0xfd, 0xdf, 0x0,
    0x0, 0x0, 0xaf, 0xff, 0x70, 0x0, 0x3, 0xfc,
    0xef, 0x0, 0x0, 0x0, 0x5c, 0x84, 0x0, 0xc,
    0xff, 0xfa, 0xef, 0x0, 0x0, 0x0, 0x0, 0x0,
    0x0, 0x6, 0xfd, 0x91, 0x0, 0x0, 0x0, 0x0,
    0x0, 0x0, 0x0, 0x0, 0x0, 0x0,

    /* U+95F4 "间" */
    0x0, 0x17, 0x0, 0x0, 0x0, 0x0, 0x0, 0x0,
    0x0, 0x0, 0x0, 0xcf, 0x80, 0x0, 0x21, 0x11,
    0x11, 0x11, 0x11, 0x10, 0x0, 0x2f, 0xf4, 0x0,
    0xef, 0xff, 0xff, 0xff, 0xff, 0xfd, 0x0, 0x7,
    0xfe, 0x10, 0x89, 0x88, 0x88, 0x88, 0x89, 0xfd,
    0x1, 0x0, 0x93, 0x0, 0x0, 0x0, 0x0, 0x0,
    0x1, 0xfd, 0xef, 0x20, 0x0, 0x0, 0x0, 0x0,
    0x0, 0x0, 0x1, 0xfc, 0xdf, 0x10, 0x5, 0x77,
    0x77, 0x77, 0x77, 0x50, 0x1, 0xfc, 0xdf, 0x10,
    0xc, 0xff, 0xff, 0xff, 0xff, 0xc0, 0x1, 0xfc,
    0xcf, 0x10, 0xc, 0xf1, 0x0, 0x0, 0x1f, 0xb0,
    0x1, 0xfc, 0xcf, 0x10, 0xb, 0xf0, 0x0, 0x0,
    0x1f, 0xb0, 0x1, 0xfc, 0xcf, 0x10, 0xb, 0xf0,
    0x0, 0x0, 0x1f, 0xb0, 0x1, 0xfc, 0xcf, 0x10,
    0xb, 0xff, 0xff, 0xff, 0xff, 0xb0, 0x1, 0xfc,
    0xcf, 0x10, 0xb, 0xf9, 0x88, 0x88, 0x9f, 0xb0,
    0x1, 0xfc, 0xcf, 0x10, 0xb, 0xf0, 0x0, 0x0,
    0x1f, 0xb0, 0x1, 0xfc, 0xcf, 0x10, 0xb, 0xf0,
    0x0, 0x0, 0x1f, 0xb0, 0x1, 0xfc, 0xcf, 0x10,
    0xc, 0xf0, 0x0, 0x0, 0x1f, 0xb0, 0x1, 0xfc,
    0xcf, 0x10, 0xc, 0xff, 0xff, 0xff, 0xff, 0xb0,
    0x1, 0xfc, 0xcf, 0x10, 0x7, 0x88, 0x88, 0x88,
    0x88, 0x60, 0x1, 0xfc, 0xdf, 0x10, 0x0, 0x0,
    0x0, 0x0, 0x0, 0x0, 0x1, 0xfc, 0xdf, 0x10,
    0x0, 0x0, 0x0, 0x0, 0x0, 0x0, 0x5, 0xfc,
    0xef, 0x20, 0x0, 0x0, 0x0, 0x0, 0x0, 0xa,
    0xff, 0xfa, 0xff, 0x20, 0x0, 0x0, 0x0, 0x0,
    0x0, 0x5, 0xff, 0xb2, 0x0, 0x0, 0x0, 0x0,
    0x0, 0x0, 0x0, 0x1, 0x41, 0x0,

    /* U+9635 "阵" */
    0x0, 0x0, 0x0, 0x0, 0x0, 0x0, 0x24, 0x0,
    0x0, 0x0, 0x0, 0x1, 0x11, 0x11, 0x11, 0x0,
    0x0, 0x8f, 0xd0, 0x0, 0x0, 0x0, 0xf, 0xff,
    0xff, 0xf6, 0x0, 0x0, 0xbf, 0x60, 0x0, 0x0,
    0x0, 0xf, 0xe6, 0x6e, 0xf1, 0x0, 0x0, 0xfe,
    0x0, 0x0, 0x0, 0x0, 0xf, 0xc0, 0x1f, 0xa0,
    0xef, 0xff, 0xff, 0xff, 0xff, 0xff, 0xf1, 0xf,
    0xc0, 0x4f, 0x50, 0xaa, 0xaf, 0xfa, 0xaa, 0xaa,
    0xaa, 0xb1, 0xf, 0xc0, 0x9f, 0x0, 0x0, 0x2f,
    0xa0, 0x0, 0x0, 0x0, 0x0, 0xf, 0xc0, 0xdb,
    0x0, 0x0, 0x9f, 0x30, 0x33, 0x0, 0x0, 0x0,
    0xf, 0xc2, 0xf6, 0x0, 0x1, 0xfb, 0x0, 0xff,
    0x0, 0x0, 0x0, 0xf, 0xc3, 0xf8, 0x0, 0xa,
    0xf3, 0x0, 0xff, 0x0, 0x0, 0x0, 0xf, 0xc0,
    0x7f, 0x40, 0x8f, 0xc0, 0x0, 0xef, 0x0, 0x11,
    0x10, 0xf, 0xc0, 0xd, 0xd0, 0xcf, 0xff, 0xff,
    0xff, 0xff, 0xff, 0x80, 0xf, 0xc0, 0x7, 0xf5,
    0x5e, 0xb9, 0x98, 0xff, 0x77, 0x78, 0x40, 0xf,
    0xc0, 0x3, 0xf9, 0x0, 0x0, 0x0, 0xef, 0x0,
    0x0, 0x0, 0xf, 0xc0, 0x5, 0xfa, 0x0, 0x0,
    0x0, 0xef, 0x0, 0x0, 0x0, 0xf, 0xc3, 0xbf,
    0xf5, 0x11, 0x0, 0x0, 0xef, 0x0, 0x0, 0x11,
    0xf, 0xc0, 0xff, 0x64, 0xff, 0xff, 0xff, 0xff,
    0xff, 0xff, 0xfb, 0xf, 0xc0, 0x40, 0x2, 0xa9,
    0x99, 0x99, 0xff, 0x99, 0x99, 0x97, 0xf, 0xc0,
    0x0, 0x0, 0x0, 0x0, 0x0, 0xef, 0x0, 0x0,
    0x0, 0xf, 0xc0, 0x0, 0x0, 0x0, 0x0, 0x0,
    0xef, 0x0, 0x0, 0x0, 0xf, 0xc0, 0x0, 0x0,
    0x0, 0x0, 0x0, 0xff, 0x0, 0x0, 0x0, 0x1f,
    0xc0, 0x0, 0x0, 0x0, 0x0, 0x0, 0xff, 0x0,
    0x0, 0x0,

    /* U+9644 "附" */
    0x0, 0x0, 0x0, 0x0, 0x0, 0x21, 0x0, 0x0,
    0x3, 0x40, 0x0, 0x0, 0x0, 0x0, 0x0, 0x0,
    0xaf, 0x90, 0x0, 0xc, 0xf1, 0x0, 0xcf, 0xff,
    0xff, 0xe1, 0x0, 0xef, 0x40, 0x0, 0xc, 0xf1,
    0x0, 0xcf, 0x98, 0x9f, 0xb0, 0x3, 0xfd, 0x0,
    0x0, 0xb, 0xf0, 0x0, 0xbf, 0x10, 0x5f, 0x60,
    0x8, 0xf7, 0x0, 0x0, 0xb, 0xf0, 0x0, 0xbf,
    0x10, 0xaf, 0x10, 0xe, 0xf2, 0x11, 0x11, 0x1c,
    0xf2, 0x20, 0xbf, 0x10, 0xec, 0x0, 0x5f, 0xf2,
    0x9f, 0xff, 0xff, 0xff, 0xf1, 0xbf, 0x13, 0xf7,
    0x0, 0xcf, 0xf2, 0x47, 0x77, 0x7d, 0xf6, 0x60,
    0xbf, 0x18, 0xf2, 0x5, 0xff, 0xf2, 0x0, 0x0,
    0xb, 0xf0, 0x0, 0xbf, 0x1d, 0xf1, 0xe, 0xfb,
    0xf2, 0x0, 0x0, 0xb, 0xf0, 0x0, 0xbf, 0x15,
    0xfa, 0x7f, 0x7a, 0xf2, 0x2c, 0xb0, 0xb, 0xf0,
    0x0, 0xbf, 0x10, 0xaf, 0x46, 0xa, 0xf2, 0xf,
    0xf0, 0xb, 0xf0, 0x0, 0xbf, 0x10, 0x2f, 0xb0,
    0xa, 0xf2, 0xb, 0xf3, 0xb, 0xf0, 0x0, 0xbf,
    0x10, 0xc, 0xf0, 0xa, 0xf2, 0x6, 0xf7, 0xb,
    0xf0, 0x0, 0xbf, 0x10, 0xc, 0xf1, 0xa, 0xf2,
    0x1, 0x30, 0xb, 0xf0, 0x0, 0xbf, 0x16, 0x9f,
    0xe0, 0xa, 0xf2, 0x0, 0x0, 0xb, 0xf0, 0x0,
    0xbf, 0x1c, 0xff, 0x50, 0xa, 0xf2, 0x0, 0x0,
    0xb, 0xf0, 0x0, 0xbf, 0x16, 0x71, 0x0, 0xa,
    0xf2, 0x0, 0x0, 0xb, 0xf0, 0x0, 0xbf, 0x10,
    0x0, 0x0, 0xa, 0xf2, 0x0, 0x0, 0xc, 0xf0,
    0x0, 0xbf, 0x10, 0x0, 0x0, 0xa, 0xf2, 0x0,
    0x13, 0x5f, 0xf0, 0x0, 0xcf, 0x10, 0x0, 0x0,
    0xb, 0xf2, 0x0, 0x4f, 0xff, 0xb0, 0x0, 0xcf,
    0x10, 0x0, 0x0, 0xb, 0xf3, 0x0, 0xd, 0xa6,
    0x0, 0x0,

    /* U+964D "降" */
    0x0, 0x0, 0x0, 0x0, 0x0, 0x0, 0x94, 0x0,
    0x0, 0x0, 0x0, 0x0, 0xaa, 0xaa, 0xaa, 0x70,
    0x0, 0x3f, 0xd0, 0x0, 0x0, 0x0, 0x0, 0xf,
    0xff, 0xff, 0xf6, 0x0, 0xb, 0xf8, 0x55, 0x55,
    0x55, 0x0, 0x0, 0xfb, 0x0, 0xaf, 0x10, 0x4,
    0xff, 0xff, 0xff, 0xff, 0xa0, 0x0, 0xf, 0xb0,
    0xe, 0xb0, 0x1, 0xef, 0xb1, 0x11, 0x1e, 0xf1,
    0x0, 0x0, 0xfb, 0x3, 0xf6, 0x0, 0xbf, 0xcf,
    0x70, 0xa, 0xf6, 0x0, 0x0, 0xf, 0xb0, 0x8f,
    0x10, 0x7f, 0xa0, 0xcf, 0x79, 0xf9, 0x0, 0x0,
    0x0, 0xfb, 0xe, 0xb0, 0x0, 0x60, 0x1, 0xdf,
    0xfb, 0x0, 0x0, 0x0, 0xf, 0xb4, 0xf7, 0x0,
    0x0, 0x0, 0x6f, 0xff, 0xe7, 0x10, 0x0, 0x0,
    0xfb, 0x1e, 0xd0, 0x0, 0x38, 0xef, 0xd5, 0x5d,
    0xff, 0xeb, 0x90, 0xf, 0xb0, 0x5f, 0x83, 0xff,
    0xfd, 0x60, 0xaf, 0x4, 0x9d, 0xf9, 0x0, 0xfb,
    0x0, 0xbf, 0x28, 0x93, 0x0, 0xa, 0xf0, 0x0,
    0x1, 0x10, 0xf, 0xb0, 0x4, 0xf8, 0x8, 0xff,
    0xff, 0xff, 0xff, 0xff, 0x60, 0x0, 0xfb, 0x0,
    0x4f, 0x90, 0x59, 0x98, 0x8d, 0xf9, 0x88, 0x93,
    0x0, 0xf, 0xb0, 0x2b, 0xf8, 0x33, 0x0, 0x0,
    0x9f, 0x10, 0x0, 0x0, 0x0, 0xfb, 0x6f, 0xff,
    0x2a, 0xf3, 0x0, 0x9, 0xf1, 0x0, 0x0, 0x0,
    0xf, 0xb0, 0xea, 0x20, 0xcf, 0x77, 0x77, 0xcf,
    0x77, 0x77, 0x75, 0x0, 0xfb, 0x0, 0x0, 0xf,
    0xff, 0xff, 0xff, 0xff, 0xff, 0xff, 0x90, 0xf,
    0xb0, 0x0, 0x0, 0x0, 0x0, 0x0, 0xaf, 0x10,
    0x1, 0x11, 0x0, 0xfb, 0x0, 0x0, 0x0, 0x0,
    0x0, 0x9, 0xf1, 0x0, 0x0, 0x0, 0xf, 0xb0,
    0x0, 0x0, 0x0, 0x0, 0x0, 0xaf, 0x10, 0x0,
    0x0, 0x1, 0xfb, 0x0, 0x0, 0x0, 0x0, 0x0,
    0xa, 0xf2, 0x0, 0x0, 0x0,

    /* U+9664 "除" */
    0x0, 0x0, 0x0, 0x0, 0x0, 0x0, 0x73, 0x0,
    0x0, 0x0, 0x0, 0x0, 0x0, 0x0, 0x0, 0x0,
    0x2, 0xff, 0x20, 0x0, 0x0, 0x0, 0xef, 0xff,
    0xff, 0xf1, 0x0, 0x9, 0xff, 0x40, 0x0, 0x0,
    0x0, 0xee, 0x77, 0x7f, 0xb0, 0x0, 0x2f, 0xcd,
    0xe1, 0x0, 0x0, 0x0, 0xdd, 0x0, 0x4f, 0x50,
    0x0, 0xbf, 0x24, 0xfc, 0x0, 0x0, 0x0, 0xdd,
    0x0, 0xaf, 0x0, 0x7, 0xf8, 0x0, 0x8f, 0xb0,
    0x0, 0x0, 0xdd, 0x0, 0xea, 0x0, 0x3f, 0xc0,
    0x0, 0xa, 0xfd, 0x40, 0x0, 0xdd, 0x6, 0xf5,
    0x3, 0xee, 0x21, 0x11, 0x11, 0xbf, 0xfb, 0x30,
    0xdd, 0xd, 0xf0, 0x4f, 0xfc, 0xff, 0xff, 0xff,
    0xf8, 0xff, 0xa0, 0xdd, 0xd, 0xe1, 0x2d, 0x54,
    0x98, 0xcf, 0x98, 0x90, 0x2a, 0x0, 0xdd, 0x2,
    0xfb, 0x0, 0x0, 0x0, 0x8f, 0x10, 0x0, 0x0,
    0x0, 0xdd, 0x0, 0x8f, 0x40, 0x0, 0x0, 0x8f,
    0x10, 0x0, 0x0, 0x0, 0xdd, 0x0, 0x1f, 0xa9,
    0xff, 0xff, 0xff, 0xff, 0xff, 0xf5, 0x0, 0xdd,
    0x0, 0xe, 0xd5, 0x99, 0x88, 0xcf, 0x98, 0x89,
    0x93, 0x0, 0xdd, 0x0, 0x3f, 0xd0, 0x0, 0x0,
    0x8f, 0x10, 0x0, 0x0, 0x0, 0xdd, 0x2d, 0xff,
    0x70, 0xa, 0x30, 0x8f, 0x10, 0x82, 0x0, 0x0,
    0xdd, 0xd, 0xf7, 0x0, 0x7f, 0xb0, 0x8f, 0x16,
    0xfd, 0x10, 0x0, 0xdd, 0x2, 0x0, 0x3, 0xfd,
    0x10, 0x8f, 0x10, 0x8f, 0xb0, 0x0, 0xdd, 0x0,
    0x0, 0x2e, 0xf2, 0x0, 0x8f, 0x10, 0xa, 0xfb,
    0x0, 0xdd, 0x0, 0x0, 0xaf, 0x40, 0x0, 0xbf,
    0x10, 0x0, 0xde, 0x40, 0xed, 0x0, 0x0, 0x4,
    0x0, 0xbf, 0xfe, 0x0, 0x0, 0x21, 0x0, 0xed,
    0x0, 0x0, 0x0, 0x0, 0x5f, 0xc4, 0x0, 0x0,
    0x0, 0x0, 0x0, 0x0, 0x0, 0x0, 0x0, 0x0,
    0x0, 0x0, 0x0, 0x0, 0x0,

    /* U+9690 "隐" */
    0x0, 0x0, 0x0, 0x0, 0x0, 0x1, 0x93, 0x0,
    0x0, 0x0, 0x0, 0x0, 0x0, 0x0, 0x0, 0x0,
    0x0, 0x9f, 0xd1, 0x0, 0x0, 0x0, 0x0, 0x1d,
    0xdd, 0xdd, 0xd4, 0x0, 0x3f, 0xf8, 0x55, 0x55,
    0x30, 0x0, 0x0, 0xfd, 0x77, 0xdf, 0x10, 0xd,
    0xff, 0xff, 0xff, 0xf2, 0x0, 0x0, 0xf, 0xb0,
    0xe, 0xc0, 0xa, 0xfb, 0x0, 0x5, 0xf7, 0x0,
    0x0, 0x0, 0xfb, 0x2, 0xf7, 0xa, 0xfc, 0x0,
    0x0, 0xdd, 0x0, 0x0, 0x0, 0xf, 0xb0, 0x5f,
    0x36, 0xfd, 0xff, 0xff, 0xff, 0xff, 0xff, 0x20,
    0x0, 0xfb, 0x9, 0xf0, 0x3, 0x26, 0x66, 0x55,
    0x55, 0x5b, 0xf1, 0x0, 0xf, 0xb0, 0xdb, 0x0,
    0x0, 0x0, 0x0, 0x0, 0x0, 0x9f, 0x10, 0x0,
    0xfb, 0xf, 0xc0, 0x0, 0x78, 0x77, 0x77, 0x77,
    0x7c, 0xf1, 0x0, 0xf, 0xb0, 0x8f, 0x70, 0xb,
    0xee, 0xdd, 0xdd, 0xdd, 0xff, 0x10, 0x0, 0xfb,
    0x0, 0xdf, 0x10, 0x0, 0x0, 0x0, 0x0, 0x9,
    0xf1, 0x0, 0xf, 0xb0, 0x7, 0xf5, 0x7, 0x88,
    0x88, 0x88, 0x88, 0xcf, 0x10, 0x0, 0xfb, 0x0,
    0x4f, 0x80, 0xcf, 0xee, 0xee, 0xee, 0xee, 0xe2,
    0x0, 0xf, 0xb0, 0x8, 0xf7, 0x0, 0x0, 0x0,
    0x11, 0x0, 0x0, 0x0, 0x0, 0xfb, 0x6f, 0xff,
    0x20, 0x0, 0x0, 0x2f, 0x80, 0x0, 0x60, 0x0,
    0xf, 0xb0, 0xd9, 0x24, 0xd5, 0x2e, 0xa0, 0xce,
    0x0, 0x7f, 0x60, 0x0, 0xfb, 0x0, 0x0, 0x9f,
    0x41, 0xfa, 0x6, 0xe2, 0x0, 0xee, 0x10, 0xf,
    0xb0, 0x0, 0x1f, 0xc0, 0x1f, 0xa0, 0x0, 0x26,
    0x15, 0xf8, 0x0, 0xfb, 0x0, 0x8, 0xf4, 0x1,
    0xfa, 0x0, 0x6, 0xf8, 0xd, 0xd0, 0xf, 0xb0,
    0x0, 0xed, 0x0, 0xf, 0xf9, 0x88, 0xef, 0x30,
    0x10, 0x1, 0xfb, 0x0, 0x0, 0x20, 0x0, 0xaf,
    0xff, 0xfe, 0x80, 0x0, 0x0, 0x0, 0x0, 0x0,
    0x0, 0x0, 0x0, 0x0, 0x0, 0x0, 0x0, 0x0,
    0x0,

    /* U+96E8 "雨" */
    0x12, 0x11, 0x11, 0x11, 0x11, 0x11, 0x11, 0x11,
    0x11, 0x12, 0x31, 0x7f, 0xff, 0xff, 0xff, 0xff,
    0xff, 0xff, 0xff, 0xff, 0xff, 0xf7, 0x49, 0x98,
    0x88, 0x88, 0x88, 0xef, 0x98, 0x88, 0x88, 0x88,
    0x94, 0x0, 0x0, 0x0, 0x0, 0x0, 0xcf, 0x10,
    0x0, 0x0, 0x0, 0x0, 0x0, 0x0, 0x0, 0x0,
    0x0, 0xcf, 0x10, 0x0, 0x0, 0x0, 0x0, 0x1,
    0xaa, 0xaa, 0xaa, 0xaa, 0xef, 0xaa, 0xaa, 0xaa,
    0xaa, 0x90, 0x2, 0xff, 0xff, 0xff, 0xff, 0xff,
    0xff, 0xff, 0xff, 0xff, 0xd0, 0x1, 0xfe, 0x0,
    0x0, 0x0, 0xcf, 0x10, 0x0, 0x0, 0x1f, 0xd0,
    0x0, 0xfe, 0x0, 0x70, 0x0, 0xcf, 0x10, 0x71,
    0x0, 0x1f, 0xd0, 0x0, 0xfe, 0x5, 0xfd, 0x10,
    0xcf, 0x17, 0xfe, 0x30, 0x1f, 0xc0, 0x0, 0xfe,
    0x0, 0x8f, 0xd0, 0xcf, 0x10, 0x9f, 0xf3, 0x1f,
    0xc0, 0x0, 0xfe, 0x0, 0x7, 0x40, 0xcf, 0x10,
    0x5, 0xa0, 0x1f, 0xc0, 0x0, 0xfe, 0x0, 0x0,
    0x0, 0xcf, 0x10, 0x0, 0x0, 0x1f, 0xc0, 0x0,
    0xfe, 0x1, 0x60, 0x0, 0xcf, 0x10, 0x40, 0x0,
    0x1f, 0xc0, 0x0, 0xfe, 0xb, 0xf8, 0x0, 0xcf,
    0x15, 0xfc, 0x10, 0x1f, 0xc0, 0x0, 0xfe, 0x2,
    0xdf, 0x90, 0xcf, 0x11, 0xbf, 0xe1, 0x1f, 0xc0,
    0x0, 0xfe, 0x0, 0x1c, 0x30, 0xcf, 0x10, 0x8,
    0x80, 0x1f, 0xc0, 0x0, 0xfe, 0x0, 0x0, 0x0,
    0xcf, 0x10, 0x0, 0x0, 0x1f, 0xc0, 0x0, 0xfe,
    0x0, 0x0, 0x0, 0xcf, 0x10, 0x0, 0x0, 0x4f,
    0xc0, 0x1, 0xfe, 0x0, 0x0, 0x0, 0xcf, 0x10,
    0x0, 0x4f, 0xff, 0xa0, 0x2, 0xdb, 0x0, 0x0,
    0x0, 0x34, 0x0, 0x0, 0xf, 0xeb, 0x20,

    /* U+96EA "雪" */
    0x0, 0x38, 0x77, 0x77, 0x77, 0x77, 0x77, 0x77,
    0x77, 0x76, 0x0, 0x0, 0x6e, 0xed, 0xdd, 0xdd,
    0xff, 0xdd, 0xdd, 0xde, 0xeb, 0x0, 0x0, 0x0,
    0x0, 0x0, 0x0, 0xbf, 0x0, 0x0, 0x0, 0x0,
    0x0, 0x5, 0x55, 0x55, 0x55, 0x55, 0xdf, 0x65,
    0x55, 0x55, 0x55, 0x50, 0xf, 0xff, 0xff, 0xff,
    0xff, 0xff, 0xff, 0xff, 0xff, 0xff, 0xf2, 0xf,
    0xc0, 0x0, 0x0, 0x0, 0xbf, 0x0, 0x0, 0x0,
    0x8, 0xf1, 0xf, 0xc0, 0x45, 0x55, 0x40, 0xbf,
    0x4, 0x55, 0x55, 0x8, 0xf1, 0xf, 0xb0, 0xbf,
    0xff, 0xb0, 0xbf, 0xb, 0xff, 0xfe, 0x7, 0xf2,
    0x0, 0x0, 0x0, 0x0, 0x0, 0xbf, 0x0, 0x0,
    0x0, 0x0, 0x0, 0x0, 0x0, 0xff, 0xff, 0xf0,
    0xbf, 0x1a, 0xff, 0xff, 0x50, 0x0, 0x0, 0x0,
    0x55, 0x55, 0x50, 0x45, 0x3, 0x55, 0x55, 0x10,
    0x0, 0x0, 0x0, 0x0, 0x0, 0x0, 0x0, 0x0,
    0x0, 0x0, 0x0, 0x0, 0x0, 0x28, 0x77, 0x77,
    0x77, 0x77, 0x77, 0x77, 0x77, 0x72, 0x0, 0x0,
    0x4e, 0xed, 0xdd, 0xdd, 0xdd, 0xdd, 0xdd, 0xde,
    0xf4, 0x0, 0x0, 0x0, 0x0, 0x0, 0x0, 0x0,
    0x0, 0x0, 0x7, 0xf4, 0x0, 0x0, 0x5, 0x66,
    0x66, 0x66, 0x66, 0x66, 0x66, 0x6a, 0xf3, 0x0,
    0x0, 0xb, 0xff, 0xff, 0xff, 0xff, 0xff, 0xff,
    0xff, 0xf3, 0x0, 0x0, 0x0, 0x0, 0x0, 0x0,
    0x0, 0x0, 0x0, 0x7, 0xf3, 0x0, 0x0, 0x14,
    0x33, 0x33, 0x33, 0x33, 0x33, 0x33, 0x38, 0xf3,
    0x0, 0x0, 0x3f, 0xff, 0xff, 0xff, 0xff, 0xff,
    0xff, 0xff, 0xf4, 0x0, 0x0, 0x3, 0x22, 0x22,
    0x22, 0x22, 0x22, 0x22, 0x28, 0xf4, 0x0,

    /* U+96F7 "雷" */
    0x0, 0x0, 0x0, 0x0, 0x0, 0x0, 0x0, 0x0,
    0x0, 0x0, 0x0, 0x0, 0xcf, 0xff, 0xff, 0xff,
    0xff, 0xff, 0xff, 0xff, 0xf9, 0x0, 0x0, 0x56,
    0x65, 0x55, 0x56, 0xfd, 0x55, 0x55, 0x56, 0x64,
    0x0, 0x0, 0x0, 0x0, 0x0, 0x1, 0xfc, 0x0,
    0x0, 0x0, 0x0, 0x0, 0xcf, 0xff, 0xff, 0xff,
    0xff, 0xff, 0xff, 0xff, 0xff, 0xff, 0xf2, 0xcf,
    0x97, 0x77, 0x77, 0x77, 0xfe, 0x77, 0x77, 0x77,
    0x7e, 0xf1, 0xbf, 0x41, 0x33, 0x33, 0x1, 0xfc,
    0x2, 0x33, 0x32, 0xc, 0xf1, 0xcf, 0x48, 0xff,
    0xff, 0x11, 0xfc, 0xc, 0xff, 0xfd, 0xc, 0xf1,
    0x34, 0x10, 0x11, 0x11, 0x1, 0xfc, 0x1, 0x11,
    0x11, 0x3, 0x40, 0x0, 0x3, 0x55, 0x55, 0x1,
    0xfd, 0x3, 0x55, 0x55, 0x0, 0x0, 0x0, 0x9,
    0xff, 0xff, 0x11, 0xfd, 0xa, 0xff, 0xfe, 0x0,
    0x0, 0x0, 0x0, 0x0, 0x0, 0x0, 0x76, 0x0,
    0x0, 0x0, 0x0, 0x0, 0x0, 0x7f, 0xff, 0xff,
    0xff, 0xff, 0xff, 0xff, 0xff, 0xb0, 0x0, 0x0,
    0x7f, 0xa8, 0x88, 0x89, 0xfe, 0x88, 0x88, 0x8f,
    0xb0, 0x0, 0x0, 0x6f, 0x50, 0x0, 0x1, 0xfc,
    0x0, 0x0, 0xf, 0xa0, 0x0, 0x0, 0x6f, 0x73,
    0x33, 0x34, 0xfd, 0x33, 0x33, 0x3f, 0xa0, 0x0,
    0x0, 0x6f, 0xff, 0xff, 0xff, 0xff, 0xff, 0xff,
    0xff, 0xa0, 0x0, 0x0, 0x6f, 0x73, 0x33, 0x34,
    0xfd, 0x33, 0x33, 0x3f, 0xa0, 0x0, 0x0, 0x6f,
    0x50, 0x0, 0x1, 0xfc, 0x0, 0x0, 0xf, 0xa0,
    0x0, 0x0, 0x6f, 0xa7, 0x77, 0x77, 0xfe, 0x77,
    0x77, 0x7f, 0xa0, 0x0, 0x0, 0x6f, 0xff, 0xff,
    0xff, 0xff, 0xff, 0xff, 0xff, 0xb0, 0x0, 0x0,
    0x7f, 0x50, 0x0, 0x0, 0x0, 0x0, 0x0, 0xf,
    0xc0, 0x0, 0x0, 0x1, 0x0, 0x0, 0x0, 0x0,
    0x0, 0x0, 0x0, 0x0, 0x0,

    /* U+96FE "雾" */
    0x0, 0x1, 0x10, 0x0, 0x0, 0x0, 0x0, 0x0,
    0x0, 0x11, 0x0, 0x0, 0x4f, 0xff, 0xff, 0xff,
    0xff, 0xff, 0xff, 0xff, 0xfb, 0x0, 0x0, 0x17,
    0x66, 0x66, 0x66, 0xbf, 0x66, 0x66, 0x66, 0x65,
    0x0, 0x5, 0x55, 0x55, 0x55, 0x55, 0xbf, 0x55,
    0x55, 0x55, 0x55, 0x50, 0xf, 0xff, 0xff, 0xff,
    0xff, 0xff, 0xff, 0xff, 0xff, 0xff, 0xf0, 0xe,
    0xa0, 0x11, 0x11, 0x10, 0x9e, 0x1, 0x11, 0x11,
    0x8, 0xf0, 0xf, 0xa0, 0xdf, 0xff, 0x90, 0x9e,
    0xe, 0xff, 0xfa, 0x8, 0xf0, 0x6, 0x40, 0x11,
    0x11, 0x10, 0x9e, 0x1, 0x11, 0x11, 0x5, 0x90,
    0x0, 0x4, 0xff, 0xff, 0xf0, 0x9e, 0xe, 0xff,
    0xff, 0x80, 0x0, 0x0, 0x0, 0x22, 0x6e, 0x50,
    0x6a, 0x1, 0x22, 0x22, 0x10, 0x0, 0x0, 0x0,
    0x4, 0xff, 0x85, 0x55, 0x55, 0x55, 0x53, 0x0,
    0x0, 0x0, 0x1, 0x9f, 0xff, 0xff, 0xff, 0xff,
    0xff, 0xe2, 0x0, 0x0, 0x0, 0x8f, 0xf8, 0x4e,
    0xd4, 0x0, 0x9, 0xfc, 0x10, 0x0, 0x0, 0x0,
    0x5b, 0x20, 0x1, 0xaf, 0xb8, 0xef, 0x70, 0x0,
    0x0, 0x0, 0x0, 0x0, 0x1, 0x36, 0x9e, 0xff,
    0xfa, 0x63, 0x10, 0x0, 0x0, 0x3e, 0xee, 0xff,
    0xfd, 0xa7, 0x32, 0x7c, 0xff, 0xff, 0xff, 0xf1,
    0x7, 0x76, 0x41, 0x0, 0x9, 0xe3, 0x0, 0x2,
    0x46, 0x79, 0x60, 0x0, 0xa, 0xff, 0xff, 0xff,
    0xff, 0xff, 0xff, 0xff, 0x20, 0x0, 0x0, 0x3,
    0x44, 0x44, 0x9f, 0xa4, 0x44, 0x44, 0xdf, 0x0,
    0x0, 0x0, 0x0, 0x0, 0x29, 0xfc, 0x0, 0x0,
    0x0, 0xed, 0x0, 0x0, 0x2, 0x78, 0xad, 0xff,
    0x80, 0x0, 0xb, 0xdf, 0xf8, 0x0, 0x0, 0x0,
    0xdf, 0xea, 0x61, 0x0, 0x0, 0x9, 0xfd, 0x80,
    0x0, 0x0, 0x0, 0x10, 0x0, 0x0, 0x0, 0x0,
    0x1, 0x0, 0x0, 0x0, 0x0,

    /* U+9752 "青" */
    0x0, 0x0, 0x0, 0x0, 0x0, 0x78, 0x10, 0x0,
    0x0, 0x0, 0x0, 0x0, 0x0, 0x0, 0x0, 0x0,
    0xdf, 0x10, 0x0, 0x0, 0x0, 0x0, 0x0, 0x99,
    0x88, 0x88, 0x88, 0xef, 0x98, 0x88, 0x88, 0x99,
    0x30, 0x0, 0xff, 0xff, 0xff, 0xff, 0xff, 0xff,
    0xff, 0xff, 0xff, 0x50, 0x0, 0x0, 0x0, 0x0,
    0x0, 0xcf, 0x10, 0x0, 0x0, 0x0, 0x0, 0x0,
    0xa, 0xaa, 0xaa, 0xaa, 0xef, 0xaa, 0xaa, 0xaa,
    0xb2, 0x0, 0x0, 0xe, 0xee, 0xee, 0xee, 0xff,
    0xee, 0xee, 0xee, 0xf3, 0x0, 0x0, 0x0, 0x0,
    0x0, 0x0, 0xcf, 0x10, 0x0, 0x0, 0x0, 0x0,
    0x4f, 0xff, 0xff, 0xff, 0xff, 0xff, 0xff, 0xff,
    0xff, 0xff, 0xfa, 0x29, 0x98, 0x88, 0x88, 0x88,
    0x88, 0x88, 0x88, 0x88, 0x89, 0x96, 0x0, 0x0,
    0x0, 0x0, 0x0, 0x0, 0x0, 0x0, 0x0, 0x0,
    0x0, 0x0, 0x1, 0xff, 0xff, 0xff, 0xff, 0xff,
    0xff, 0xff, 0xe0, 0x0, 0x0, 0x0, 0xfd, 0x88,
    0x88, 0x88, 0x88, 0x88, 0x8f, 0xd0, 0x0, 0x0,
    0x0, 0xfb, 0x0, 0x0, 0x0, 0x0, 0x0, 0xe,
    0xc0, 0x0, 0x0, 0x0, 0xff, 0xff, 0xff, 0xff,
    0xff, 0xff, 0xff, 0xc0, 0x0, 0x0, 0x0, 0xfd,
    0x88, 0x88, 0x88, 0x88, 0x88, 0x8f, 0xc0, 0x0,
    0x0, 0x0, 0xfb, 0x0, 0x0, 0x0, 0x0, 0x0,
    0xe, 0xc0, 0x0, 0x0, 0x0, 0xfd, 0x88, 0x88,
    0x88, 0x88, 0x88, 0x8f, 0xc0, 0x0, 0x0, 0x0,
    0xff, 0xff, 0xff, 0xff, 0xff, 0xff, 0xff, 0xc0,
    0x0, 0x0, 0x0, 0xfb, 0x0, 0x0, 0x0, 0x0,
    0x0, 0xf, 0xc0, 0x0, 0x0, 0x0, 0xfb, 0x0,
    0x0, 0x0, 0x0, 0x3a, 0xcf, 0xa0, 0x0, 0x0,
    0x1, 0xfb, 0x0, 0x0, 0x0, 0x0, 0xc, 0xea,
    0x10, 0x0, 0x0, 0x0, 0x0, 0x0, 0x0, 0x0,
    0x0, 0x0, 0x0, 0x0, 0x0,

    /* U+97F3 "音" */
    0x0, 0x0, 0x0, 0x0, 0x3, 0x96, 0x0, 0x0,
    0x0, 0x0, 0x0, 0x0, 0x0, 0x0, 0x0, 0x4,
    0xfd, 0x0, 0x0, 0x0, 0x0, 0x0, 0x0, 0x0,
    0x0, 0x0, 0x0, 0xff, 0x10, 0x0, 0x0, 0x0,
    0x0, 0x2, 0xff, 0xff, 0xff, 0xff, 0xff, 0xff,
    0xff, 0xff, 0xff, 0x20, 0x1, 0x87, 0x77, 0x87,
    0x77, 0x77, 0x77, 0x77, 0x77, 0x78, 0x10, 0x0,
    0x0, 0x4, 0xe7, 0x0, 0x0, 0x0, 0x6d, 0x60,
    0x0, 0x0, 0x0, 0x0, 0x2, 0xff, 0x20, 0x0,
    0x0, 0xbf, 0x70, 0x0, 0x0, 0x0, 0x0, 0x0,
    0x8f, 0xb0, 0x0, 0x2, 0xfd, 0x0, 0x0, 0x0,
    0x1, 0x11, 0x0, 0x2f, 0x70, 0x0, 0x8, 0xf6,
    0x0, 0x1, 0x11, 0x3f, 0xff, 0xff, 0xff, 0xff,
    0xff, 0xff, 0xff, 0xff, 0xff, 0xfb, 0x17, 0x66,
    0x55, 0x55, 0x55, 0x55, 0x55, 0x55, 0x55, 0x56,
    0x65, 0x0, 0x0, 0x0, 0x0, 0x0, 0x0, 0x0,
    0x0, 0x0, 0x0, 0x0, 0x0, 0x0, 0xdf, 0xff,
    0xff, 0xff, 0xff, 0xff, 0xff, 0x40, 0x0, 0x0,
    0x0, 0xdf, 0x98, 0x88, 0x88, 0x88, 0x88, 0xdf,
    0x40, 0x0, 0x0, 0x0, 0xdf, 0x10, 0x0, 0x0,
    0x0, 0x0, 0xbf, 0x40, 0x0, 0x0, 0x0, 0xdf,
    0x22, 0x22, 0x22, 0x22, 0x22, 0xcf, 0x40, 0x0,
    0x0, 0x0, 0xdf, 0xff, 0xff, 0xff, 0xff, 0xff,
    0xff, 0x40, 0x0, 0x0, 0x0, 0xdf, 0x54, 0x44,
    0x44, 0x44, 0x44, 0xcf, 0x40, 0x0, 0x0, 0x0,
    0xdf, 0x10, 0x0, 0x0, 0x0, 0x0, 0xbf, 0x40,
    0x0, 0x0, 0x0, 0xdf, 0x77, 0x77, 0x77, 0x77,
    0x77, 0xdf, 0x40, 0x0, 0x0, 0x0, 0xdf, 0xff,
    0xff, 0xff, 0xff, 0xff, 0xff, 0x40, 0x0, 0x0,
    0x0, 0xef, 0x10, 0x0, 0x0, 0x0, 0x0, 0xbf,
    0x50, 0x0, 0x0, 0x0, 0x11, 0x0, 0x0, 0x0,
    0x0, 0x0, 0x0, 0x0, 0x0,

    /* U+9875 "页" */
    0x1, 0x10, 0x0, 0x0, 0x0, 0x0, 0x0, 0x0,
    0x0, 0x1, 0x10, 0xf, 0xff, 0xff, 0xff, 0xff,
    0xff, 0xff, 0xff, 0xff, 0xff, 0xf2, 0xb, 0xba,
    0xaa, 0xaa, 0xaa, 0xff, 0xaa, 0xaa, 0xaa, 0xaa,
    0xb1, 0x0, 0x0, 0x0, 0x0, 0x0, 0xfd, 0x0,
    0x0, 0x0, 0x0, 0x0, 0x0, 0x0, 0x0, 0x0,
    0x0, 0xfb, 0x0, 0x0, 0x0, 0x0, 0x0, 0x0,
    0x0, 0x0, 0x0, 0x3, 0xfa, 0x0, 0x0, 0x0,
    0x0, 0x0, 0x0, 0x4, 0xff, 0xff, 0xff, 0xff,
    0xff, 0xff, 0xff, 0x90, 0x0, 0x0, 0x4, 0xfd,
    0x77, 0x77, 0x77, 0x77, 0x77, 0xbf, 0x80, 0x0,
    0x0, 0x3, 0xfc, 0x0, 0x0, 0x0, 0x0, 0x0,
    0x7f, 0x80, 0x0, 0x0, 0x3, 0xfc, 0x0, 0x2,
    0xa8, 0x0, 0x0, 0x7f, 0x80, 0x0, 0x0, 0x3,
    0xfc, 0x0, 0x4, 0xfd, 0x0, 0x0, 0x7f, 0x80,
    0x0, 0x0, 0x3, 0xfc, 0x0, 0x5, 0xf9, 0x0,
    0x0, 0x7f, 0x80, 0x0, 0x0, 0x3, 0xfc, 0x0,
    0x7, 0xf7, 0x0, 0x0, 0x7f, 0x80, 0x0, 0x0,
    0x3, 0xfc, 0x0, 0x9, 0xf3, 0x0, 0x0, 0x7f,
    0x80, 0x0, 0x0, 0x4, 0xfc, 0x0, 0xe, 0xf0,
    0x0, 0x0, 0x7f, 0x80, 0x0, 0x0, 0x4, 0xfc,
    0x0, 0x5f, 0xa0, 0x3, 0x0, 0x5b, 0x60, 0x0,
    0x0, 0x0, 0x10, 0x2, 0xef, 0x30, 0x7f, 0xb2,
    0x0, 0x0, 0x0, 0x0, 0x0, 0x0, 0x4e, 0xf8,
    0x0, 0x4c, 0xff, 0x91, 0x0, 0x0, 0x0, 0x0,
    0x4b, 0xff, 0x80, 0x0, 0x0, 0x5d, 0xfe, 0x60,
    0x0, 0x16, 0xae, 0xff, 0xd4, 0x0, 0x0, 0x0,
    0x0, 0x8f, 0xfb, 0x10, 0xc, 0xff, 0xb5, 0x0,
    0x0, 0x0, 0x0, 0x0, 0x3, 0xee, 0x10, 0x2,
    0x61, 0x0, 0x0, 0x0, 0x0, 0x0, 0x0, 0x0,
    0x12, 0x0,

    /* U+9879 "项" */
    0x0, 0x0, 0x0, 0x0, 0x0, 0x0, 0x0, 0x0,
    0x0, 0x0, 0x0, 0x11, 0x10, 0x1, 0x10, 0x6f,
    0xff, 0xff, 0xff, 0xff, 0xff, 0xfc, 0xbf, 0xff,
    0xff, 0xf5, 0x37, 0x76, 0x68, 0xfd, 0x66, 0x67,
    0x76, 0x46, 0x6f, 0xc6, 0x62, 0x0, 0x0, 0x5,
    0xf9, 0x0, 0x0, 0x0, 0x0, 0x1f, 0xb0, 0x0,
    0x0, 0x0, 0x7, 0xf5, 0x0, 0x0, 0x0, 0x0,
    0x1f, 0xb0, 0x0, 0x5, 0x77, 0x7c, 0xf8, 0x77,
    0x77, 0x20, 0x0, 0x1f, 0xb0, 0x0, 0xc, 0xff,
    0xff, 0xff, 0xff, 0xff, 0x40, 0x0, 0x1f, 0xb0,
    0x0, 0xb, 0xf1, 0x0, 0x0, 0x0, 0x7f, 0x30,
    0x0, 0x1f, 0xb0, 0x0, 0xb, 0xf1, 0x0, 0x0,
    0x0, 0x7f, 0x30, 0x0, 0x1f, 0xb0, 0x0, 0xb,
    0xf1, 0x0, 0xfc, 0x10, 0x7f, 0x30, 0x0, 0x1f,
    0xb0, 0x0, 0xb, 0xf1, 0x0, 0xff, 0x0, 0x7f,
    0x30, 0x0, 0x1f, 0xb0, 0x0, 0xb, 0xf1, 0x0,
    0xfd, 0x0, 0x7f, 0x30, 0x0, 0x1f, 0xb0, 0x34,
    0xb, 0xf1, 0x1, 0xfa, 0x0, 0x7f, 0x30, 0x0,
    0x1f, 0xee, 0xf6, 0xb, 0xf1, 0x3, 0xf7, 0x0,
    0x7f, 0x30, 0x8c, 0xff, 0xfd, 0x82, 0xb, 0xf1,
    0x7, 0xf4, 0x0, 0x7f, 0x30, 0x8f, 0xd7, 0x20,
    0x0, 0xc, 0xf1, 0xd, 0xf0, 0x20, 0x7f, 0x40,
    0x24, 0x0, 0x0, 0x0, 0x5, 0x60, 0x9f, 0x83,
    0xfb, 0x35, 0x10, 0x0, 0x0, 0x0, 0x0, 0x0,
    0x9, 0xfc, 0x4, 0xef, 0xd2, 0x0, 0x0, 0x0,
    0x0, 0x0, 0x4, 0xdf, 0xc1, 0x0, 0x1c, 0xff,
    0x40, 0x0, 0x0, 0x0, 0x38, 0xef, 0xf8, 0x0,
    0x0, 0x0, 0x9f, 0xf5, 0x0, 0x0, 0x0, 0x5f,
    0xfb, 0x20, 0x0, 0x0, 0x0, 0x8, 0xc1, 0x0,
    0x0, 0x0, 0x6, 0x30, 0x0, 0x0, 0x0, 0x0,
    0x0, 0x10,

    /* U+98CE "风" */
    0x0, 0x9, 0xaa, 0xaa, 0xaa, 0xaa, 0xaa, 0xaa,
    0xaa, 0x20, 0x0, 0x0, 0x0, 0xff, 0xff, 0xff,
    0xff, 0xff, 0xff, 0xff, 0xf4, 0x0, 0x0, 0x0,
    0xe, 0xc0, 0x0, 0x0, 0x0, 0x0, 0x0, 0x9f,
    0x30, 0x0, 0x0, 0x0, 0xec, 0x0, 0x0, 0x0,
    0x0, 0x0, 0x9, 0xf2, 0x0, 0x0, 0x0, 0xe,
    0xc0, 0x0, 0x0, 0x0, 0x8, 0x10, 0x9f, 0x20,
    0x0, 0x0, 0x0, 0xec, 0x5, 0xd1, 0x0, 0x3,
    0xfc, 0x9, 0xf2, 0x0, 0x0, 0x0, 0xe, 0xc0,
    0x7f, 0xc0, 0x0, 0x8f, 0x50, 0x9f, 0x20, 0x0,
    0x0, 0x0, 0xec, 0x0, 0x9f, 0x90, 0xe, 0xd0,
    0x9, 0xf2, 0x0, 0x0, 0x0, 0xf, 0xb0, 0x0,
    0xbf, 0x54, 0xf6, 0x0, 0x8f, 0x20, 0x0, 0x0,
    0x0, 0xfb, 0x0, 0x1, 0xee, 0xde, 0x0, 0x8,
    0xf3, 0x0, 0x0, 0x0, 0xf, 0xa0, 0x0, 0x5,
    0xff, 0x70, 0x0, 0x8f, 0x30, 0x0, 0x0, 0x1,
    0xf9, 0x0, 0x0, 0xe, 0xf7, 0x0, 0x7, 0xf3,
    0x0, 0x0, 0x0, 0x3f, 0x70, 0x0, 0x9, 0xff,
    0xf1, 0x0, 0x7f, 0x40, 0x0, 0x0, 0x5, 0xf5,
    0x0, 0x6, 0xfb, 0x5f, 0xa0, 0x5, 0xf6, 0x0,
    0x0, 0x0, 0x8f, 0x30, 0x5, 0xfd, 0x0, 0xcf,
    0x30, 0x4f, 0x80, 0x0, 0x0, 0xc, 0xf0, 0x6,
    0xfe, 0x20, 0x4, 0xfb, 0x1, 0xfb, 0x0, 0x0,
    0x1, 0xfb, 0x8, 0xfe, 0x20, 0x0, 0xc, 0xf3,
    0xe, 0xf0, 0x64, 0x0, 0x7f, 0x60, 0x1b, 0x20,
    0x0, 0x0, 0x48, 0x0, 0xaf, 0x4b, 0xf4, 0xd,
    0xf1, 0x0, 0x0, 0x0, 0x0, 0x0, 0x0, 0x5,
    0xfd, 0xff, 0x8, 0xf9, 0x0, 0x0, 0x0, 0x0,
    0x0, 0x0, 0x0, 0xd, 0xff, 0xa0, 0x5f, 0x10,
    0x0, 0x0, 0x0, 0x0, 0x0, 0x0, 0x0, 0x2e,
    0xe2, 0x0, 0x20, 0x0, 0x0, 0x0, 0x0, 0x0,
    0x0, 0x0, 0x0, 0x0, 0x0,

    /* U+FF08 "（" */
    0x0, 0x0, 0x0, 0x0, 0x0, 0x0, 0x6, 0xc0,
    0x0, 0x0, 0x6f, 0xc1, 0x0, 0x5, 0xfa, 0x0,
    0x0, 0x2f, 0xb0, 0x0, 0x0, 0xce, 0x10, 0x0,
    0x5, 0xf5, 0x0, 0x0, 0xb, 0xd0, 0x0, 0x0,
    0xf, 0x80, 0x0, 0x0, 0x3f, 0x50, 0x0, 0x0,
    0x4f, 0x30, 0x0, 0x0, 0x4f, 0x30, 0x0, 0x0,
    0x2f, 0x50, 0x0, 0x0, 0xf, 0x80, 0x0, 0x0,
    0xc, 0xe0, 0x0, 0x0, 0x6, 0xf5, 0x0, 0x0,
    0x0, 0xde, 0x10, 0x0, 0x0, 0x4f, 0xb0, 0x0,
    0x0, 0x8, 0xfb, 0x0, 0x0, 0x0, 0x9f, 0xc1,
    0x0, 0x0, 0x7, 0xa0, 0x0, 0x0, 0x0, 0x0,

    /* U+FF09 "）" */
    0x0, 0x0, 0x0, 0x0, 0xc, 0x70, 0x0, 0x0,
    0xb, 0xf8, 0x0, 0x0, 0x0, 0x9f, 0x70, 0x0,
    0x0, 0xa, 0xf3, 0x0, 0x0, 0x0, 0xdd, 0x0,
    0x0, 0x0, 0x4f, 0x60, 0x0, 0x0, 0xc, 0xd0,
    0x0, 0x0, 0x7, 0xf1, 0x0, 0x0, 0x3, 0xf4,
    0x0, 0x0, 0x2, 0xf5, 0x0, 0x0, 0x2, 0xf5,
    0x0, 0x0, 0x4, 0xf4, 0x0, 0x0, 0x7, 0xf1,
    0x0, 0x0, 0xc, 0xd0, 0x0, 0x0, 0x4f, 0x70,
    0x0, 0x0, 0xde, 0x10, 0x0, 0xa, 0xf5, 0x0,
    0x0, 0x9f, 0x90, 0x0, 0xb, 0xfa, 0x0, 0x0,
    0x9, 0x80, 0x0, 0x0, 0x0, 0x0, 0x0, 0x0,

    /* U+FF0C "，" */
    0x69, 0x95, 0xbf, 0xfa, 0xbf, 0xfa, 0xbf, 0xfa,
    0x0, 0xf9, 0x5, 0xf4, 0x3e, 0xa0, 0x17, 0x0,

    /* U+FF1A "：" */
    0x1, 0x11, 0x4f, 0xfd, 0x4f, 0xfd, 0x4f, 0xfd,
    0x0, 0x0, 0x0, 0x0, 0x1, 0x11, 0x4f, 0xfd,
    0x4f, 0xfd, 0x4f, 0xfd
};


/*---------------------
 *  GLYPH DESCRIPTION
 *--------------------*/

static const lv_font_fmt_txt_glyph_dsc_t glyph_dsc[] = {
    {.bitmap_index = 0, .adv_w = 0, .box_w = 0, .box_h = 0, .ofs_x = 0, .ofs_y = 0} /* id = 0 reserved */,
    {.bitmap_index = 0, .adv_w = 192, .box_w = 0, .box_h = 0, .ofs_x = 0, .ofs_y = 0},
    {.bitmap_index = 0, .adv_w = 192, .box_w = 4, .box_h = 17, .ofs_x = 4, .ofs_y = 0},
    {.bitmap_index = 34, .adv_w = 192, .box_w = 6, .box_h = 5, .ofs_x = 3, .ofs_y = 11},
    {.bitmap_index = 49, .adv_w = 192, .box_w = 12, .box_h = 16, .ofs_x = 0, .ofs_y = 0},
    {.bitmap_index = 145, .adv_w = 192, .box_w = 10, .box_h = 21, .ofs_x = 1, .ofs_y = -3},
    {.bitmap_index = 250, .adv_w = 192, .box_w = 12, .box_h = 17, .ofs_x = 0, .ofs_y = 0},
    {.bitmap_index = 352, .adv_w = 192, .box_w = 12, .box_h = 16, .ofs_x = 0, .ofs_y = 0},
    {.bitmap_index = 448, .adv_w = 192, .box_w = 3, .box_h = 5, .ofs_x = 4, .ofs_y = 11},
    {.bitmap_index = 456, .adv_w = 192, .box_w = 7, .box_h = 21, .ofs_x = 5, .ofs_y = -2},
    {.bitmap_index = 530, .adv_w = 192, .box_w = 7, .box_h = 21, .ofs_x = 0, .ofs_y = -2},
    {.bitmap_index = 604, .adv_w = 192, .box_w = 12, .box_h = 12, .ofs_x = 0, .ofs_y = 4},
    {.bitmap_index = 676, .adv_w = 192, .box_w = 12, .box_h = 11, .ofs_x = 0, .ofs_y = 3},
    {.bitmap_index = 742, .adv_w = 192, .box_w = 4, .box_h = 6, .ofs_x = 1, .ofs_y = -3},
    {.bitmap_index = 754, .adv_w = 192, .box_w = 12, .box_h = 3, .ofs_x = 0, .ofs_y = 7},
    {.bitmap_index = 772, .adv_w = 192, .box_w = 4, .box_h = 3, .ofs_x = 1, .ofs_y = 0},
    {.bitmap_index = 778, .adv_w = 192, .box_w = 12, .box_h = 19, .ofs_x = 0, .ofs_y = -1},
    {.bitmap_index = 892, .adv_w = 192, .box_w = 11, .box_h = 17, .ofs_x = 0, .ofs_y = -1},
    {.bitmap_index = 986, .adv_w = 192, .box_w = 6, .box_h = 16, .ofs_x = 2, .ofs_y = 0},
    {.bitmap_index = 1034, .adv_w = 192, .box_w = 11, .box_h = 17, .ofs_x = 0, .ofs_y = 0},
    {.bitmap_index = 1128, .adv_w = 192, .box_w = 11, .box_h = 17, .ofs_x = 0, .ofs_y = 0},
    {.bitmap_index = 1222, .adv_w = 192, .box_w = 12, .box_h = 16, .ofs_x = 0, .ofs_y = 0},
    {.bitmap_index = 1318, .adv_w = 192, .box_w = 11, .box_h = 16, .ofs_x = 0, .ofs_y = 0},
    {.bitmap_index = 1406, .adv_w = 192, .box_w = 12, .box_h = 16, .ofs_x = 0, .ofs_y = 0},
    {.bitmap_index = 1502, .adv_w = 192, .box_w = 11, .box_h = 16, .ofs_x = 1, .ofs_y = 0},
    {.bitmap_index = 1590, .adv_w = 192, .box_w = 11, .box_h = 16, .ofs_x = 0, .ofs_y = 0},
    {.bitmap_index = 1678, .adv_w = 192, .box_w = 11, .box_h = 16, .ofs_x = 0, .ofs_y = 0},
    {.bitmap_index = 1766, .adv_w = 192, .box_w = 3, .box_h = 11, .ofs_x = 4, .ofs_y = 0},
    {.bitmap_index = 1783, .adv_w = 192, .box_w = 3, .box_h = 14, .ofs_x = 4, .ofs_y = -3},
    {.bitmap_index = 1804, .adv_w = 192, .box_w = 12, .box_h = 18, .ofs_x = 0, .ofs_y = -1},
    {.bitmap_index = 1912, .adv_w = 192, .box_w = 12, .box_h = 9, .ofs_x = 0, .ofs_y = 4},
    {.bitmap_index = 1966, .adv_w = 192, .box_w = 12, .box_h = 18, .ofs_x = 0, .ofs_y = -1},
    {.bitmap_index = 2074, .adv_w = 192, .box_w = 10, .box_h = 16, .ofs_x = 1, .ofs_y = 0},
    {.bitmap_index = 2154, .adv_w = 192, .box_w = 12, .box_h = 16, .ofs_x = 0, .ofs_y = 0},
    {.bitmap_index = 2250, .adv_w = 192, .box_w = 12, .box_h = 16, .ofs_x = 0, .ofs_y = 0},
    {.bitmap_index = 2346, .adv_w = 192, .box_w = 11, .box_h = 16, .ofs_x = 1, .ofs_y = 0},
    {.bitmap_index = 2434, .adv_w = 192, .box_w = 12, .box_h = 16, .ofs_x = 0, .ofs_y = 0},
    {.bitmap_index = 2530, .adv_w = 192, .box_w = 10, .box_h = 16, .ofs_x = 1, .ofs_y = 0},
    {.bitmap_index = 2610, .adv_w = 192, .box_w = 10, .box_h = 16, .ofs_x = 1, .ofs_y = 0},
    {.bitmap_index = 2690, .adv_w = 192, .box_w = 10, .box_h = 16, .ofs_x = 1, .ofs_y = 0},
    {.bitmap_index = 2770, .adv_w = 192, .box_w = 11, .box_h = 16, .ofs_x = 0, .ofs_y = 0},
    {.bitmap_index = 2858, .adv_w = 192, .box_w = 10, .box_h = 16, .ofs_x = 1, .ofs_y = 0},
    {.bitmap_index = 2938, .adv_w = 192, .box_w = 3, .box_h = 16, .ofs_x = 4, .ofs_y = 0},
    {.bitmap_index = 2962, .adv_w = 192, .box_w = 10, .box_h = 16, .ofs_x = 1, .ofs_y = 0},
    {.bitmap_index = 3042, .adv_w = 192, .box_w = 11, .box_h = 16, .ofs_x = 1, .ofs_y = 0},
    {.bitmap_index = 3130, .adv_w = 192, .box_w = 10, .box_h = 16, .ofs_x = 1, .ofs_y = 0},
    {.bitmap_index = 3210, .adv_w = 192, .box_w = 11, .box_h = 16, .ofs_x = 0, .ofs_y = 0},
    {.bitmap_index = 3298, .adv_w = 192, .box_w = 11, .box_h = 16, .ofs_x = 0, .ofs_y = 0},
    {.bitmap_index = 3386, .adv_w = 192, .box_w = 12, .box_h = 16, .ofs_x = 0, .ofs_y = 0},
    {.bitmap_index = 3482, .adv_w = 192, .box_w = 11, .box_h = 16, .ofs_x = 1, .ofs_y = 0},
    {.bitmap_index = 3570, .adv_w = 192, .box_w = 12, .box_h = 18, .ofs_x = 0, .ofs_y = -2},
    {.bitmap_index = 3678, .adv_w = 192, .box_w = 11, .box_h = 16, .ofs_x = 1, .ofs_y = 0},
    {.bitmap_index = 3766, .adv_w = 192, .box_w = 11, .box_h = 16, .ofs_x = 0, .ofs_y = 0},
    {.bitmap_index = 3854, .adv_w = 192, .box_w = 10, .box_h = 16, .ofs_x = 1, .ofs_y = 0},
    {.bitmap_index = 3934, .adv_w = 192, .box_w = 10, .box_h = 16, .ofs_x = 1, .ofs_y = 0},
    {.bitmap_index = 4014, .adv_w = 192, .box_w = 12, .box_h = 16, .ofs_x = 0, .ofs_y = 0},
    {.bitmap_index = 4110, .adv_w = 192, .box_w = 12, .box_h = 16, .ofs_x = 0, .ofs_y = 0},
    {.bitmap_index = 4206, .adv_w = 192, .box_w = 12, .box_h = 16, .ofs_x = 0, .ofs_y = 0},
    {.bitmap_index = 4302, .adv_w = 192, .box_w = 12, .box_h = 16, .ofs_x = 0, .ofs_y = 0},
    {.bitmap_index = 4398, .adv_w = 192, .box_w = 11, .box_h = 16, .ofs_x = 0, .ofs_y = 0},
    {.bitmap_index = 4486, .adv_w = 192, .box_w = 7, .box_h = 22, .ofs_x = 4, .ofs_y = -3},
    {.bitmap_index = 4563, .adv_w = 192, .box_w = 10, .box_h = 19, .ofs_x = 1, .ofs_y = -2},
    {.bitmap_index = 4658, .adv_w = 192, .box_w = 7, .box_h = 22, .ofs_x = 1, .ofs_y = -3},
    {.bitmap_index = 4735, .adv_w = 192, .box_w = 10, .box_h = 4, .ofs_x = 1, .ofs_y = 15},
    {.bitmap_index = 4755, .adv_w = 192, .box_w = 12, .box_h = 2, .ofs_x = 0, .ofs_y = -4},
    {.bitmap_index = 4767, .adv_w = 192, .box_w = 6, .box_h = 5, .ofs_x = 3, .ofs_y = 15},
    {.bitmap_index = 4782, .adv_w = 192, .box_w = 10, .box_h = 11, .ofs_x = 1, .ofs_y = 0},
    {.bitmap_index = 4837, .adv_w = 192, .box_w = 10, .box_h = 16, .ofs_x = 1, .ofs_y = 0},
    {.bitmap_index = 4917, .adv_w = 192, .box_w = 11, .box_h = 11, .ofs_x = 0, .ofs_y = 0},
    {.bitmap_index = 4978, .adv_w = 192, .box_w = 11, .box_h = 16, .ofs_x = 0, .ofs_y = 0},
    {.bitmap_index = 5066, .adv_w = 192, .box_w = 11, .box_h = 11, .ofs_x = 0, .ofs_y = 0},
    {.bitmap_index = 5127, .adv_w = 192, .box_w = 10, .box_h = 16, .ofs_x = 1, .ofs_y = 0},
    {.bitmap_index = 5207, .adv_w = 192, .box_w = 12, .box_h = 15, .ofs_x = 0, .ofs_y = -3},
    {.bitmap_index = 5297, .adv_w = 192, .box_w = 10, .box_h = 16, .ofs_x = 1, .ofs_y = 0},
    {.bitmap_index = 5377, .adv_w = 192, .box_w = 3, .box_h = 16, .ofs_x = 4, .ofs_y = 0},
    {.bitmap_index = 5401, .adv_w = 192, .box_w = 7, .box_h = 19, .ofs_x = 2, .ofs_y = -3},
    {.bitmap_index = 5468, .adv_w = 192, .box_w = 10, .box_h = 16, .ofs_x = 1, .ofs_y = 0},
    {.bitmap_index = 5548, .adv_w = 192, .box_w = 3, .box_h = 16, .ofs_x = 4, .ofs_y = 0},
    {.bitmap_index = 5572, .adv_w = 192, .box_w = 12, .box_h = 11, .ofs_x = 0, .ofs_y = 0},
    {.bitmap_index = 5638, .adv_w = 192, .box_w = 10, .box_h = 11, .ofs_x = 1, .ofs_y = 0},
    {.bitmap_index = 5693, .adv_w = 192, .box_w = 11, .box_h = 11, .ofs_x = 0, .ofs_y = 0},
    {.bitmap_index = 5754, .adv_w = 192, .box_w = 10, .box_h = 14, .ofs_x = 1, .ofs_y = -3},
    {.bitmap_index = 5824, .adv_w = 192, .box_w = 11, .box_h = 14, .ofs_x = 0, .ofs_y = -3},
    {.bitmap_index = 5901, .adv_w = 192, .box_w = 8, .box_h = 11, .ofs_x = 2, .ofs_y = 0},
    {.bitmap_index = 5945, .adv_w = 192, .box_w = 10, .box_h = 11, .ofs_x = 1, .ofs_y = 0},
    {.bitmap_index = 6000, .adv_w = 192, .box_w = 11, .box_h = 14, .ofs_x = 0, .ofs_y = 0},
    {.bitmap_index = 6077, .adv_w = 192, .box_w = 10, .box_h = 11, .ofs_x = 1, .ofs_y = 0},
    {.bitmap_index = 6132, .adv_w = 192, .box_w = 11, .box_h = 11, .ofs_x = 0, .ofs_y = 0},
    {.bitmap_index = 6193, .adv_w = 192, .box_w = 12, .box_h = 11, .ofs_x = 0, .ofs_y = 0},
    {.bitmap_index = 6259, .adv_w = 192, .box_w = 11, .box_h = 11, .ofs_x = 0, .ofs_y = 0},
    {.bitmap_index = 6320, .adv_w = 192, .box_w = 11, .box_h = 14, .ofs_x = 0, .ofs_y = -3},
    {.bitmap_index = 6397, .adv_w = 192, .box_w = 10, .box_h = 11, .ofs_x = 1, .ofs_y = 0},
    {.bitmap_index = 6452, .adv_w = 192, .box_w = 6, .box_h = 22, .ofs_x = 5, .ofs_y = -3},
    {.bitmap_index = 6518, .adv_w = 192, .box_w = 3, .box_h = 24, .ofs_x = 4, .ofs_y = -3},
    {.bitmap_index = 6554, .adv_w = 192, .box_w = 6, .box_h = 22, .ofs_x = 1, .ofs_y = -3},
    {.bitmap_index = 6620, .adv_w = 192, .box_w = 10, .box_h = 4, .ofs_x = 1, .ofs_y = 16},
    {.bitmap_index = 6640, .adv_w = 384, .box_w = 4, .box_h = 4, .ofs_x = 10, .ofs_y = 7},
    {.bitmap_index = 6648, .adv_w = 384, .box_w = 20, .box_h = 15, .ofs_x = 1, .ofs_y = 1},
    {.bitmap_index = 6798, .adv_w = 384, .box_w = 6, .box_h = 9, .ofs_x = 3, .ofs_y = -2},
    {.bitmap_index = 6825, .adv_w = 384, .box_w = 9, .box_h = 22, .ofs_x = 11, .ofs_y = -1},
    {.bitmap_index = 6924, .adv_w = 384, .box_w = 8, .box_h = 21, .ofs_x = 4, .ofs_y = -2},
    {.bitmap_index = 7008, .adv_w = 384, .box_w = 22, .box_h = 4, .ofs_x = 1, .ofs_y = 7},
    {.bitmap_index = 7052, .adv_w = 384, .box_w = 23, .box_h = 21, .ofs_x = 0, .ofs_y = -2},
    {.bitmap_index = 7294, .adv_w = 384, .box_w = 22, .box_h = 19, .ofs_x = 1, .ofs_y = -1},
    {.bitmap_index = 7503, .adv_w = 384, .box_w = 22, .box_h = 21, .ofs_x = 1, .ofs_y = -2},
    {.bitmap_index = 7734, .adv_w = 384, .box_w = 22, .box_h = 20, .ofs_x = 1, .ofs_y = -2},
    {.bitmap_index = 7954, .adv_w = 384, .box_w = 20, .box_h = 22, .ofs_x = 2, .ofs_y = -2},
    {.bitmap_index = 8174, .adv_w = 384, .box_w = 21, .box_h = 22, .ofs_x = 1, .ofs_y = -2},
    {.bitmap_index = 8405, .adv_w = 384, .box_w = 22, .box_h = 22, .ofs_x = 1, .ofs_y = -2},
    {.bitmap_index = 8647, .adv_w = 384, .box_w = 22, .box_h = 22, .ofs_x = 1, .ofs_y = -2},
    {.bitmap_index = 8889, .adv_w = 384, .box_w = 22, .box_h = 23, .ofs_x = 1, .ofs_y = -3},
    {.bitmap_index = 9142, .adv_w = 384, .box_w = 22, .box_h = 16, .ofs_x = 1, .ofs_y = 0},
    {.bitmap_index = 9318, .adv_w = 384, .box_w = 22, .box_h = 21, .ofs_x = 1, .ofs_y = -2},
    {.bitmap_index = 9549, .adv_w = 384, .box_w = 22, .box_h = 20, .ofs_x = 1, .ofs_y = -2},
    {.bitmap_index = 9769, .adv_w = 384, .box_w = 22, .box_h = 19, .ofs_x = 1, .ofs_y = -1},
    {.bitmap_index = 9978, .adv_w = 384, .box_w = 22, .box_h = 23, .ofs_x = 1, .ofs_y = -3},
    {.bitmap_index = 10231, .adv_w = 384, .box_w = 23, .box_h = 22, .ofs_x = 0, .ofs_y = -2},
    {.bitmap_index = 10484, .adv_w = 384, .box_w = 22, .box_h = 23, .ofs_x = 1, .ofs_y = -3},
    {.bitmap_index = 10737, .adv_w = 384, .box_w = 23, .box_h = 23, .ofs_x = 0, .ofs_y = -3},
    {.bitmap_index = 11002, .adv_w = 384, .box_w = 22, .box_h = 22, .ofs_x = 1, .ofs_y = -2},
    {.bitmap_index = 11244, .adv_w = 384, .box_w = 23, .box_h = 22, .ofs_x = 0, .ofs_y = -2},
    {.bitmap_index = 11497, .adv_w = 384, .box_w = 24, .box_h = 22, .ofs_x = 0, .ofs_y = -2},
    {.bitmap_index = 11761, .adv_w = 384, .box_w = 23, .box_h = 23, .ofs_x = 0, .ofs_y = -3},
    {.bitmap_index = 12026, .adv_w = 384, .box_w = 23, .box_h = 23, .ofs_x = 1, .ofs_y = -3},
    {.bitmap_index = 12291, .adv_w = 384, .box_w = 23, .box_h = 22, .ofs_x = 0, .ofs_y = -2},
    {.bitmap_index = 12544, .adv_w = 384, .box_w = 24, .box_h = 22, .ofs_x = 0, .ofs_y = -2},
    {.bitmap_index = 12808, .adv_w = 384, .box_w = 24, .box_h = 23, .ofs_x = 0, .ofs_y = -3},
    {.bitmap_index = 13084, .adv_w = 384, .box_w = 24, .box_h = 23, .ofs_x = 0, .ofs_y = -3},
    {.bitmap_index = 13360, .adv_w = 384, .box_w = 24, .box_h = 21, .ofs_x = 0, .ofs_y = -2},
    {.bitmap_index = 13612, .adv_w = 384, .box_w = 22, .box_h = 22, .ofs_x = 1, .ofs_y = -3},
    {.bitmap_index = 13854, .adv_w = 384, .box_w = 22, .box_h = 23, .ofs_x = 1, .ofs_y = -3},
    {.bitmap_index = 14107, .adv_w = 384, .box_w = 22, .box_h = 23, .ofs_x = 1, .ofs_y = -3},
    {.bitmap_index = 14360, .adv_w = 384, .box_w = 23, .box_h = 22, .ofs_x = 0, .ofs_y = -2},
    {.bitmap_index = 14613, .adv_w = 384, .box_w = 22, .box_h = 23, .ofs_x = 1, .ofs_y = -3},
    {.bitmap_index = 14866, .adv_w = 384, .box_w = 22, .box_h = 22, .ofs_x = 1, .ofs_y = -2},
    {.bitmap_index = 15108, .adv_w = 384, .box_w = 22, .box_h = 23, .ofs_x = 1, .ofs_y = -3},
    {.bitmap_index = 15361, .adv_w = 384, .box_w = 22, .box_h = 23, .ofs_x = 1, .ofs_y = -3},
    {.bitmap_index = 15614, .adv_w = 384, .box_w = 21, .box_h = 23, .ofs_x = 2, .ofs_y = -3},
    {.bitmap_index = 15856, .adv_w = 384, .box_w = 23, .box_h = 22, .ofs_x = 0, .ofs_y = -3},
    {.bitmap_index = 16109, .adv_w = 384, .box_w = 22, .box_h = 21, .ofs_x = 1, .ofs_y = -2},
    {.bitmap_index = 16340, .adv_w = 384, .box_w = 20, .box_h = 22, .ofs_x = 2, .ofs_y = -2},
    {.bitmap_index = 16560, .adv_w = 384, .box_w = 24, .box_h = 21, .ofs_x = 0, .ofs_y = -2},
    {.bitmap_index = 16812, .adv_w = 384, .box_w = 23, .box_h = 23, .ofs_x = 1, .ofs_y = -3},
    {.bitmap_index = 17077, .adv_w = 384, .box_w = 22, .box_h = 22, .ofs_x = 1, .ofs_y = -3},
    {.bitmap_index = 17319, .adv_w = 384, .box_w = 22, .box_h = 22, .ofs_x = 1, .ofs_y = -2},
    {.bitmap_index = 17561, .adv_w = 384, .box_w = 23, .box_h = 23, .ofs_x = 0, .ofs_y = -3},
    {.bitmap_index = 17826, .adv_w = 384, .box_w = 22, .box_h = 23, .ofs_x = 1, .ofs_y = -3},
    {.bitmap_index = 18079, .adv_w = 384, .box_w = 24, .box_h = 22, .ofs_x = 0, .ofs_y = -2},
    {.bitmap_index = 18343, .adv_w = 384, .box_w = 23, .box_h = 23, .ofs_x = 0, .ofs_y = -3},
    {.bitmap_index = 18608, .adv_w = 384, .box_w = 23, .box_h = 23, .ofs_x = 1, .ofs_y = -3},
    {.bitmap_index = 18873, .adv_w = 384, .box_w = 22, .box_h = 23, .ofs_x = 1, .ofs_y = -3},
    {.bitmap_index = 19126, .adv_w = 384, .box_w = 22, .box_h = 23, .ofs_x = 0, .ofs_y = -3},
    {.bitmap_index = 19379, .adv_w = 384, .box_w = 23, .box_h = 23, .ofs_x = 1, .ofs_y = -3},
    {.bitmap_index = 19644, .adv_w = 384, .box_w = 22, .box_h = 23, .ofs_x = 1, .ofs_y = -3},
    {.bitmap_index = 19897, .adv_w = 384, .box_w = 21, .box_h = 23, .ofs_x = 1, .ofs_y = -3},
    {.bitmap_index = 20139, .adv_w = 384, .box_w = 22, .box_h = 22, .ofs_x = 1, .ofs_y = -2},
    {.bitmap_index = 20381, .adv_w = 384, .box_w = 22, .box_h = 22, .ofs_x = 1, .ofs_y = -2},
    {.bitmap_index = 20623, .adv_w = 384, .box_w = 21, .box_h = 21, .ofs_x = 1, .ofs_y = -2},
    {.bitmap_index = 20844, .adv_w = 384, .box_w = 21, .box_h = 22, .ofs_x = 1, .ofs_y = -3},
    {.bitmap_index = 21075, .adv_w = 384, .box_w = 22, .box_h = 23, .ofs_x = 1, .ofs_y = -3},
    {.bitmap_index = 21328, .adv_w = 384, .box_w = 23, .box_h = 21, .ofs_x = 1, .ofs_y = -2},
    {.bitmap_index = 21570, .adv_w = 384, .box_w = 22, .box_h = 21, .ofs_x = 1, .ofs_y = -3},
    {.bitmap_index = 21801, .adv_w = 384, .box_w = 21, .box_h = 22, .ofs_x = 1, .ofs_y = -3},
    {.bitmap_index = 22032, .adv_w = 384, .box_w = 20, .box_h = 23, .ofs_x = 1, .ofs_y = -3},
    {.bitmap_index = 22262, .adv_w = 384, .box_w = 23, .box_h = 23, .ofs_x = 0, .ofs_y = -3},
    {.bitmap_index = 22527, .adv_w = 384, .box_w = 22, .box_h = 21, .ofs_x = 1, .ofs_y = -2},
    {.bitmap_index = 22758, .adv_w = 384, .box_w = 23, .box_h = 23, .ofs_x = 1, .ofs_y = -3},
    {.bitmap_index = 23023, .adv_w = 384, .box_w = 20, .box_h = 21, .ofs_x = 2, .ofs_y = -3},
    {.bitmap_index = 23233, .adv_w = 384, .box_w = 20, .box_h = 21, .ofs_x = 2, .ofs_y = -2},
    {.bitmap_index = 23443, .adv_w = 384, .box_w = 20, .box_h = 22, .ofs_x = 2, .ofs_y = -3},
    {.bitmap_index = 23663, .adv_w = 384, .box_w = 23, .box_h = 22, .ofs_x = 0, .ofs_y = -2},
    {.bitmap_index = 23916, .adv_w = 384, .box_w = 22, .box_h = 22, .ofs_x = 1, .ofs_y = -2},
    {.bitmap_index = 24158, .adv_w = 384, .box_w = 23, .box_h = 22, .ofs_x = 0, .ofs_y = -2},
    {.bitmap_index = 24411, .adv_w = 384, .box_w = 23, .box_h = 22, .ofs_x = 0, .ofs_y = -2},
    {.bitmap_index = 24664, .adv_w = 384, .box_w = 23, .box_h = 23, .ofs_x = 1, .ofs_y = -3},
    {.bitmap_index = 24929, .adv_w = 384, .box_w = 21, .box_h = 23, .ofs_x = 2, .ofs_y = -3},
    {.bitmap_index = 25171, .adv_w = 384, .box_w = 23, .box_h = 23, .ofs_x = 0, .ofs_y = -3},
    {.bitmap_index = 25436, .adv_w = 384, .box_w = 24, .box_h = 21, .ofs_x = 0, .ofs_y = -2},
    {.bitmap_index = 25688, .adv_w = 384, .box_w = 22, .box_h = 23, .ofs_x = 1, .ofs_y = -3},
    {.bitmap_index = 25941, .adv_w = 384, .box_w = 22, .box_h = 23, .ofs_x = 1, .ofs_y = -3},
    {.bitmap_index = 26194, .adv_w = 384, .box_w = 22, .box_h = 23, .ofs_x = 0, .ofs_y = -3},
    {.bitmap_index = 26447, .adv_w = 384, .box_w = 22, .box_h = 23, .ofs_x = 0, .ofs_y = -3},
    {.bitmap_index = 26700, .adv_w = 384, .box_w = 22, .box_h = 23, .ofs_x = 1, .ofs_y = -3},
    {.bitmap_index = 26953, .adv_w = 384, .box_w = 22, .box_h = 22, .ofs_x = 1, .ofs_y = -2},
    {.bitmap_index = 27195, .adv_w = 384, .box_w = 22, .box_h = 23, .ofs_x = 1, .ofs_y = -3},
    {.bitmap_index = 27448, .adv_w = 384, .box_w = 22, .box_h = 23, .ofs_x = 1, .ofs_y = -3},
    {.bitmap_index = 27701, .adv_w = 384, .box_w = 24, .box_h = 23, .ofs_x = 0, .ofs_y = -3},
    {.bitmap_index = 27977, .adv_w = 384, .box_w = 22, .box_h = 23, .ofs_x = 1, .ofs_y = -3},
    {.bitmap_index = 28230, .adv_w = 384, .box_w = 22, .box_h = 23, .ofs_x = 1, .ofs_y = -3},
    {.bitmap_index = 28483, .adv_w = 384, .box_w = 23, .box_h = 22, .ofs_x = 1, .ofs_y = -2},
    {.bitmap_index = 28736, .adv_w = 384, .box_w = 23, .box_h = 22, .ofs_x = 0, .ofs_y = -2},
    {.bitmap_index = 28989, .adv_w = 384, .box_w = 23, .box_h = 24, .ofs_x = 0, .ofs_y = -3},
    {.bitmap_index = 29265, .adv_w = 384, .box_w = 22, .box_h = 23, .ofs_x = 1, .ofs_y = -3},
    {.bitmap_index = 29518, .adv_w = 384, .box_w = 20, .box_h = 22, .ofs_x = 2, .ofs_y = -3},
    {.bitmap_index = 29738, .adv_w = 384, .box_w = 22, .box_h = 19, .ofs_x = 1, .ofs_y = -1},
    {.bitmap_index = 29947, .adv_w = 384, .box_w = 23, .box_h = 22, .ofs_x = 0, .ofs_y = -2},
    {.bitmap_index = 30200, .adv_w = 384, .box_w = 21, .box_h = 20, .ofs_x = 2, .ofs_y = -2},
    {.bitmap_index = 30410, .adv_w = 384, .box_w = 22, .box_h = 23, .ofs_x = 1, .ofs_y = -3},
    {.bitmap_index = 30663, .adv_w = 384, .box_w = 22, .box_h = 22, .ofs_x = 1, .ofs_y = -2},
    {.bitmap_index = 30905, .adv_w = 384, .box_w = 23, .box_h = 22, .ofs_x = 0, .ofs_y = -2},
    {.bitmap_index = 31158, .adv_w = 384, .box_w = 22, .box_h = 23, .ofs_x = 1, .ofs_y = -3},
    {.bitmap_index = 31411, .adv_w = 384, .box_w = 24, .box_h = 23, .ofs_x = 0, .ofs_y = -3},
    {.bitmap_index = 31687, .adv_w = 384, .box_w = 23, .box_h = 23, .ofs_x = 0, .ofs_y = -3},
    {.bitmap_index = 31952, .adv_w = 384, .box_w = 23, .box_h = 23, .ofs_x = 1, .ofs_y = -3},
    {.bitmap_index = 32217, .adv_w = 384, .box_w = 22, .box_h = 21, .ofs_x = 1, .ofs_y = -2},
    {.bitmap_index = 32448, .adv_w = 384, .box_w = 20, .box_h = 22, .ofs_x = 2, .ofs_y = -2},
    {.bitmap_index = 32668, .adv_w = 384, .box_w = 22, .box_h = 22, .ofs_x = 1, .ofs_y = -2},
    {.bitmap_index = 32910, .adv_w = 384, .box_w = 22, .box_h = 22, .ofs_x = 1, .ofs_y = -2},
    {.bitmap_index = 33152, .adv_w = 384, .box_w = 23, .box_h = 23, .ofs_x = 1, .ofs_y = -3},
    {.bitmap_index = 33417, .adv_w = 384, .box_w = 22, .box_h = 22, .ofs_x = 1, .ofs_y = -2},
    {.bitmap_index = 33659, .adv_w = 384, .box_w = 23, .box_h = 23, .ofs_x = 0, .ofs_y = -3},
    {.bitmap_index = 33924, .adv_w = 384, .box_w = 22, .box_h = 22, .ofs_x = 1, .ofs_y = -2},
    {.bitmap_index = 34166, .adv_w = 384, .box_w = 24, .box_h = 22, .ofs_x = 0, .ofs_y = -2},
    {.bitmap_index = 34430, .adv_w = 384, .box_w = 24, .box_h = 23, .ofs_x = 0, .ofs_y = -3},
    {.bitmap_index = 34706, .adv_w = 384, .box_w = 24, .box_h = 23, .ofs_x = 0, .ofs_y = -3},
    {.bitmap_index = 34982, .adv_w = 384, .box_w = 23, .box_h = 23, .ofs_x = 0, .ofs_y = -3},
    {.bitmap_index = 35247, .adv_w = 384, .box_w = 23, .box_h = 23, .ofs_x = 0, .ofs_y = -3},
    {.bitmap_index = 35512, .adv_w = 384, .box_w = 24, .box_h = 22, .ofs_x = 0, .ofs_y = -2},
    {.bitmap_index = 35776, .adv_w = 384, .box_w = 23, .box_h = 22, .ofs_x = 0, .ofs_y = -2},
    {.bitmap_index = 36029, .adv_w = 384, .box_w = 23, .box_h = 21, .ofs_x = 0, .ofs_y = -2},
    {.bitmap_index = 36271, .adv_w = 384, .box_w = 23, .box_h = 23, .ofs_x = 0, .ofs_y = -3},
    {.bitmap_index = 36536, .adv_w = 384, .box_w = 24, .box_h = 23, .ofs_x = 0, .ofs_y = -3},
    {.bitmap_index = 36812, .adv_w = 384, .box_w = 24, .box_h = 23, .ofs_x = 0, .ofs_y = -3},
    {.bitmap_index = 37088, .adv_w = 384, .box_w = 22, .box_h = 21, .ofs_x = 1, .ofs_y = -2},
    {.bitmap_index = 37319, .adv_w = 384, .box_w = 24, .box_h = 23, .ofs_x = 0, .ofs_y = -3},
    {.bitmap_index = 37595, .adv_w = 384, .box_w = 23, .box_h = 22, .ofs_x = 0, .ofs_y = -2},
    {.bitmap_index = 37848, .adv_w = 384, .box_w = 22, .box_h = 23, .ofs_x = 1, .ofs_y = -3},
    {.bitmap_index = 38101, .adv_w = 384, .box_w = 24, .box_h = 23, .ofs_x = 0, .ofs_y = -3},
    {.bitmap_index = 38377, .adv_w = 384, .box_w = 22, .box_h = 23, .ofs_x = 1, .ofs_y = -3},
    {.bitmap_index = 38630, .adv_w = 384, .box_w = 22, .box_h = 21, .ofs_x = 1, .ofs_y = -3},
    {.bitmap_index = 38861, .adv_w = 384, .box_w = 17, .box_h = 21, .ofs_x = 4, .ofs_y = -2},
    {.bitmap_index = 39040, .adv_w = 384, .box_w = 22, .box_h = 21, .ofs_x = 1, .ofs_y = -2},
    {.bitmap_index = 39271, .adv_w = 384, .box_w = 23, .box_h = 23, .ofs_x = 1, .ofs_y = -3},
    {.bitmap_index = 39536, .adv_w = 384, .box_w = 20, .box_h = 22, .ofs_x = 2, .ofs_y = -3},
    {.bitmap_index = 39756, .adv_w = 384, .box_w = 23, .box_h = 22, .ofs_x = 0, .ofs_y = -3},
    {.bitmap_index = 40009, .adv_w = 384, .box_w = 22, .box_h = 22, .ofs_x = 1, .ofs_y = -2},
    {.bitmap_index = 40251, .adv_w = 384, .box_w = 22, .box_h = 22, .ofs_x = 1, .ofs_y = -2},
    {.bitmap_index = 40493, .adv_w = 384, .box_w = 21, .box_h = 22, .ofs_x = 1, .ofs_y = -2},
    {.bitmap_index = 40724, .adv_w = 384, .box_w = 22, .box_h = 22, .ofs_x = 1, .ofs_y = -3},
    {.bitmap_index = 40966, .adv_w = 384, .box_w = 22, .box_h = 22, .ofs_x = 1, .ofs_y = -3},
    {.bitmap_index = 41208, .adv_w = 384, .box_w = 19, .box_h = 22, .ofs_x = 1, .ofs_y = -3},
    {.bitmap_index = 41417, .adv_w = 384, .box_w = 23, .box_h = 23, .ofs_x = 0, .ofs_y = -3},
    {.bitmap_index = 41682, .adv_w = 384, .box_w = 23, .box_h = 23, .ofs_x = 0, .ofs_y = -3},
    {.bitmap_index = 41947, .adv_w = 384, .box_w = 24, .box_h = 22, .ofs_x = 0, .ofs_y = -2},
    {.bitmap_index = 42211, .adv_w = 384, .box_w = 22, .box_h = 22, .ofs_x = 1, .ofs_y = -2},
    {.bitmap_index = 42453, .adv_w = 384, .box_w = 23, .box_h = 22, .ofs_x = 1, .ofs_y = -2},
    {.bitmap_index = 42706, .adv_w = 384, .box_w = 22, .box_h = 22, .ofs_x = 1, .ofs_y = -2},
    {.bitmap_index = 42948, .adv_w = 384, .box_w = 22, .box_h = 22, .ofs_x = 1, .ofs_y = -2},
    {.bitmap_index = 43190, .adv_w = 384, .box_w = 24, .box_h = 22, .ofs_x = 0, .ofs_y = -2},
    {.bitmap_index = 43454, .adv_w = 384, .box_w = 23, .box_h = 23, .ofs_x = 0, .ofs_y = -3},
    {.bitmap_index = 43719, .adv_w = 384, .box_w = 24, .box_h = 23, .ofs_x = 0, .ofs_y = -3},
    {.bitmap_index = 43995, .adv_w = 384, .box_w = 23, .box_h = 22, .ofs_x = 0, .ofs_y = -2},
    {.bitmap_index = 44248, .adv_w = 384, .box_w = 24, .box_h = 22, .ofs_x = 0, .ofs_y = -2},
    {.bitmap_index = 44512, .adv_w = 384, .box_w = 24, .box_h = 22, .ofs_x = 0, .ofs_y = -2},
    {.bitmap_index = 44776, .adv_w = 384, .box_w = 22, .box_h = 20, .ofs_x = 1, .ofs_y = -1},
    {.bitmap_index = 44996, .adv_w = 384, .box_w = 21, .box_h = 20, .ofs_x = 1, .ofs_y = -2},
    {.bitmap_index = 45206, .adv_w = 384, .box_w = 22, .box_h = 23, .ofs_x = 1, .ofs_y = -3},
    {.bitmap_index = 45459, .adv_w = 384, .box_w = 22, .box_h = 23, .ofs_x = 1, .ofs_y = -3},
    {.bitmap_index = 45712, .adv_w = 384, .box_w = 24, .box_h = 22, .ofs_x = 0, .ofs_y = -2},
    {.bitmap_index = 45976, .adv_w = 384, .box_w = 23, .box_h = 23, .ofs_x = 1, .ofs_y = -3},
    {.bitmap_index = 46241, .adv_w = 384, .box_w = 23, .box_h = 23, .ofs_x = 1, .ofs_y = -3},
    {.bitmap_index = 46506, .adv_w = 384, .box_w = 22, .box_h = 23, .ofs_x = 1, .ofs_y = -3},
    {.bitmap_index = 46759, .adv_w = 384, .box_w = 22, .box_h = 23, .ofs_x = 1, .ofs_y = -3},
    {.bitmap_index = 47012, .adv_w = 384, .box_w = 24, .box_h = 23, .ofs_x = 0, .ofs_y = -3},
    {.bitmap_index = 47288, .adv_w = 384, .box_w = 24, .box_h = 23, .ofs_x = 0, .ofs_y = -3},
    {.bitmap_index = 47564, .adv_w = 384, .box_w = 22, .box_h = 23, .ofs_x = 1, .ofs_y = -3},
    {.bitmap_index = 47817, .adv_w = 384, .box_w = 23, .box_h = 23, .ofs_x = 0, .ofs_y = -3},
    {.bitmap_index = 48082, .adv_w = 384, .box_w = 24, .box_h = 22, .ofs_x = 0, .ofs_y = -2},
    {.bitmap_index = 48346, .adv_w = 384, .box_w = 22, .box_h = 23, .ofs_x = 1, .ofs_y = -3},
    {.bitmap_index = 48599, .adv_w = 384, .box_w = 23, .box_h = 23, .ofs_x = 0, .ofs_y = -3},
    {.bitmap_index = 48864, .adv_w = 384, .box_w = 23, .box_h = 22, .ofs_x = 0, .ofs_y = -2},
    {.bitmap_index = 49117, .adv_w = 384, .box_w = 23, .box_h = 22, .ofs_x = 0, .ofs_y = -3},
    {.bitmap_index = 49370, .adv_w = 384, .box_w = 24, .box_h = 22, .ofs_x = 0, .ofs_y = -3},
    {.bitmap_index = 49634, .adv_w = 384, .box_w = 23, .box_h = 22, .ofs_x = 0, .ofs_y = -2},
    {.bitmap_index = 49887, .adv_w = 384, .box_w = 20, .box_h = 22, .ofs_x = 1, .ofs_y = -3},
    {.bitmap_index = 50107, .adv_w = 384, .box_w = 20, .box_h = 23, .ofs_x = 2, .ofs_y = -3},
    {.bitmap_index = 50337, .adv_w = 384, .box_w = 22, .box_h = 22, .ofs_x = 1, .ofs_y = -2},
    {.bitmap_index = 50579, .adv_w = 384, .box_w = 23, .box_h = 22, .ofs_x = 0, .ofs_y = -2},
    {.bitmap_index = 50832, .adv_w = 384, .box_w = 22, .box_h = 23, .ofs_x = 1, .ofs_y = -3},
    {.bitmap_index = 51085, .adv_w = 384, .box_w = 23, .box_h = 22, .ofs_x = 0, .ofs_y = -3},
    {.bitmap_index = 51338, .adv_w = 384, .box_w = 23, .box_h = 23, .ofs_x = 0, .ofs_y = -3},
    {.bitmap_index = 51603, .adv_w = 384, .box_w = 24, .box_h = 23, .ofs_x = 0, .ofs_y = -3},
    {.bitmap_index = 51879, .adv_w = 384, .box_w = 24, .box_h = 23, .ofs_x = 0, .ofs_y = -3},
    {.bitmap_index = 52155, .adv_w = 384, .box_w = 24, .box_h = 23, .ofs_x = 0, .ofs_y = -3},
    {.bitmap_index = 52431, .adv_w = 384, .box_w = 23, .box_h = 22, .ofs_x = 0, .ofs_y = -2},
    {.bitmap_index = 52684, .adv_w = 384, .box_w = 24, .box_h = 23, .ofs_x = 0, .ofs_y = -3},
    {.bitmap_index = 52960, .adv_w = 384, .box_w = 22, .box_h = 22, .ofs_x = 1, .ofs_y = -2},
    {.bitmap_index = 53202, .adv_w = 384, .box_w = 23, .box_h = 23, .ofs_x = 0, .ofs_y = -3},
    {.bitmap_index = 53467, .adv_w = 384, .box_w = 24, .box_h = 24, .ofs_x = 0, .ofs_y = -3},
    {.bitmap_index = 53755, .adv_w = 384, .box_w = 22, .box_h = 23, .ofs_x = 1, .ofs_y = -3},
    {.bitmap_index = 54008, .adv_w = 384, .box_w = 23, .box_h = 22, .ofs_x = 0, .ofs_y = -2},
    {.bitmap_index = 54261, .adv_w = 384, .box_w = 23, .box_h = 22, .ofs_x = 1, .ofs_y = -2},
    {.bitmap_index = 54514, .adv_w = 384, .box_w = 23, .box_h = 23, .ofs_x = 0, .ofs_y = -3},
    {.bitmap_index = 54779, .adv_w = 384, .box_w = 24, .box_h = 23, .ofs_x = 0, .ofs_y = -3},
    {.bitmap_index = 55055, .adv_w = 384, .box_w = 24, .box_h = 23, .ofs_x = 0, .ofs_y = -3},
    {.bitmap_index = 55331, .adv_w = 384, .box_w = 20, .box_h = 21, .ofs_x = 2, .ofs_y = -2},
    {.bitmap_index = 55541, .adv_w = 384, .box_w = 22, .box_h = 21, .ofs_x = 1, .ofs_y = -2},
    {.bitmap_index = 55772, .adv_w = 384, .box_w = 18, .box_h = 22, .ofs_x = 3, .ofs_y = -2},
    {.bitmap_index = 55970, .adv_w = 384, .box_w = 22, .box_h = 22, .ofs_x = 1, .ofs_y = -2},
    {.bitmap_index = 56212, .adv_w = 384, .box_w = 22, .box_h = 22, .ofs_x = 1, .ofs_y = -2},
    {.bitmap_index = 56454, .adv_w = 384, .box_w = 24, .box_h = 22, .ofs_x = 0, .ofs_y = -2},
    {.bitmap_index = 56718, .adv_w = 384, .box_w = 24, .box_h = 23, .ofs_x = 0, .ofs_y = -3},
    {.bitmap_index = 56994, .adv_w = 384, .box_w = 24, .box_h = 22, .ofs_x = 0, .ofs_y = -2},
    {.bitmap_index = 57258, .adv_w = 384, .box_w = 24, .box_h = 22, .ofs_x = 0, .ofs_y = -3},
    {.bitmap_index = 57522, .adv_w = 384, .box_w = 23, .box_h = 23, .ofs_x = 1, .ofs_y = -3},
    {.bitmap_index = 57787, .adv_w = 384, .box_w = 23, .box_h = 23, .ofs_x = 0, .ofs_y = -3},
    {.bitmap_index = 58052, .adv_w = 384, .box_w = 23, .box_h = 21, .ofs_x = 1, .ofs_y = -2},
    {.bitmap_index = 58294, .adv_w = 384, .box_w = 22, .box_h = 23, .ofs_x = 1, .ofs_y = -3},
    {.bitmap_index = 58547, .adv_w = 384, .box_w = 23, .box_h = 23, .ofs_x = 1, .ofs_y = -3},
    {.bitmap_index = 58812, .adv_w = 384, .box_w = 23, .box_h = 22, .ofs_x = 0, .ofs_y = -2},
    {.bitmap_index = 59065, .adv_w = 384, .box_w = 22, .box_h = 23, .ofs_x = 1, .ofs_y = -3},
    {.bitmap_index = 59318, .adv_w = 384, .box_w = 24, .box_h = 23, .ofs_x = 0, .ofs_y = -3},
    {.bitmap_index = 59594, .adv_w = 384, .box_w = 24, .box_h = 23, .ofs_x = 0, .ofs_y = -3},
    {.bitmap_index = 59870, .adv_w = 384, .box_w = 23, .box_h = 22, .ofs_x = 0, .ofs_y = -3},
    {.bitmap_index = 60123, .adv_w = 384, .box_w = 23, .box_h = 23, .ofs_x = 1, .ofs_y = -3},
    {.bitmap_index = 60388, .adv_w = 384, .box_w = 23, .box_h = 22, .ofs_x = 1, .ofs_y = -3},
    {.bitmap_index = 60641, .adv_w = 384, .box_w = 23, .box_h = 22, .ofs_x = 1, .ofs_y = -2},
    {.bitmap_index = 60894, .adv_w = 384, .box_w = 23, .box_h = 23, .ofs_x = 1, .ofs_y = -3},
    {.bitmap_index = 61159, .adv_w = 384, .box_w = 24, .box_h = 23, .ofs_x = 0, .ofs_y = -3},
    {.bitmap_index = 61435, .adv_w = 384, .box_w = 22, .box_h = 22, .ofs_x = 1, .ofs_y = -2},
    {.bitmap_index = 61677, .adv_w = 384, .box_w = 23, .box_h = 22, .ofs_x = 0, .ofs_y = -2},
    {.bitmap_index = 61930, .adv_w = 384, .box_w = 24, .box_h = 23, .ofs_x = 0, .ofs_y = -3},
    {.bitmap_index = 62206, .adv_w = 384, .box_w = 20, .box_h = 23, .ofs_x = 2, .ofs_y = -3},
    {.bitmap_index = 62436, .adv_w = 384, .box_w = 20, .box_h = 23, .ofs_x = 2, .ofs_y = -3},
    {.bitmap_index = 62666, .adv_w = 384, .box_w = 22, .box_h = 22, .ofs_x = 1, .ofs_y = -2},
    {.bitmap_index = 62908, .adv_w = 384, .box_w = 22, .box_h = 22, .ofs_x = 2, .ofs_y = -2},
    {.bitmap_index = 63150, .adv_w = 384, .box_w = 23, .box_h = 22, .ofs_x = 1, .ofs_y = -2},
    {.bitmap_index = 63403, .adv_w = 384, .box_w = 22, .box_h = 23, .ofs_x = 2, .ofs_y = -3},
    {.bitmap_index = 63656, .adv_w = 384, .box_w = 23, .box_h = 23, .ofs_x = 1, .ofs_y = -3},
    {.bitmap_index = 63921, .adv_w = 384, .box_w = 22, .box_h = 21, .ofs_x = 1, .ofs_y = -2},
    {.bitmap_index = 64152, .adv_w = 384, .box_w = 22, .box_h = 21, .ofs_x = 1, .ofs_y = -2},
    {.bitmap_index = 64383, .adv_w = 384, .box_w = 22, .box_h = 23, .ofs_x = 1, .ofs_y = -3},
    {.bitmap_index = 64636, .adv_w = 384, .box_w = 22, .box_h = 23, .ofs_x = 1, .ofs_y = -3},
    {.bitmap_index = 64889, .adv_w = 384, .box_w = 22, .box_h = 23, .ofs_x = 1, .ofs_y = -3},
    {.bitmap_index = 65142, .adv_w = 384, .box_w = 22, .box_h = 23, .ofs_x = 1, .ofs_y = -3},
    {.bitmap_index = 65395, .adv_w = 384, .box_w = 22, .box_h = 22, .ofs_x = 1, .ofs_y = -3},
    {.bitmap_index = 65637, .adv_w = 384, .box_w = 22, .box_h = 22, .ofs_x = 1, .ofs_y = -3},
    {.bitmap_index = 65879, .adv_w = 384, .box_w = 23, .box_h = 22, .ofs_x = 1, .ofs_y = -3},
    {.bitmap_index = 66132, .adv_w = 384, .box_w = 8, .box_h = 22, .ofs_x = 14, .ofs_y = -2},
    {.bitmap_index = 66220, .adv_w = 384, .box_w = 8, .box_h = 22, .ofs_x = 2, .ofs_y = -2},
    {.bitmap_index = 66308, .adv_w = 384, .box_w = 4, .box_h = 8, .ofs_x = 3, .ofs_y = -4},
    {.bitmap_index = 66324, .adv_w = 384, .box_w = 4, .box_h = 10, .ofs_x = 4, .ofs_y = 0}
};

/*---------------------
 *  CHARACTER MAPPING
 *--------------------*/

static const uint16_t unicode_list_1[] = {
    0x0, 0x20db, 0x2f4a, 0x2f55, 0x2f56, 0x4d49, 0x4d4c, 0x4d52,
    0x4d53, 0x4d54, 0x4d76, 0x4d83, 0x4d84, 0x4da8, 0x4dd4, 0x4dd5,
    0x4dd7, 0x4dda, 0x4ddd, 0x4e03, 0x4e0e, 0x4e13, 0x4e17, 0x4e1f,
    0x4e44, 0x4e5a, 0x4e63, 0x4ea2, 0x4ea5, 0x4f26, 0x4f62, 0x4f90,
    0x5088, 0x508c, 0x5091, 0x50a3, 0x50ae, 0x50b1, 0x50b6, 0x50bc,
    0x50bf, 0x50ce, 0x50d6, 0x50e4, 0x5143, 0x5144, 0x514f, 0x5150,
    0x5163, 0x5169, 0x5179, 0x5196, 0x51b2, 0x51e7, 0x51e8, 0x51e9,
    0x51ea, 0x51f1, 0x51fc, 0x5291, 0x529e, 0x52bc, 0x52cf, 0x531a,
    0x531f, 0x5338, 0x5355, 0x5356, 0x5357, 0x53d5, 0x5401, 0x5624,
    0x5627, 0x5646, 0x5671, 0x56d4, 0x57e7, 0x5850, 0x5856, 0x5863,
    0x5870, 0x5872, 0x587a, 0x58bc, 0x58cb, 0x58d0, 0x5aa0, 0x5aa1,
    0x5aca, 0x5ad5, 0x5ae3, 0x5ae7, 0x5afe, 0x5b02, 0x5b0f, 0x5b4f,
    0x5b58, 0x5b63, 0x5d2e, 0x5d37, 0x5d3b, 0x5d51, 0x5d81, 0x5dbd,
    0x5dbf, 0x5dcf, 0x5def, 0x5e43, 0x5e49, 0x5e9c, 0x5ece, 0x5f22,
    0x5f3e, 0x5f4a, 0x5fab, 0x5fb8, 0x600e, 0x6159, 0x6173, 0x619c,
    0x61b4, 0x6232, 0x6245, 0x624a, 0x62ab, 0x62ee, 0x6318, 0x6478,
    0x64a2, 0x64bd, 0x64d0, 0x64f9, 0x6502, 0x6529, 0x652e, 0x652f,
    0x653f, 0x6557, 0x6568, 0x656e, 0x65bd, 0x65cb, 0x663d, 0x6649,
    0x6651, 0x6652, 0x6668, 0x6673, 0x6675, 0x66a8, 0x66ae, 0x672e,
    0x6750, 0x675a, 0x676a, 0x678f, 0x6809, 0x6856, 0x6aab, 0x6aac,
    0x6aae, 0x6aaf, 0x6ad3, 0x6b5d, 0x6b92, 0x6bea, 0x6c31, 0x6cd1,
    0x6d44, 0x6d4e, 0x6dc8, 0x6e1a, 0x7002, 0x71c2, 0x71ff, 0x72f9,
    0x7336, 0x7468, 0x7471, 0x75cd, 0x763d, 0x7654, 0x772e, 0x774a,
    0x77b7, 0x77d5, 0x7914, 0x7939, 0x7954, 0x7956, 0x7a2e, 0x7a38,
    0x7a92, 0x7bc4, 0x7deb, 0x7df3, 0x7e1c, 0x7e25, 0x7e36, 0x7e9a,
    0x7eb7, 0x8133, 0x81bb, 0x81cb, 0x8426, 0x8518, 0x8795, 0x88ca,
    0x8aed, 0x8af7, 0x8af9, 0x8b07, 0x8b1e, 0x8b2f, 0x8b40, 0x8c6e,
    0x8edc, 0x8f1a, 0x8f1d, 0x8f21, 0x8f27, 0x8f52, 0x8f68, 0x9116,
    0x93e8, 0x9477, 0x9536, 0x953d, 0x957e, 0x958d, 0x9596, 0x95ad,
    0x95d9, 0x9631, 0x9633, 0x9640, 0x9647, 0x969b, 0x973c, 0x97be,
    0x97c2, 0x9817, 0xfe51, 0xfe52, 0xfe55, 0xfe63
};

/*Collect the unicode lists and glyph_id offsets*/
static const lv_font_fmt_txt_cmap_t cmaps[] =
{
    {
        .range_start = 32, .range_length = 95, .glyph_id_start = 1,
        .unicode_list = NULL, .glyph_id_ofs_list = NULL, .list_length = 0, .type = LV_FONT_FMT_TXT_CMAP_FORMAT0_TINY
    },
    {
        .range_start = 183, .range_length = 65124, .glyph_id_start = 96,
        .unicode_list = unicode_list_1, .glyph_id_ofs_list = NULL, .list_length = 246, .type = LV_FONT_FMT_TXT_CMAP_SPARSE_TINY
    }
};



/*--------------------
 *  ALL CUSTOM DATA
 *--------------------*/

#if LVGL_VERSION_MAJOR == 8
/*Store all the custom data of the font*/
static  lv_font_fmt_txt_glyph_cache_t cache;
#endif

#if LVGL_VERSION_MAJOR >= 8
static const lv_font_fmt_txt_dsc_t font_dsc = {
#else
static lv_font_fmt_txt_dsc_t font_dsc = {
#endif
    .glyph_bitmap = glyph_bitmap,
    .glyph_dsc = glyph_dsc,
    .cmaps = cmaps,
    .kern_dsc = NULL,
    .kern_scale = 0,
    .cmap_num = 2,
    .bpp = 4,
    .kern_classes = 0,
    .bitmap_format = 0,
#if LVGL_VERSION_MAJOR == 8
    .cache = &cache
#endif
};

extern const lv_font_t ui_font_cn_16;


/*-----------------
 *  PUBLIC FONT
 *----------------*/

/*Initialize a public general font descriptor*/
#if LVGL_VERSION_MAJOR >= 8
const lv_font_t ui_font_cn_24 = {
#else
lv_font_t ui_font_cn_24 = {
#endif
    .get_glyph_dsc = lv_font_get_glyph_dsc_fmt_txt,    /*Function pointer to get glyph's data*/
    .get_glyph_bitmap = lv_font_get_bitmap_fmt_txt,    /*Function pointer to get glyph's bitmap*/
    .line_height = 25,          /*The maximum line height required by the font*/
    .base_line = 4,             /*Baseline measured from the bottom of the line*/
#if !(LVGL_VERSION_MAJOR == 6 && LVGL_VERSION_MINOR == 0)
    .subpx = LV_FONT_SUBPX_NONE,
#endif
#if LV_VERSION_CHECK(7, 4, 0) || LVGL_VERSION_MAJOR >= 8
    .underline_position = -2,
    .underline_thickness = 1,
#endif
    .dsc = &font_dsc,          /*The custom font data. Will be accessed by `get_glyph_bitmap/dsc` */
#if LV_VERSION_CHECK(8, 2, 0) || LVGL_VERSION_MAJOR >= 9
    .fallback = &ui_font_cn_16,
#endif
    .user_data = NULL,
};



#endif /*#if UI_FONT_CN_24*/

